divipola,municipio,departamento,mmi_max,mmi_media,vs30_medio,pob_total,pob_cabecera,pob_rural,def_cualitativo,def_habitacional,menciones,menciones_nacional,menciones_regional,indice,rank,desliz_max,desliz_km2,licuef_max,licuef_km2,licuef_frac
66001,PEREIRA,RISARALDA,7.900000095367432,7.242363929748535,513.77587890625,487820.0,409683.0,78137.0,17.280351638793945,21.31519317626953,219,213,6,4885254.161141672,1,0.0425,0.0,0.3721,7.030700919042997,0.0115465360391882
76001,CALI,VALLE DEL CAUCA,6.699999809265137,5.874377250671387,580.4318237304688,2269983.0,2217353.0,52630.0,12.133184432983398,14.01809859275818,22,17,5,3051128.5139762973,2,0.0088,0.0,0.3025,25.56618516015635,0.045662100456621
17001,MANIZALES,CALDAS,8.0,6.9002251625061035,666.5375366210938,475690.0,449879.0,25811.0,12.506049156188965,16.29151725769043,96,88,8,3007464.06163149,3,0.0903,0.0,0.0739,0.0,0.0
63001,ARMENIA,QUINDIO,7.599999904632568,7.289166450500488,383.9783325195313,307103.0,298815.0,8288.0,9.811139106750488,13.626115798950195,4,4,0,2781150.425268257,4,0.0093,0.0,0.3143,3.408824688020847,0.0280210157618213
66170,DOSQUEBRADAS,RISARALDA,7.900000095367432,7.258904457092285,631.1452026367188,246388.0,234946.0,11442.0,11.071704864501951,13.066439270973206,19,18,1,2197772.5973594836,5,0.0087,0.0,0.2409,0.6391546290039088,0.0091743119266055
76147,CARTAGO,VALLE DEL CAUCA,8.0,7.459273815155029,405.6048278808594,144206.0,139614.0,4592.0,10.594124794006348,12.86166501045227,10,9,1,1590552.1913902634,6,0.0174,0.0,0.3949,54.328143465332246,0.2177625960717335
76109,BUENAVENTURA,VALLE DEL CAUCA,7.699999809265137,5.902594089508057,470.0626831054687,335217.0,262320.0,72897.0,28.883188247680664,56.06313514709473,49,48,1,828693.9835543714,7,0.0133,0.0,0.4367,785.9471421318066,0.125407941256459
76520,PALMIRA,VALLE DEL CAUCA,6.699999809265137,5.931343078613281,521.0703735351562,382703.0,296852.0,85851.0,24.469266891479492,26.369184374809265,12,10,2,707642.3402018541,8,0.0075,0.0,0.294,37.71012311123062,0.0375716408405858
27001,QUIBDÓ,CHOCÓ,7.800000190734863,6.194756507873535,464.4021606445313,143332.0,122692.0,20640.0,63.23115921020508,89.70182991027832,97,90,7,619614.1802714725,9,0.1184,0.1597886572509772,0.4392,358.35269532819154,0.1020940819423368
76130,CANDELARIA,VALLE DEL CAUCA,6.699999809265137,6.398293972015381,231.9129638671875,115933.0,29309.0,86624.0,69.04724884033203,73.7800612449646,0,0,0,470011.6376402742,10,0.0,0.0,0.3347,36.431813853222806,0.1234657039711191
17174,CHINCHINÁ,CALDAS,7.599999904632568,7.172641277313232,525.7962036132812,50452.0,44899.0,5553.0,15.891033172607422,20.040358543395996,0,0,0,425720.504606046,11,0.021,0.0,0.076,0.0,0.0
66682,SANTA ROSA DE CABAL,RISARALDA,7.5,6.695082187652588,721.5147705078125,84054.0,70752.0,13302.0,18.274133682250977,22.367361068725582,4,4,0,420010.6308482908,12,0.0952,0.0,0.044,0.0,0.0
63130,CALARCÁ,QUINDIO,7.5,6.650697708129883,654.3228149414062,74399.0,57323.0,17076.0,24.357587814331055,30.4033260345459,4,4,0,380859.4350696943,13,0.0505,0.0,0.1572,0.0,0.0
76834,TULUÁ,VALLE DEL CAUCA,6.900000095367432,5.993084907531738,699.46630859375,225868.0,187083.0,38785.0,17.630916595458984,21.17579674720764,6,6,0,367509.12492923206,14,0.0181,0.0,0.3239,14.061401838085994,0.0155002348520432
63470,MONTENEGRO,QUINDIO,7.400000095367432,7.194117546081543,403.90130615234375,37483.0,30669.0,6814.0,18.503971099853516,26.539152145385746,1,1,0,342185.3576666946,15,0.0076,0.0,0.0741,0.0,0.0
73001,IBAGUÉ,TOLIMA,6.599999904632568,5.678314208984375,707.2962036132812,557317.0,516862.0,40455.0,15.269622802734377,18.415409326553345,2,2,0,334913.87235087785,16,0.0421,0.0,0.1058,0.0,0.0
63594,QUIMBAYA,QUINDIO,7.599999904632568,7.33759355545044,417.4744262695313,31350.0,25378.0,5972.0,17.2448673248291,21.341155529022217,6,6,0,319674.34031118895,17,0.0146,0.0,0.0533,0.0,0.0
27361,ISTMINA,CHOCÓ,7.0,6.773040771484375,312.5339660644531,36717.0,26467.0,10250.0,66.87265014648438,99.28510665893556,8,8,0,309365.2944363699,18,0.0106,0.0,0.4262,177.25888377708404,0.0944917660420215
76895,ZARZAL,VALLE DEL CAUCA,7.199999809265137,6.928158283233643,349.07525634765625,43993.0,34159.0,9834.0,28.400362014770508,30.697394609451297,0,0,0,300175.2942248434,19,0.004,0.0,0.3447,45.16692711627622,0.1230412071967498
17873,VILLAMARÍA,CALDAS,7.699999809265137,6.501096725463867,763.1185302734375,74463.0,66008.0,8455.0,18.449657440185547,22.52717447280884,1,0,1,280227.05276353663,20,0.109,0.0532628857503257,0.0126,0.0,0.0
63190,CIRCASIA,QUINDIO,7.5,7.235555171966553,463.5189208984375,28971.0,21536.0,7435.0,20.88460350036621,26.32745885848999,0,0,0,274738.9884388281,21,0.0097,0.0,0.0446,0.0,0.0
66400,LA VIRGINIA,RISARALDA,7.599999904632568,7.296875,457.6343994140625,28386.0,27764.0,622.0,13.46460247039795,15.888913869857788,0,0,0,265376.2296652955,22,0.0139,0.0,0.396,3.195773145019544,0.0980392156862745
63401,LA TEBAIDA,QUINDIO,7.400000095367432,7.048276901245117,393.0321960449219,33758.0,30338.0,3420.0,16.572542190551758,23.13534641265869,0,0,0,253283.51973581396,23,0.006,0.0,0.2268,0.6391546290039088,0.0072115384615384
76400,LA UNIÓN,VALLE DEL CAUCA,7.300000190734863,6.787805080413818,530.3780517578125,34699.0,28254.0,6445.0,22.726398468017575,26.45645046234131,0,0,0,203905.6740770434,24,0.0158,0.0,0.3655,23.435669730143324,0.1950354609929078
76622,ROLDANILLO,VALLE DEL CAUCA,7.199999809265137,6.592703819274902,578.2433471679688,38639.0,30066.0,8573.0,25.11884307861328,27.04886782169342,7,7,0,172396.06260634225,25,0.0094,0.0,0.329,30.040267563183715,0.1280653950953678
17042,ANSERMA,CALDAS,7.300000190734863,6.555238723754883,674.8342895507812,37352.0,22190.0,15162.0,34.072635650634766,39.57120323181152,0,0,0,169080.9802817869,26,0.0423,0.0,0.1199,0.0,0.0
76020,ALCALÁ,VALLE DEL CAUCA,7.699999809265137,7.363076686859131,451.7692260742187,14335.0,10752.0,3583.0,18.656892776489254,29.983447074890137,3,3,0,161315.59237703128,27,0.0148,0.0,0.0885,0.0,0.0
76111,GUADALAJARA DE BUGA,VALLE DEL CAUCA,6.800000190734863,5.851702690124512,686.2796630859375,132250.0,114352.0,17898.0,16.782825469970703,21.15531349182129,0,0,0,158329.25884677866,28,0.027,0.0,0.2504,4.0479793170247556,0.0048994326972666
17524,PALESTINA,CALDAS,7.400000095367432,7.0714287757873535,561.7098388671875,15966.0,5828.0,10138.0,49.468318939208984,57.75365352630615,0,0,0,157560.65029539072,29,0.0342,0.0,0.0876,0.0,0.0
27250,EL LITORAL DEL SAN JUAN,CHOCÓ,6.900000095367432,6.451510429382324,406.0204772949219,27635.0,1741.0,25894.0,8.002481460571289,99.19355201721191,10,10,0,152119.73307014292,30,0.0652,0.0,0.4424,672.1776181691108,0.1631081011218528
27077,BAJO BAUDÓ,CHOCÓ,6.900000095367432,6.32408332824707,386.8679809570313,35053.0,7317.0,27736.0,19.827587127685547,89.42006301879883,1,1,0,147342.75612325547,31,0.0147,0.0,0.4292,419.7115397125668,0.1208959803620742
76041,ANSERMANUEVO,VALLE DEL CAUCA,7.699999809265137,6.8980584144592285,636.5770874023438,17825.0,11006.0,6819.0,40.27309799194336,43.81982612609863,0,0,0,137849.8288154428,32,0.0323,0.0,0.3808,12.783092580078176,0.0419874037788663
76892,YUMBO,VALLE DEL CAUCA,6.699999809265137,5.862930774688721,645.8758544921875,115667.0,98767.0,16900.0,19.36482810974121,25.57117986679077,5,3,2,133331.5670143185,33,0.0026,0.0,0.2841,1.7044123440104235,0.0074005550416281
05360,ITAGÜÍ,ANTIOQUIA,6.0,5.542105197906494,583.1578979492188,306397.0,277025.0,29372.0,16.88581085205078,18.719823837280273,0,0,0,130635.41988030588,34,0.0009,0.0,0.0,0.0,0.0
66440,MARSELLA,RISARALDA,7.5,6.930463790893555,689.0489501953125,17320.0,9332.0,7988.0,33.42723083496094,37.42723083496094,2,2,0,126305.5880663516,35,0.0109,0.0,0.0412,0.0,0.0
76113,BUGALAGRANDE,VALLE DEL CAUCA,7.0,6.562562465667725,465.5190734863281,25527.0,13894.0,11633.0,38.08734130859375,45.53620815277099,0,0,0,125214.89425428104,36,0.0055,0.0,0.3411,24.927030531152443,0.0630048465266559
76364,JAMUNDÍ,VALLE DEL CAUCA,6.400000095367432,5.46855354309082,560.4592895507812,196875.0,150381.0,46494.0,23.49498748779297,27.816952228546143,1,1,0,123844.94594274876,37,0.016,0.0,0.3819,73.50278233544951,0.1171477079796264
27430,MEDIO BAUDÓ,CHOCÓ,6.900000095367432,6.631349563598633,338.6468200683594,17617.0,2307.0,15310.0,13.290938377380373,99.58664608001708,0,0,0,121850.09900287406,38,0.0226,0.0,0.4203,184.92873932513095,0.1350552357242881
76497,OBANDO,VALLE DEL CAUCA,7.599999904632568,7.123148441314697,451.8805236816406,12558.0,9626.0,2932.0,33.79007339477539,40.04653644561768,6,6,0,120713.35837036396,39,0.018,0.0,0.3789,20.87905121412769,0.097029702970297
17614,RIOSUCIO,CALDAS,6.699999809265137,6.133766174316406,706.964111328125,52118.0,20610.0,31508.0,41.91313934326172,48.26487445831299,0,0,0,113883.19253854832,40,0.0314,0.0,0.0019,0.0,0.0
76736,SEVILLA,VALLE DEL CAUCA,7.099999904632568,6.204494476318359,662.1011352539062,44172.0,34327.0,9845.0,22.64179801940918,30.301177501678467,2,2,0,110143.56068304477,41,0.1329,0.1597886572509772,0.096,0.0,0.0
76122,CAICEDONIA,VALLE DEL CAUCA,7.099999904632568,6.455621242523193,603.6964721679688,30248.0,25425.0,4823.0,20.62187957763672,25.769550323486328,0,0,0,109912.2461525732,42,0.0087,0.0,0.1283,0.0,0.0
76036,ANDALUCÍA,VALLE DEL CAUCA,6.900000095367432,6.6133928298950195,408.28662109375,25109.0,20021.0,5088.0,19.632869720458984,22.84526038169861,0,0,0,108950.50575776584,43,0.0022,0.0,0.2798,3.62187623102215,0.0327552986512524
76248,EL CERRITO,VALLE DEL CAUCA,6.699999809265137,5.934978008270264,567.5990600585938,56397.0,37017.0,19380.0,36.97007369995117,39.85490703582764,0,0,0,108845.50732175412,44,0.0067,0.0,0.21,0.2130515430013029,0.0004837929366231
63272,FILANDIA,QUINDIO,7.400000095367432,7.196295738220215,493.7814636230469,12345.0,6795.0,5550.0,14.947683334350586,22.89486837387085,3,3,0,108835.9868597364,45,0.0218,0.0,0.0066,0.0,0.0
73268,ESPINAL,TOLIMA,6.099999904632568,6.052777290344238,273.2055358886719,71952.0,51793.0,20159.0,27.45669937133789,31.26546573638916,1,1,0,108716.18128872328,46,0.0023,0.0,0.1148,0.0,0.0
27787,TADÓ,CHOCÓ,7.0,6.504184246063232,610.12109375,19486.0,11436.0,8050.0,61.4310302734375,81.88253211975098,3,3,0,106564.31131479684,47,0.1731,1.438097915258795,0.329,9.800370978059934,0.0137108792846497
27450,MEDIO SAN JUAN,CHOCÓ,7.0,6.859731674194336,299.28204345703125,11296.0,2632.0,8664.0,40.41339874267578,97.6122589111328,0,0,0,105676.37470285004,48,0.0059,0.0,0.4269,177.68498686308666,0.2678227360308285
19573,PUERTO TEJADA,CAUCA,6.5,6.261467933654785,225.65687561035156,43709.0,37405.0,6304.0,25.69535446166992,28.692503690719604,1,0,1,101324.00922526282,49,0.0,0.0,0.3429,42.18420551425798,0.3889980353634578
76403,LA VICTORIA,VALLE DEL CAUCA,7.300000190734863,7.0128302574157715,409.8849182128906,12765.0,9883.0,2882.0,30.455455780029297,33.13313341140747,0,0,0,99405.3999382472,50,0.0038,0.0,0.294,6.817649376041694,0.0257441673370876
76318,GUACARÍ,VALLE DEL CAUCA,6.699999809265137,6.208695411682129,476.1689758300781,34739.0,22272.0,12467.0,38.848289489746094,44.28529644012451,0,0,0,98890.9180186446,51,0.0168,0.0,0.2196,1.9174638870117264,0.0117340286831812
27205,CONDOTO,CHOCÓ,7.0,6.734541893005371,465.525390625,12620.0,9710.0,2910.0,64.79312896728516,83.55451393127441,2,2,0,96046.66330070894,52,0.1731,0.2663144287516287,0.4023,34.08824688020847,0.0727934485896269
17486,NEIRA,CALDAS,7.199999809265137,6.552138805389404,676.39599609375,21492.0,12752.0,8740.0,29.05184555053711,36.61840343475342,1,0,1,95819.13200658912,53,0.0445,0.0,0.052,0.0,0.0
66088,BELÉN DE UMBRÍA,RISARALDA,7.099999904632568,6.454395294189453,709.2296752929688,25277.0,13413.0,11864.0,35.767791748046875,39.35465431213379,4,4,0,94849.81771635292,54,0.036,0.0,0.1432,0.0,0.0
76823,TORO,VALLE DEL CAUCA,7.5,6.773863315582275,618.098876953125,14922.0,10513.0,4409.0,34.02927780151367,37.65298795700073,1,0,1,93862.84838894432,55,0.0163,0.0,0.3758,15.339711096093811,0.0876979293544458
17877,VITERBO,CALDAS,7.5,7.019298553466797,484.62017822265625,12613.0,10818.0,1795.0,19.051130294799805,21.386430263519287,1,1,0,92476.09509908623,56,0.0059,0.0,0.3085,11.291731779069057,0.1003787878787878
11001,"BOGOTÁ, D.C.","BOGOTÁ, D.C.",5.699999809265137,4.619656085968018,588.860107421875,7945996.0,7914911.0,31085.0,10.207573890686035,14.063639402389526,0,0,0,91482.25662554702,57,0.0018,0.0,0.0,0.0,0.0
27025,ALTO BAUDÓ,CHOCÓ,6.900000095367432,6.071567535400391,474.02093505859375,29358.0,3149.0,26209.0,2.9959895610809326,99.5753734111786,1,1,0,82576.93388470524,58,0.016,0.0,0.4157,56.45865889534528,0.0275811823480433
27050,ATRATO,CHOCÓ,7.5,7.093838691711426,293.64764404296875,6532.0,2987.0,3545.0,61.899314880371094,98.0549201965332,7,1,6,82499.38661201995,59,0.0041,0.0,0.4174,78.61601936748079,0.1867408906882591
27810,UNIÓN PANAMERICANA,CHOCÓ,7.0,6.960345268249512,284.37872314453125,7322.0,3033.0,4289.0,69.52191162109375,95.5179271697998,0,0,0,77151.59886535045,60,0.0036,0.0,0.3803,7.2437524620443,0.0408163265306122
66594,QUINCHÍA,RISARALDA,6.699999809265137,6.2105631828308105,758.4513549804688,28053.0,8208.0,19845.0,46.893550872802734,58.184937477111816,0,0,0,74274.90285062004,61,0.0374,0.0,0.0007,0.0,0.0
76845,ULLOA,VALLE DEL CAUCA,7.800000190734863,7.478570938110352,415.0499572753906,5601.0,2697.0,2904.0,26.084300994873047,35.858277320861816,2,2,0,74253.78155903188,62,0.0164,0.0,0.2386,0.4261030860026059,0.0101522842639593
27600,RÍO QUITO,CHOCÓ,7.699999809265137,6.825212478637695,330.4596252441406,8477.0,2190.0,6287.0,31.615461349487305,81.11992073059082,0,0,0,72414.10611858607,63,0.0068,0.0,0.4299,159.3625541649746,0.2284667073915699
27491,NÓVITA,CHOCÓ,7.0,6.669684410095215,486.6629333496094,10016.0,3721.0,6295.0,37.76041793823242,87.42559814453125,15,15,0,72255.78264135281,64,0.0486,0.0,0.4202,132.30500820380914,0.140307275192047
27413,LLORÓ,CHOCÓ,7.099999904632568,6.58167839050293,484.8683166503906,10485.0,3428.0,7057.0,41.47982025146485,92.0964126586914,0,0,0,69974.74819366954,65,0.067,0.0,0.3859,60.71968975537134,0.0720242608036391
17616,RISARALDA,CALDAS,7.199999809265137,6.6875,674.2715454101562,11079.0,4944.0,6135.0,46.286231994628906,54.015700817108154,60,57,3,65564.2976344593,66,0.0149,0.0,0.0318,0.0,0.0
66687,SANTUARIO,RISARALDA,7.5,6.564974784851074,728.2142333984375,12968.0,6836.0,6132.0,40.39345932006836,46.34644842147827,0,0,0,63539.91269928205,67,0.0575,0.0,0.347,3.408824688020847,0.0177777777777777
17088,BELALCÁZAR,CALDAS,7.300000190734863,6.743363380432129,722.5628662109375,10327.0,4897.0,5430.0,37.77629089355469,45.61286163330078,0,0,0,62192.876072184714,68,0.0128,0.0,0.1378,0.0,0.0
73319,GUAMO,TOLIMA,6.199999809265137,6.053529262542725,284.87371826171875,33934.0,17284.0,16650.0,42.82065200805664,47.3362512588501,0,0,0,58611.5860056378,69,0.0028,0.0,0.2781,16.831071897102934,0.0333192745676929
17380,LA DORADA,CALDAS,6.099999904632568,5.802372455596924,313.14581298828125,71480.0,63028.0,8452.0,21.824329376220703,30.9676570892334,0,0,0,57363.46010281562,70,0.0022,0.0,0.4055,67.11123604541042,0.1223300970873786
27135,EL CANTÓN DEL SAN PABLO,CHOCÓ,7.0,6.82611083984375,320.6253356933594,6585.0,2956.0,3629.0,59.48126983642578,87.95389175415039,0,0,0,56277.67517456603,71,0.004,0.0,0.3903,43.03641168626319,0.1135469364811692
76670,SAN PEDRO,VALLE DEL CAUCA,6.800000190734863,6.272329807281494,522.957275390625,17244.0,8466.0,8778.0,45.78362655639648,50.12340450286865,0,0,0,56107.75408532811,72,0.0072,0.0,0.3222,8.735113263053421,0.0432489451476793
05615,RIONEGRO,ANTIOQUIA,6.0,5.546231746673584,400.0079956054687,156303.0,98864.0,57439.0,16.546525955200195,18.55025625228882,0,0,0,55845.01646335136,73,0.0009,0.0,0.2805,2.982721602018241,0.0151843817787418
19845,VILLA RICA,CAUCA,6.300000190734863,6.149999618530273,224.8333282470703,23909.0,16186.0,7723.0,57.548789978027344,59.71896958351135,0,0,0,54740.91913959593,74,0.0,0.0,0.3446,48.788803347298376,0.6026315789473684
05034,ANDES,ANTIOQUIA,6.5,5.875124454498291,777.5492553710938,45436.0,22394.0,23042.0,52.54792785644531,54.90742325782776,0,0,0,54713.6920004012,75,0.0271,0.0,0.0109,0.0,0.0
27160,CÉRTEGUI,CHOCÓ,7.099999904632568,6.946682929992676,317.1054382324219,6063.0,3455.0,2608.0,39.306358337402344,70.01445007324219,1,1,0,54693.233971451344,76,0.0059,0.0,0.3916,42.823360143261894,0.1008529854490717
05001,MEDELLÍN,ANTIOQUIA,5.800000190734863,4.823157787322998,726.828125,2526795.0,2478217.0,48578.0,12.979388236999512,15.004132986068726,48,47,1,54374.11869233865,77,0.0016,0.0,0.0,0.0,0.0
66572,PUEBLO RICO,RISARALDA,6.800000190734863,6.218387126922607,788.5924682617188,18544.0,3657.0,14887.0,33.84763717651367,70.20250701904297,0,0,0,53610.94519289975,78,0.1551,0.1597886572509772,0.0221,0.0,0.0
66075,BALBOA,RISARALDA,7.599999904632568,6.913444995880127,612.9403076171875,6601.0,1738.0,4863.0,40.10056686401367,48.64865016937256,0,0,0,52469.37793191892,79,0.0084,0.0,0.413,9.800370978059934,0.082437275985663
25307,GIRARDOT,CUNDINAMARCA,6.099999904632568,5.53636360168457,504.8666687011719,104326.0,100704.0,3622.0,16.480606079101562,22.4440393447876,1,1,0,48754.65536888864,80,0.0022,0.0,0.1729,0.0,0.0
27073,BAGADÓ,CHOCÓ,7.0,6.233621120452881,673.5552368164062,12936.0,2513.0,10423.0,30.591054916381836,88.33865928649902,0,0,0,46849.80957806416,81,0.1285,0.4793659717529316,0.2885,4.261030860026059,0.0052812252442566
19698,SANTANDER DE QUILICHAO,CAUCA,6.199999809265137,5.238372325897217,507.1765747070313,130768.0,60193.0,70575.0,34.027896881103516,43.29483509063721,2,2,0,46708.460576513215,82,0.0012,0.0,0.3864,24.074824359147232,0.0466749277158199
76828,TRUJILLO,VALLE DEL CAUCA,6.900000095367432,6.14488410949707,732.1151733398438,20058.0,10051.0,10007.0,43.18393325805664,52.427005767822266,12,10,2,46216.747633944586,83,0.0057,0.0,0.2811,0.6391546290039088,0.0020833333333333
17777,SUPÍA,CALDAS,6.5,5.954167366027832,779.7666625976562,31774.0,16130.0,15644.0,41.7744255065918,43.86973190307617,0,0,0,44680.17928823129,84,0.0265,0.0,0.0669,0.0,0.0
27425,MEDIO ATRATO,CHOCÓ,6.900000095367432,6.223803997039795,372.2623901367187,11341.0,794.0,10547.0,9.19377613067627,99.2456407546997,0,0,0,43997.47776623034,85,0.0073,0.0,0.4399,424.1856221155942,0.2340975896531452
76100,BOLÍVAR,VALLE DEL CAUCA,7.099999904632568,6.194346904754639,755.9143676757812,15958.0,5013.0,10945.0,52.36824417114258,59.08383226394653,0,0,0,42754.163579129614,86,0.0859,0.0,0.3138,4.6871339460286645,0.006312769010043
73275,FLANDES,TOLIMA,6.199999809265137,6.055102348327637,259.4459228515625,29156.0,25209.0,3947.0,22.12543487548828,26.69860553741455,0,0,0,42641.4322315396,87,0.0012,0.0,0.2347,1.9174638870117264,0.0197802197802197
66045,APÍA,RISARALDA,6.900000095367432,6.398648738861084,775.2216796875,12698.0,5919.0,6779.0,35.900306701660156,41.16493844985962,0,0,0,42596.529215992894,88,0.0282,0.0,0.0,0.0,0.0
76243,EL ÁGUILA,VALLE DEL CAUCA,7.0,6.475132465362549,814.3978271484375,9164.0,2732.0,6432.0,54.24757385253906,67.43527603149414,0,0,0,41504.955340833534,89,0.0467,0.0,0.0,0.0,0.0
27580,RÍO IRÓ,CHOCÓ,7.0,6.628792762756348,530.3368530273438,5848.0,1548.0,4300.0,39.230201721191406,92.96817398071288,0,0,0,40331.88693467957,90,0.1461,0.5326288575032574,0.385,13.635298752083388,0.0421607378129117
17272,FILADELFIA,CALDAS,7.099999904632568,6.390625,673.0380249023438,10931.0,4180.0,6751.0,46.46345138549805,48.94939398765564,0,0,0,39319.641200828504,91,0.0539,0.0,0.0552,0.0,0.0
66318,GUÁTICA,RISARALDA,6.900000095367432,6.286274433135986,718.8019409179688,12461.0,4058.0,8403.0,54.048683166503906,59.09090852737427,3,3,0,39129.53338235869,92,0.0096,0.0,0.0025,0.0,0.0
76616,RIOFRÍO,VALLE DEL CAUCA,6.900000095367432,6.1297125816345215,678.40673828125,16207.0,8159.0,8048.0,45.27468490600586,53.726470947265625,1,1,0,39002.07673445919,93,0.0051,0.0,0.3146,7.669855548046906,0.0248962655601659
66383,LA CELIA,RISARALDA,7.0,6.594565391540527,730.0479125976562,7700.0,3145.0,4555.0,40.35832214355469,52.805280685424805,1,1,0,38659.05273841876,94,0.1523,0.1597886572509772,0.0,0.0,0.0
63690,SALENTO,QUINDIO,7.199999809265137,6.390857219696045,747.88916015625,10372.0,4257.0,6115.0,27.77202033996582,41.83074188232422,11,11,0,36993.5116436606,95,0.0671,0.0,0.0183,0.0,0.0
19300,GUACHENÉ,CAUCA,6.199999809265137,6.001979827880859,260.02081298828125,20437.0,6520.0,13917.0,63.113006591796875,70.40816354751587,0,0,0,36642.84129854723,96,0.0008,0.0,0.2847,16.618020354101628,0.1663113006396588
76233,DAGUA,VALLE DEL CAUCA,6.300000190734863,5.6314191818237305,761.2608642578125,60038.0,13529.0,46509.0,42.50650405883789,56.08692455291748,1,1,0,35676.952081085394,97,0.0089,0.0,0.0054,0.0,0.0
76563,PRADERA,VALLE DEL CAUCA,6.400000095367432,5.514166831970215,641.4358520507812,50067.0,44163.0,5904.0,22.23756980895996,29.158186435699463,0,0,0,34325.30515267153,98,0.0187,0.0,0.1461,0.0,0.0
66456,MISTRATÓ,RISARALDA,6.599999904632568,6.064955711364746,806.8658447265625,18515.0,4715.0,13800.0,30.417625427246097,50.50970077514648,0,0,0,34250.98492747355,99,0.178,2.396829858764658,0.0,0.0,0.0
05266,ENVIGADO,ANTIOQUIA,6.0,5.316249847412109,676.9837646484375,268381.0,257546.0,10835.0,6.636229515075684,7.326440334320068,0,0,0,34126.06481334478,100,0.0015,0.0,0.0,0.0,0.0
76890,YOTOCO,VALLE DEL CAUCA,6.800000190734863,6.047720432281494,622.1775512695312,16843.0,9223.0,7620.0,37.6275749206543,44.96437454223633,2,2,0,32137.39064984837,101,0.0029,0.0,0.3356,5.75239166103518,0.0176933158584534
73504,ORTEGA,TOLIMA,6.199999809265137,5.653814315795898,574.7561645507812,36604.0,7756.0,28848.0,57.75350189208984,72.30589866638184,6,6,0,31890.865111993393,102,0.0046,0.0,0.2181,0.8522061720052118,0.0008940545373267
76126,CALIMA,VALLE DEL CAUCA,6.900000095367432,5.983691215515137,706.3878784179688,19402.0,12804.0,6598.0,20.61380195617676,35.08958721160889,1,1,0,31534.07954594714,103,0.1681,0.2663144287516287,0.2822,1.7044123440104235,0.0021499596882558
17665,SAN JOSÉ,CALDAS,7.300000190734863,6.701666355133057,678.9550170898438,4960.0,1533.0,3427.0,51.387054443359375,56.34081935882568,0,0,0,30737.358747647948,104,0.006,0.0,0.0753,0.0,0.0
73217,COYAIMA,TOLIMA,6.199999809265137,5.778195381164551,381.7395629882813,23765.0,4300.0,19465.0,78.94330596923828,83.74787902832031,0,0,0,30186.5418788283,105,0.0021,0.0,0.3307,28.122803676171987,0.0420114576702737
76054,ARGELIA,VALLE DEL CAUCA,7.0,6.677527904510498,655.6888427734375,5538.0,3065.0,2473.0,41.33949279785156,45.38106346130371,0,0,0,29849.267872036973,106,0.0419,0.0,0.0,0.0,0.0
76863,VERSALLES,VALLE DEL CAUCA,6.900000095367432,6.465325832366943,723.6678466796875,7441.0,4471.0,2970.0,36.41644287109375,45.174262046813965,2,1,1,28922.08042087206,107,0.0265,0.0,0.0009,0.0,0.0
73671,SALDAÑA,TOLIMA,6.199999809265137,6.086082458496094,250.8783416748047,14826.0,8751.0,6075.0,51.413429260253906,56.78003692626953,0,0,0,28703.233648128353,108,0.0012,0.0,0.2907,8.095958634049511,0.0418041804180418
25430,MADRID,CUNDINAMARCA,5.599999904632568,5.364166259765625,298.3733215332031,146635.0,139712.0,6923.0,15.924946784973145,19.44131898880005,2,2,0,27984.552432483037,109,0.001,0.0,0.0654,0.0,0.0
76250,EL DOVIO,VALLE DEL CAUCA,6.900000095367432,6.357203006744385,741.6787719726562,9312.0,6041.0,3271.0,26.22601318359375,33.191187381744385,2,2,0,27961.774620956552,110,0.0394,0.0,0.0033,0.0,0.0
73124,CAJAMARCA,TOLIMA,6.699999809265137,5.941339015960693,793.1143798828125,18927.0,9878.0,9049.0,43.95743179321289,54.29292964935303,2,0,2,27913.1646697311,111,0.0229,0.0,0.0005,0.0,0.0
76306,GINEBRA,VALLE DEL CAUCA,6.599999904632568,5.734444618225098,713.3270263671875,24545.0,11874.0,12671.0,36.56307220458984,49.63436985015869,0,0,0,27313.80273152869,112,0.0095,0.0,0.1168,0.0,0.0
76275,FLORIDA,VALLE DEL CAUCA,6.300000190734863,5.319802284240723,669.1435546875,57017.0,40906.0,16111.0,30.45788955688477,35.81941270828247,1,1,0,27168.240844887485,113,0.0115,0.0,0.151,0.0,0.0
76606,RESTREPO,VALLE DEL CAUCA,6.5,6.080434799194336,558.6427612304688,16021.0,11017.0,5004.0,20.980615615844727,26.795895099639893,0,0,0,26429.33266241504,114,0.0042,0.0,0.017,0.0,0.0
73443,SAN SEBASTIÁN DE MARIQUITA,TOLIMA,6.199999809265137,5.716095924377441,507.2236328125,40644.0,29925.0,10719.0,22.294832229614254,30.900450706481937,0,0,0,26397.00876707726,115,0.0099,0.0,0.1753,0.0,0.0
17050,ARANZAZU,CALDAS,6.800000190734863,6.244217872619629,727.3857421875,10781.0,7349.0,3432.0,30.19596290588379,32.71971583366394,0,0,0,26094.902733953517,116,0.0615,0.0,0.0003,0.0,0.0
76246,EL CAIRO,VALLE DEL CAUCA,6.800000190734863,6.404651165008545,793.2568359375,7010.0,3477.0,3533.0,41.90520858764648,53.82449531555176,8,8,0,25698.07577801428,117,0.1402,0.2130515430013029,0.0,0.0,0.0
05631,SABANETA,ANTIOQUIA,5.900000095367432,5.449999809265137,713.375,109260.0,94532.0,14728.0,12.97178554534912,13.431322634220123,2,2,0,25516.97165943791,118,0.0012,0.0,0.0,0.0,0.0
76377,LA CUMBRE,VALLE DEL CAUCA,6.400000095367432,5.903162002563477,624.4995727539062,18765.0,3928.0,14837.0,43.452632904052734,55.452632904052734,0,0,0,24675.86625567736,119,0.0073,0.0,0.0033,0.0,0.0
17653,SALAMINA,CALDAS,6.599999904632568,5.930612564086914,744.4130249023438,19254.0,11918.0,7336.0,34.852638244628906,40.404386043548584,0,0,0,24639.097259441845,120,0.0231,0.0,0.0006,0.0,0.0
19455,MIRANDA,CAUCA,6.199999809265137,5.40846586227417,587.9846801757812,32700.0,18447.0,14253.0,33.37406921386719,39.52540826797485,0,0,0,24387.86623163314,121,0.0044,0.0,0.2192,2.3435669730143323,0.0123180291153415
05129,CALDAS,ANTIOQUIA,6.0,5.442105770111084,701.518798828125,89671.0,70829.0,18842.0,25.84783935546875,27.539430379867554,3,3,0,23854.759841387375,122,0.0039,0.0,0.0098,0.0,0.0
25286,FUNZA,CUNDINAMARCA,5.599999904632568,5.47499942779541,223.04852294921875,125880.0,121598.0,4282.0,10.637444496154783,13.113055944442747,1,1,0,22745.742966729013,123,0.0006,0.0,0.0,0.0,0.0
73168,CHAPARRAL,TOLIMA,6.400000095367432,5.476799011230469,699.957275390625,53336.0,30467.0,22869.0,41.451053619384766,52.81408405303955,0,0,0,20733.723325944695,124,0.0681,0.0,0.1475,0.0,0.0
73283,FRESNO,TOLIMA,6.300000190734863,5.653363227844238,669.2340087890625,31883.0,16246.0,15637.0,27.56208038330078,50.94599914550781,2,2,0,20154.527461712423,125,0.0024,0.0,0.0075,0.0,0.0
27660,SAN JOSÉ DEL PALMAR,CHOCÓ,6.900000095367432,6.3327436447143555,791.0453491210938,5136.0,1163.0,3973.0,27.183191299438477,81.15561485290527,82,80,2,19611.192625290943,126,0.2164,10.812365807316125,0.0307,0.0,0.0
05440,MARINILLA,ANTIOQUIA,5.900000095367432,5.471428871154785,394.0652160644531,75558.0,53581.0,21977.0,13.51497745513916,16.943827390670776,0,0,0,19569.851616627435,127,0.0008,0.0,0.1746,0.0,0.0
19513,PADILLA,CAUCA,6.199999809265137,6.085507392883301,247.7971038818359,10622.0,4655.0,5967.0,43.77750015258789,47.894407749176025,3,3,0,19517.96580720128,128,0.0,0.0,0.2826,14.061401838085994,0.2006079027355623
25754,SOACHA,CUNDINAMARCA,5.5,4.738743305206299,547.73193359375,895878.0,888398.0,7480.0,17.772232055664062,20.812300443649292,2,2,0,19379.972651125157,129,0.0013,0.0,0.0,0.0,0.0
25473,MOSQUERA,CUNDINAMARCA,5.599999904632568,5.209523677825928,331.6695251464844,185735.0,182389.0,3346.0,10.666922569274902,14.952911376953123,1,1,0,19116.174556423623,130,0.0009,0.0,0.0,0.0,0.0
05364,JARDÍN,ANTIOQUIA,6.400000095367432,5.918095588684082,756.2662353515625,15531.0,8504.0,7027.0,31.57305908203125,38.44260501861572,0,0,0,18672.812330931894,131,0.0284,0.0,0.0077,0.0,0.0
27745,SIPÍ,CHOCÓ,7.0,6.449619770050049,622.0708618164062,3378.0,712.0,2666.0,40.65244674682617,98.61982345581056,15,15,0,18573.02981105175,132,0.0411,0.0,0.4306,131.8789051178065,0.0838412569416226
27495,NUQUÍ,CHOCÓ,6.300000190734863,5.704564571380615,532.592529296875,18970.0,1332.0,17638.0,36.5217399597168,94.78260803222656,0,0,0,18484.36726751084,133,0.0103,0.0,0.4042,18.10938115511075,0.0257419745608722
73585,PURIFICACIÓN,TOLIMA,6.199999809265137,5.504000186920166,449.8125,24149.0,13726.0,10423.0,39.544429779052734,46.27201557159424,0,0,0,18260.47208107124,134,0.0016,0.0,0.3431,32.59688607919935,0.0811240721102863
05376,LA CEJA,ANTIOQUIA,6.099999904632568,5.436567306518555,605.736572265625,74386.0,64591.0,9795.0,16.64093589782715,18.455007314682007,0,0,0,17966.78018073841,135,0.0015,0.0,0.0791,0.0,0.0
73408,LÉRIDA,TOLIMA,6.300000190734863,5.784501552581787,523.5298461914062,18411.0,13719.0,4692.0,28.25298118591309,35.99447059631348,0,0,0,17670.270577944448,136,0.0023,0.0,0.2041,0.2130515430013029,0.0007849293563579
05101,CIUDAD BOLÍVAR,ANTIOQUIA,6.199999809265137,5.678358554840088,767.5004272460938,27720.0,17192.0,10528.0,44.923858642578125,46.80737459659576,1,1,0,17192.343383551462,137,0.0147,0.0,0.0124,0.0,0.0
76869,VIJES,VALLE DEL CAUCA,6.599999904632568,5.903478145599365,638.9886474609375,14126.0,9264.0,4862.0,26.67044258117676,31.00226593017578,0,0,0,16870.611787911756,138,0.002,0.0,0.061,0.0,0.0
05873,VIGÍA DEL FUERTE,ANTIOQUIA,6.400000095367432,5.695492267608643,388.0022888183594,11686.0,4273.0,7413.0,3.5748331546783447,99.66634774208067,0,0,0,16249.788905174868,139,0.0037,0.0,0.4232,492.1490643330098,0.2955475946775844
73678,SAN LUIS,TOLIMA,6.300000190734863,5.789188861846924,471.4024963378906,14054.0,4012.0,10042.0,62.81068420410156,65.78397107124329,0,0,0,15789.664266615868,140,0.0071,0.0,0.2251,1.0652577150065148,0.0025759917568263
73411,LÍBANO,TOLIMA,6.099999904632568,5.571328639984131,740.6276245117188,37626.0,24178.0,13448.0,21.9780216217041,39.56044006347656,0,0,0,15773.82673486723,141,0.0512,0.0,0.0045,0.0,0.0
17013,AGUADAS,CALDAS,6.300000190734863,5.680168628692627,737.9527587890625,22301.0,12048.0,10253.0,39.09980010986328,41.96146249771118,0,0,0,14659.959174212569,142,0.0123,0.0,0.0047,0.0,0.0
05400,LA UNIÓN,ANTIOQUIA,6.099999904632568,5.682658672332764,474.34619140625,24374.0,15128.0,9246.0,31.40096664428711,32.30273795127869,0,0,0,14382.6109458613,143,0.0012,0.0,0.0352,0.0,0.0
73055,ARMERO,TOLIMA,6.300000190734863,5.847260475158691,432.8764953613281,12795.0,8081.0,4714.0,28.48514175415039,37.231215476989746,0,0,0,13520.492785728591,144,0.0039,0.0,0.19,0.0,0.0
63212,CÓRDOBA,QUINDIO,6.900000095367432,6.213401794433594,789.078369140625,5863.0,3470.0,2393.0,24.765869140625,31.63371515274048,0,0,0,13302.32949621573,145,0.0713,0.0,0.0068,0.0,0.0
05789,TÁMESIS,ANTIOQUIA,6.300000190734863,5.735134601593018,769.547119140625,16646.0,7926.0,8720.0,45.93310546875,48.85974931716919,0,0,0,13212.19591167234,146,0.0254,0.0,0.028,0.0,0.0
05368,JERICÓ,ANTIOQUIA,6.400000095367432,5.802439212799072,676.41064453125,14414.0,8403.0,6011.0,27.270360946655273,29.40411067008972,3,3,0,12784.60816592205,147,0.0211,0.0,0.0193,0.0,0.0
73861,VENADILLO,TOLIMA,6.199999809265137,5.789910793304443,501.886962890625,13092.0,8943.0,4149.0,32.56857681274414,44.413963317871094,0,0,0,12656.101480160289,148,0.002,0.0,0.2091,0.2130515430013029,0.0006373486297004
05282,FREDONIA,ANTIOQUIA,6.300000190734863,5.548031806945801,731.553955078125,26522.0,9322.0,17200.0,38.459232330322266,40.82733774185181,1,1,0,12280.794281940998,149,0.0126,0.0,0.0664,0.0,0.0
05088,BELLO,ANTIOQUIA,5.699999809265137,4.751999855041504,698.2686157226562,609168.0,587840.0,21328.0,15.517924308776855,19.683095932006836,4,3,1,12087.195642362847,150,0.0016,0.0,0.0009,0.0,0.0
73347,HERVEO,TOLIMA,6.800000190734863,5.896261692047119,783.5772705078125,7565.0,2348.0,5217.0,45.44614028930664,73.64771270751953,0,0,0,11764.252742732642,151,0.0377,0.0,0.0005,0.0,0.0
27245,EL CARMEN DE ATRATO,CHOCÓ,6.699999809265137,5.841756820678711,731.6802978515625,8768.0,2543.0,6225.0,43.030033111572266,64.58987236022949,3,3,0,11540.175232837208,152,0.1371,0.6391546290039088,0.0921,0.0,0.0
73624,ROVIRA,TOLIMA,6.5,5.566397190093994,762.4622802734375,22391.0,10656.0,11735.0,48.758567810058594,59.42117214202881,0,0,0,11474.466666376056,153,0.0071,0.0,0.0094,0.0,0.0
25612,RICAURTE,CUNDINAMARCA,6.099999904632568,5.634109020233154,413.11627197265625,15834.0,9623.0,6211.0,28.200172424316406,36.72680473327637,1,1,0,11426.137293120975,154,0.0014,0.0,0.1916,0.0,0.0
63111,BUENAVISTA,QUINDIO,6.900000095367432,6.443902969360352,654.5804443359375,3165.0,1213.0,1952.0,31.942920684814453,36.00439167022705,0,0,0,11376.762666312185,155,0.0064,0.0,0.0077,0.0,0.0
15572,PUERTO BOYACÁ,BOYACÁ,6.0,5.301705360412598,357.69403076171875,47775.0,34705.0,13070.0,26.17431640625,43.80754089355469,0,0,0,11231.384215908836,156,0.0012,0.0,0.3916,101.62558601162152,0.0669567658618753
05091,BETANIA,ANTIOQUIA,6.300000190734863,5.811049938201904,758.8971557617188,10743.0,4033.0,6710.0,57.0247917175293,61.08189153671265,0,0,0,11142.456237439366,157,0.0234,0.0,0.0119,0.0,0.0
05380,LA ESTRELLA,ANTIOQUIA,5.800000190734863,5.297222137451172,770.8804931640625,84068.0,71815.0,12253.0,15.983997344970703,17.28417468070984,1,1,0,10970.760765538727,158,0.0018,0.0,0.0,0.0,0.0
73030,AMBALEMA,TOLIMA,6.300000190734863,6.042552471160889,314.42041015625,6763.0,5358.0,1405.0,32.41690444946289,39.67993259429931,0,0,0,10853.59195335105,159,0.0017,0.0,0.249,6.178494747037785,0.026032315978456
05148,EL CARMEN DE VIBORAL,ANTIOQUIA,6.0,5.23615026473999,659.9193115234375,70734.0,42227.0,28507.0,20.311113357543945,22.156502842903137,0,0,0,10507.198404993089,160,0.0054,0.0,0.268,1.7044123440104235,0.0039980009995002
17513,PÁCORA,CALDAS,6.199999809265137,5.708202838897705,814.1437377929688,15657.0,8180.0,7477.0,41.8256721496582,43.79878580570221,3,3,0,10299.777920626651,161,0.0204,0.0,0.0,0.0,0.0
05390,LA PINTADA,ANTIOQUIA,6.400000095367432,5.833333492279053,620.1583251953125,8722.0,7811.0,911.0,41.88834762573242,48.59497928619385,1,1,0,9830.33730953401,162,0.0083,0.0,0.0162,0.0,0.0
17433,MANZANARES,CALDAS,6.099999904632568,5.62205171585083,776.5574340820312,18310.0,11208.0,7102.0,35.935882568359375,54.08479690551758,0,0,0,9690.431055613595,163,0.005,0.0,0.0,0.0,0.0
17442,MARMATO,CALDAS,6.199999809265137,5.775609970092773,837.743896484375,9363.0,1446.0,7917.0,77.78194427490234,82.76508378982544,0,0,0,9465.889208903913,164,0.0173,0.0,0.0,0.0,0.0
19142,CALOTO,CAUCA,6.199999809265137,5.108301639556885,614.872802734375,31197.0,5118.0,26079.0,46.780616760253906,61.135080337524414,0,0,0,9411.988564725749,165,0.0016,0.0,0.2647,2.5566185160156354,0.0096930533117932
17388,LA MERCED,CALDAS,6.5,5.993258476257324,775.2652587890625,5679.0,2318.0,3361.0,41.58780288696289,56.6771821975708,0,0,0,9177.891743174538,166,0.0178,0.0,0.0,0.0,0.0
63302,GÉNOVA,QUINDIO,6.5,5.880204677581787,820.108154296875,7694.0,4318.0,3376.0,35.19207000732422,47.87278079986572,1,1,0,8905.37055702443,167,0.083,0.0,0.0,0.0,0.0
73349,HONDA,TOLIMA,6.0,5.557329177856445,512.0531005859375,24973.0,23683.0,1290.0,20.19916343688965,25.719202995300293,0,0,0,8766.046506557828,168,0.0036,0.0,0.0981,0.0,0.0
73520,PALOCABILDO,TOLIMA,6.099999904632568,5.730769157409668,608.9769287109375,10212.0,3242.0,6970.0,27.54511451721191,63.15968894958496,0,0,0,8677.111163384496,169,0.0019,0.0,0.0016,0.0,0.0
73547,PIEDRAS,TOLIMA,6.199999809265137,5.85113000869751,417.1810607910156,7565.0,2621.0,4944.0,42.13483047485352,50.093631744384766,0,0,0,8586.65072914368,170,0.0033,0.0,0.087,0.0,0.0
63548,PIJAO,QUINDIO,6.800000190734863,6.0201616287231445,813.6895141601562,5347.0,3006.0,2341.0,36.16625213623047,41.066996574401855,0,0,0,8563.182926418669,171,0.0449,0.0,0.0167,0.0,0.0
73026,ALVARADO,TOLIMA,6.199999809265137,5.719419956207275,549.0127563476562,8842.0,3375.0,5467.0,49.7595100402832,56.055968284606934,24,24,0,8067.8164560328605,172,0.0022,0.0,0.1127,0.0,0.0
73686,SANTA ISABEL,TOLIMA,6.699999809265137,5.785294532775879,749.1978149414062,5976.0,2270.0,3706.0,29.603315353393555,77.2646541595459,0,0,0,7945.321925321604,173,0.024,0.0,0.0005,0.0,0.0
05591,PUERTO TRIUNFO,ANTIOQUIA,5.800000190734863,5.500268459320068,340.42999267578125,20322.0,3985.0,16337.0,68.21497344970703,78.48368740081787,0,0,0,7877.757212297941,174,0.0012,0.0,0.3903,36.2187623102215,0.0974770642201834
25572,PUERTO SALGAR,CUNDINAMARCA,6.0,5.482845783233643,393.1512451171875,15796.0,12046.0,3750.0,23.18053817749023,34.479291915893555,0,0,0,7646.87368030363,175,0.001,0.0,0.3975,110.14764773167362,0.2124948623099054
05756,SONSÓN,ANTIOQUIA,6.0,5.338814735412598,648.2171630859375,35750.0,17640.0,18110.0,46.34315872192383,54.85759735107422,0,0,0,7535.726911203714,176,0.01,0.0,0.3469,21.09210275712899,0.0156447534766118
73043,ANZOÁTEGUI,TOLIMA,6.400000095367432,5.611814498901367,777.42578125,10643.0,1623.0,9020.0,51.60590362548828,77.86458396911621,0,0,0,7511.794191479336,177,0.0128,0.0,0.0011,0.0,0.0
73870,VILLAHERMOSA,TOLIMA,6.300000190734863,5.673835277557373,808.0283203125,9603.0,3547.0,6056.0,29.850746154785156,72.45590209960938,0,0,0,7060.849634970715,178,0.0546,0.0,0.0041,0.0,0.0
05679,SANTA BÁRBARA,ANTIOQUIA,6.300000190734863,5.4257731437683105,770.1174926757812,29737.0,14267.0,15470.0,36.33231735229492,37.61759626865387,0,0,0,6988.227278058554,179,0.0128,0.0,0.0157,0.0,0.0
73622,RONCESVALLES,TOLIMA,6.599999904632568,5.813806533813477,711.5752563476562,5652.0,1959.0,3693.0,18.8255615234375,76.51122665405273,2,2,0,6986.074955293245,180,0.0226,0.0,0.0022,0.0,0.0
73449,MELGAR,TOLIMA,6.0,5.108780860900879,614.46044921875,39791.0,32393.0,7398.0,27.708677291870117,31.91218376159668,0,0,0,6848.048239282237,181,0.0018,0.0,0.1719,0.0,0.0
05607,RETIRO,ANTIOQUIA,6.0,5.462810039520264,605.0925903320312,27622.0,15260.0,12362.0,23.124109268188477,25.934380292892456,3,2,1,6800.731503693816,182,0.0033,0.0,0.0688,0.0,0.0
73152,CASABIANCA,TOLIMA,6.400000095367432,5.759444713592529,803.3577880859375,6615.0,1784.0,4831.0,27.26801490783691,70.76205253601074,0,0,0,6610.684998533841,183,0.0335,0.0,0.0021,0.0,0.0
41001,NEIVA,HUILA,5.699999809265137,4.699446678161621,644.3615112304688,408218.0,382081.0,26137.0,16.615304946899414,22.249897956848145,1,1,0,6522.49954452215,184,0.0038,0.0,0.0785,0.0,0.0
05697,EL SANTUARIO,ANTIOQUIA,5.800000190734863,5.36860466003418,477.8860473632813,40538.0,29278.0,11260.0,21.62071228027344,23.06657648086548,0,0,0,6511.45016973174,185,0.0008,0.0,0.0578,0.0,0.0
05642,SALGAR,ANTIOQUIA,6.0,5.496206760406494,776.5916748046875,18910.0,7570.0,11340.0,61.00131607055664,63.52343153953552,0,0,0,6494.9385538815895,186,0.0111,0.0,0.0014,0.0,0.0
17541,PENSILVANIA,CALDAS,6.199999809265137,5.44840669631958,812.539306640625,20404.0,8917.0,11487.0,26.451078414916992,69.9834156036377,0,0,0,6457.365493903641,187,0.0053,0.0,0.0077,0.0,0.0
05856,VALPARAÍSO,ANTIOQUIA,6.199999809265137,5.852418422698975,684.3653564453125,6717.0,3946.0,2771.0,25.231719970703125,27.085479021072388,0,0,0,6362.715587387387,188,0.004,0.0,0.0085,0.0,0.0
17867,VICTORIA,CALDAS,6.099999904632568,5.635044097900391,464.9387817382813,11015.0,5095.0,5920.0,33.71510314941406,41.55332803726196,15,12,3,6161.222690281057,189,0.005,0.0,0.3553,9.587319435058632,0.0171755725190839
05002,ABEJORRAL,ANTIOQUIA,6.099999904632568,5.447047233581543,740.2485961914062,21126.0,8520.0,12606.0,49.991703033447266,51.40202331542969,0,0,0,6126.23823807512,190,0.0089,0.0,0.0116,0.0,0.0
25269,FACATATIVÁ,CUNDINAMARCA,5.599999904632568,4.969427108764648,517.6222534179688,168471.0,157606.0,10865.0,14.356435775756836,19.86022138595581,1,1,0,6057.760756909275,191,0.0011,0.0,0.0,0.0,0.0
27099,BOJAYÁ,CHOCÓ,6.199999809265137,5.381035327911377,427.9884338378906,13290.0,1000.0,12290.0,10.12569808959961,97.66061782836914,0,0,0,5647.079140433998,192,0.017,0.0,0.4056,224.343274780372,0.0617776474039307
05847,URRAO,ANTIOQUIA,6.099999904632568,5.258084297180176,678.6644287109375,32148.0,17764.0,14384.0,31.35957717895508,49.87319564819336,0,0,0,5624.7830616644505,193,0.013,0.0,0.104,0.0,0.0
05576,PUEBLORRICO,ANTIOQUIA,6.0,5.661333084106445,756.8200073242188,9073.0,4893.0,4180.0,50.0,52.07451319694519,0,0,0,5575.199584175184,194,0.0082,0.0,0.0004,0.0,0.0
19212,CORINTO,CAUCA,6.099999904632568,5.040548801422119,706.675048828125,27500.0,13340.0,14160.0,42.11590194702149,52.479783058166504,0,0,0,5422.78330377366,195,0.0018,0.0,0.18,0.0,0.0
73461,MURILLO,TOLIMA,6.5,5.846949100494385,754.7173461914062,4222.0,1836.0,2386.0,29.43294334411621,65.79657936096191,4,4,0,5296.122939172722,196,0.0502,0.0,0.0024,0.0,0.0
05030,AMAGÁ,ANTIOQUIA,5.900000095367432,5.3433732986450195,782.4204711914062,33092.0,16361.0,16731.0,42.74456787109375,44.90599989891052,0,0,0,5285.889151046241,197,0.0038,0.0,0.0045,0.0,0.0
25320,GUADUAS,CUNDINAMARCA,6.099999904632568,5.144415378570557,647.0240478515625,30669.0,16016.0,14653.0,48.67084503173828,54.20358753204346,0,0,0,5185.518616378048,198,0.0033,0.0,0.2772,2.1305154300130296,0.0027901785714285
05353,HISPANIA,ANTIOQUIA,6.199999809265137,5.794444561004639,707.50927734375,5966.0,3888.0,2078.0,35.25640869140625,36.42190980911255,0,0,0,5102.290250244795,199,0.0061,0.0,0.0254,0.0,0.0
73483,NATAGAIMA,TOLIMA,6.099999904632568,5.259515762329102,551.2314453125,15989.0,8981.0,7008.0,52.500518798828125,57.60531234741211,0,0,0,4899.733485151443,200,0.0025,0.0,0.3241,14.4875049240886,0.0168650793650793
05318,GUARNE,ANTIOQUIA,5.699999809265137,5.13205099105835,509.8114929199219,66158.0,23576.0,42582.0,26.34131622314453,28.796605587005615,0,0,0,4664.531335300699,201,0.0008,0.0,0.1492,0.0,0.0
73270,FALAN,TOLIMA,6.199999809265137,5.612432479858398,623.8643188476562,7994.0,1958.0,6036.0,26.68161392211914,57.578474044799805,0,0,0,4560.4635665962915,202,0.0022,0.0,0.1741,0.0,0.0
17444,MARQUETALIA,CALDAS,6.0,5.483333110809326,726.7921752929688,13558.0,7081.0,6477.0,38.81215286254883,51.63443660736084,0,0,0,4525.968858467952,203,0.0065,0.0,0.0006,0.0,0.0
25001,AGUA DE DIOS,CUNDINAMARCA,6.0,5.49761962890625,455.64886474609375,11818.0,9529.0,2289.0,19.80198097229004,23.182806968688965,0,0,0,4224.059855862619,204,0.001,0.0,0.0421,0.0,0.0
19110,BUENOS AIRES,CAUCA,6.099999904632568,5.056009292602539,612.1421508789062,33342.0,828.0,32514.0,66.30855560302734,85.29668807983398,0,0,0,4204.809502465435,205,0.0016,0.0,0.3614,5.965443204036482,0.0137322216772927
73675,SAN ANTONIO,TOLIMA,6.0,5.442010402679443,807.993896484375,13351.0,4583.0,8768.0,52.402488708496094,71.22668266296387,1,1,0,3924.663159185822,206,0.0048,0.0,0.0106,0.0,0.0
17446,MARULANDA,CALDAS,6.900000095367432,5.880577564239502,760.699462890625,2676.0,934.0,1742.0,32.43967819213867,72.9222526550293,0,0,0,3834.324391831712,207,0.1073,0.0532628857503257,0.0005,0.0,0.0
25815,TOCAIMA,CUNDINAMARCA,6.0,5.261943340301514,572.044921875,16083.0,10691.0,5392.0,39.59677505493164,43.77419424057007,1,1,0,3577.454117305571,208,0.0031,0.0,0.0864,0.0,0.0
05209,CONCORDIA,ANTIOQUIA,5.900000095367432,5.321513652801514,806.5354614257812,22145.0,8173.0,13972.0,51.440406799316406,53.34212017059326,0,0,0,3547.3152092592613,209,0.0072,0.0,0.0024,0.0,0.0
05861,VENECIA,ANTIOQUIA,6.0,5.471528053283691,761.477783203125,12494.0,5819.0,6675.0,44.563720703125,46.46297752857208,0,0,0,3478.2133783933655,210,0.0077,0.0,0.0027,0.0,0.0
05541,PEÑOL,ANTIOQUIA,5.900000095367432,5.239166259765625,498.5008544921875,24121.0,13237.0,10884.0,23.69281005859375,24.82026100158691,0,0,0,3404.8462630442305,211,0.0008,0.0,0.4006,8.309010177050814,0.0696428571428571
17662,SAMANÁ,CALDAS,6.0,5.300390243530273,708.1838989257812,21004.0,7287.0,13717.0,47.34758377075195,69.27949142456055,0,0,0,3291.556871567791,212,0.0043,0.0,0.0039,0.0,0.0
73200,COELLO,TOLIMA,6.099999904632568,5.482758522033691,573.7037353515625,8593.0,1623.0,6970.0,58.01671600341797,64.32370710372925,0,0,0,3178.518748016121,213,0.0048,0.0,0.0718,0.0,0.0
05321,GUATAPÉ,ANTIOQUIA,6.0,5.40602445602417,416.24462890625,9842.0,6533.0,3309.0,17.982988357543945,18.752530694007874,0,0,0,3136.511565361066,214,0.0008,0.0,0.4411,20.02684504212248,0.2397959183673469
73854,VALLE DE SAN JUAN,TOLIMA,6.199999809265137,5.568527698516846,634.4319458007812,5515.0,2212.0,3303.0,58.79452133178711,62.027398109436035,0,0,0,3059.8361949197,215,0.0037,0.0,0.082,0.0,0.0
27150,CARMEN DEL DARIÉN,CHOCÓ,5.699999809265137,5.147343635559082,339.5155334472656,21673.0,2204.0,19469.0,4.305008411407471,94.9352879524231,0,0,0,3045.936080427423,216,0.0017,0.0,0.0943,0.0,0.0
25214,COTA,CUNDINAMARCA,5.5,4.926922798156738,429.4268798828125,48798.0,29333.0,19465.0,17.82630729675293,20.944641590118408,0,0,0,3012.0981628192085,217,0.0009,0.0,0.0,0.0,0.0
73148,CARMEN DE APICALÁ,TOLIMA,6.0,5.303191661834717,553.0579833984375,11091.0,8351.0,2740.0,22.590791702270508,27.537889003753666,0,0,0,2872.4927985595928,218,0.0013,0.0,0.1804,0.0,0.0
05792,TARSO,ANTIOQUIA,6.0,5.5685954093933105,769.6851806640625,6597.0,3736.0,2861.0,47.76445007324219,52.12650012969971,0,0,0,2774.2903163493024,219,0.0606,0.0,0.0099,0.0,0.0
05674,SAN VICENTE FERRER,ANTIOQUIA,5.599999904632568,5.268398761749268,446.0658264160156,24984.0,7188.0,17796.0,38.20301818847656,40.80932831764221,0,0,0,2726.7754643929,220,0.0009,0.0,0.0394,0.0,0.0
05145,CARAMANTA,ANTIOQUIA,6.0,5.693333625793457,854.7088623046875,4444.0,2140.0,2304.0,42.16393280029297,43.67212951183319,0,0,0,2645.7156253159706,221,0.0179,0.0,0.0,0.0,0.0
73616,RIOBLANCO,TOLIMA,6.099999904632568,5.147213459014893,795.1766967773438,24152.0,4520.0,19632.0,60.39167404174805,81.82780647277832,0,0,0,2203.2932687009184,222,0.1277,0.1597886572509772,0.002,0.0,0.0
05475,MURINDÓ,ANTIOQUIA,5.900000095367432,5.18312406539917,443.7346801757813,6023.0,2239.0,3784.0,3.4037559032440186,98.70891642570496,0,0,0,2055.0545543975973,223,0.0016,0.0,0.4044,82.66399868450554,0.0650679188328022
05585,PUERTO NARE,ANTIOQUIA,5.800000190734863,5.173229694366455,428.54730224609375,15675.0,5410.0,10265.0,55.96184539794922,71.42857265472412,0,0,0,1993.422076314471,224,0.0032,0.0,0.3947,28.761958305175895,0.0496871549503128
73563,PRADO,TOLIMA,6.099999904632568,5.127186298370361,586.6813354492188,8625.0,3875.0,4750.0,40.38461685180664,48.11390686035156,2,2,0,1935.3316739834656,225,0.0018,0.0,0.3472,21.305154300130297,0.0506072874493927
05483,NARIÑO,ANTIOQUIA,5.900000095367432,5.341009616851807,801.7898559570312,11059.0,3757.0,7302.0,62.07137680053711,67.00489664077759,0,0,0,1839.5086925940568,226,0.0095,0.0,0.0,0.0,0.0
05686,SANTA ROSA DE OSOS,ANTIOQUIA,5.599999904632568,5.043202877044678,477.3485107421875,40697.0,23351.0,17346.0,46.43593215942383,47.640228509902954,0,0,0,1788.7571086646224,227,0.001,0.0,0.0219,0.0,0.0
41872,VILLAVIEJA,HUILA,5.900000095367432,5.302898406982422,427.1130676269531,7464.0,2459.0,5005.0,71.46892547607422,78.3696517944336,0,0,0,1629.8275682144038,228,0.0013,0.0,0.1408,0.0,0.0
41016,AIPE,HUILA,5.900000095367432,5.101253032684326,574.5233154296875,17510.0,11500.0,6010.0,39.539432525634766,48.511841773986816,0,0,0,1602.4400635106174,229,0.0027,0.0,0.1525,0.0,0.0
17495,NORCASIA,CALDAS,5.900000095367432,5.438157558441162,515.7342529296875,6140.0,4282.0,1858.0,24.51776695251465,45.78680229187012,0,0,0,1519.443243633346,230,0.0034,0.0,0.2366,0.8522061720052118,0.0037174721189591
19418,LÓPEZ DE MICAY,CAUCA,5.699999809265137,4.93501615524292,545.4224853515625,19757.0,1718.0,18039.0,14.46753215789795,97.42856884002686,0,0,0,1481.549674329097,231,0.0063,0.0,0.3736,1.4913608010091206,0.0004451227266946
25799,TENJO,CUNDINAMARCA,5.5,4.896639347076416,412.1899108886719,25385.0,12387.0,12998.0,22.963895797729492,29.009235858917236,1,1,0,1409.1618244802617,232,0.001,0.0,0.0,0.0,0.0
73067,ATACO,TOLIMA,6.0,5.064055442810059,714.4854736328125,20589.0,5668.0,14921.0,71.41590118408203,85.13130187988281,0,0,0,1374.6430239604358,233,0.0039,0.0,0.2017,0.2130515430013029,0.0002098635886673
73770,SUÁREZ,TOLIMA,6.099999904632568,5.342857360839844,548.3978881835938,3926.0,1628.0,2298.0,37.70491790771485,48.55581569671631,0,0,0,1365.6552988728704,234,0.0021,0.0,0.2278,1.0652577150065148,0.0056179775280898
05664,SAN PEDRO DE LOS MILAGROS,ANTIOQUIA,5.699999809265137,5.1646013259887695,480.15667724609375,22252.0,12692.0,9560.0,27.004379272460938,28.35650265216827,0,0,0,1359.539349421861,235,0.0009,0.0,0.0053,0.0,0.0
25086,BELTRÁN,CUNDINAMARCA,6.199999809265137,5.440909385681152,586.4170532226562,1769.0,478.0,1291.0,79.66361236572266,83.02752685546875,28,28,0,1264.1377205024714,236,0.0014,0.0,0.2329,0.2130515430013029,0.001199040767386
27075,BAHÍA SOLANO,CHOCÓ,6.099999904632568,5.051339149475098,591.0133666992188,10943.0,6573.0,4370.0,26.514240264892575,82.23024368286133,11,11,0,1238.8416284672564,237,0.0081,0.0,0.3853,25.140082074153742,0.0281086231538828
05093,BETULIA,ANTIOQUIA,5.699999809265137,5.1954545974731445,794.1455078125,17068.0,5204.0,11864.0,66.96823120117188,69.68230652809143,0,0,0,1224.9771141402148,238,0.0024,0.0,0.0,0.0,0.0
25662,SAN JUAN DE RIOSECO,CUNDINAMARCA,6.099999904632568,5.05396842956543,728.626708984375,8443.0,3587.0,4856.0,55.2031364440918,59.7291522026062,0,0,0,1197.1042409534848,239,0.0014,0.0,0.0948,0.0,0.0
05579,PUERTO BERRÍO,ANTIOQUIA,5.599999904632568,4.923902988433838,396.40435791015625,39161.0,33521.0,5640.0,27.031719207763672,48.51664924621582,0,0,0,1072.925436403984,240,0.0008,0.0,0.0,0.0,0.0
05809,TITIRIBÍ,ANTIOQUIA,5.800000190734863,5.260283470153809,824.1673583984375,11582.0,5420.0,6162.0,36.42083358764648,37.67913484573364,0,0,0,899.1885342861497,241,0.0114,0.0,0.0,0.0,0.0
25488,NILO,CUNDINAMARCA,5.699999809265137,5.100877285003662,611.0171508789062,11069.0,3742.0,7327.0,45.08283233642578,50.12336826324463,2,2,0,897.3071134976191,242,0.0021,0.0,0.0683,0.0,0.0
05837,TURBO,ANTIOQUIA,5.300000190734863,5.0048508644104,213.14273071289065,130286.0,54107.0,76179.0,47.99462127685547,86.62039947509766,1,0,1,770.1854801420669,243,0.0006,0.0,0.0,0.0,0.0
19473,MORALES,CAUCA,5.5,4.6579365730285645,669.7968139648438,46001.0,2249.0,43752.0,44.373416900634766,67.03654479980469,13,10,3,738.4286130337956,244,0.0016,0.0,0.0,0.0,0.0
68190,CIMITARRA,SANTANDER,5.599999904632568,4.956646919250488,313.7279052734375,33807.0,16109.0,17698.0,28.985857009887695,53.35428428649902,0,0,0,724.7249509640451,245,0.0012,0.0,0.0,0.0,0.0
41524,PALERMO,HUILA,5.599999904632568,4.8063130378723145,580.7654418945312,26662.0,12650.0,14012.0,47.93085861206055,56.106483459472656,0,0,0,724.3327709908707,246,0.0023,0.0,0.0,0.0,0.0
19548,PIENDAMÓ - TUNÍA,CAUCA,5.5,4.9202189445495605,491.87652587890625,42986.0,14339.0,28647.0,37.22857666015625,49.24581527709961,0,0,0,688.8719799936051,247,0.0013,0.0,0.0,0.0,0.0
25324,GUATAQUÍ,CUNDINAMARCA,5.900000095367432,5.324719429016113,617.39208984375,3195.0,1612.0,1583.0,59.13043594360352,66.85990476608276,0,0,0,676.762244351497,248,0.0015,0.0,0.0616,0.0,0.0
19001,POPAYÁN,CAUCA,5.300000190734863,4.690248966217041,489.4201354980469,355347.0,291391.0,63956.0,17.981311798095703,30.97236061096191,8,6,2,650.7081624126544,249,0.0012,0.0,0.0,0.0,0.0
05264,ENTRERRÍOS,ANTIOQUIA,5.599999904632568,5.084186553955078,501.0055847167969,12894.0,6834.0,6060.0,31.332618713378903,32.26152187585831,0,0,0,624.2475827946422,250,0.0008,0.0,0.0049,0.0,0.0
05467,MONTEBELLO,ANTIOQUIA,5.699999809265137,5.251316070556641,831.2658081054688,6477.0,2064.0,4413.0,49.85380172729492,52.24171590805054,0,0,0,584.9544735804585,251,0.0022,0.0,0.0,0.0,0.0
05761,SOPETRÁN,ANTIOQUIA,5.699999809265137,4.815981388092041,732.5146484375,16647.0,7566.0,9081.0,42.10311126708984,44.06710469722748,0,0,0,548.7621392847018,252,0.0025,0.0,0.0328,0.0,0.0
05284,FRONTINO,ANTIOQUIA,5.800000190734863,4.860832214355469,677.6080322265625,21808.0,9747.0,12061.0,38.67836380004883,52.95874500274658,5,5,0,544.8566822873883,253,0.0037,0.0,0.2638,1.0652577150065148,0.0007691124442393
27615,RIOSUCIO,CHOCÓ,5.400000095367432,4.730829238891602,368.4631042480469,30386.0,14861.0,15525.0,10.769230842590332,99.57980060577393,0,0,0,496.53861763341786,254,0.0013,0.0,0.0,0.0,0.0
19130,CAJIBÍO,CAUCA,5.5,4.74772310256958,534.7293090820312,46986.0,1830.0,45156.0,67.57845306396484,81.73301982879639,1,1,0,490.103711475536,255,0.0014,0.0,0.0,0.0,0.0
25260,EL ROSAL,CUNDINAMARCA,5.400000095367432,4.869662761688232,480.82470703125,27654.0,25305.0,2349.0,20.254880905151367,26.369306087493896,0,0,0,472.7290293504212,256,0.0008,0.0,0.0,0.0,0.0
68101,BOLÍVAR,SANTANDER,5.599999904632568,4.628015518188477,522.9226684570312,11573.0,2008.0,9565.0,33.41748046875,63.20605659484863,0,0,0,448.53479187997584,257,0.0012,0.0,0.0,0.0,0.0
25035,ANAPOIMA,CUNDINAMARCA,5.5,5.036065578460693,608.56884765625,17306.0,8148.0,9158.0,39.41971969604492,46.05148220062256,0,0,0,414.2636919604115,258,0.0017,0.0,0.002,0.0,0.0
41799,TELLO,HUILA,5.599999904632568,4.698872089385986,607.3135375976562,12653.0,5621.0,7032.0,52.66904067993164,57.81300687789917,0,0,0,413.89626462096504,259,0.0009,0.0,0.0261,0.0,0.0
05036,ANGELÓPOLIS,ANTIOQUIA,5.599999904632568,5.212048053741455,798.428955078125,6214.0,2556.0,3658.0,47.73519134521485,51.21951198577881,0,0,0,386.0774827277582,260,0.0039,0.0,0.0,0.0,0.0
05042,SANTA FÉ DE ANTIOQUIA,ANTIOQUIA,5.699999809265137,4.817836761474609,761.666748046875,28673.0,18671.0,10002.0,32.483604431152344,36.57963228225708,0,0,0,377.0670874047436,261,0.0018,0.0,0.035,0.0,0.0
05055,ARGELIA,ANTIOQUIA,5.699999809265137,5.122040748596191,808.839599609375,8242.0,3934.0,4308.0,49.02826690673828,59.319786071777344,0,0,0,372.2347239696773,262,0.0052,0.0,0.001,0.0,0.0
25168,CHAGUANÍ,CUNDINAMARCA,6.0,4.9803466796875,755.3889770507812,4402.0,1304.0,3098.0,61.36882019042969,67.37642478942871,0,0,0,365.9205934045324,263,0.0013,0.0,0.0587,0.0,0.0
05660,SAN LUIS,ANTIOQUIA,5.599999904632568,4.985991954803467,655.3470458984375,14593.0,8836.0,5757.0,36.18172073364258,44.077880859375,0,0,0,361.386743242995,264,0.0039,0.0,0.0213,0.0,0.0
05059,ARMENIA,ANTIOQUIA,5.800000190734863,5.196396350860596,771.2395629882812,5292.0,1927.0,3365.0,45.022193908691406,47.93912482261658,0,0,0,358.7450428233856,265,0.006,0.0,0.0036,0.0,0.0
41132,CAMPOALEGRE,HUILA,5.5,4.584051609039307,588.21142578125,31970.0,24372.0,7598.0,36.7369384765625,42.83145332336426,0,0,0,356.1800254266738,266,0.0009,0.0,0.0,0.0,0.0
19137,CALDONO,CAUCA,5.400000095367432,4.7943339347839355,612.1747436523438,45131.0,1751.0,43380.0,51.009708404541016,61.786407470703125,0,0,0,355.13813779822686,267,0.0014,0.0,0.0,0.0,0.0
05313,GRANADA,ANTIOQUIA,5.699999809265137,5.0255208015441895,648.0521240234375,10502.0,5873.0,4629.0,34.916202545166016,37.21291255950928,0,0,0,353.85857474213367,268,0.0012,0.0,0.0077,0.0,0.0
05197,COCORNÁ,ANTIOQUIA,5.599999904632568,5.004115104675293,736.0020751953125,16099.0,7397.0,8702.0,47.33646774291992,51.68429374694824,0,0,0,348.09276556039174,269,0.0036,0.0,0.0012,0.0,0.0
05652,SAN FRANCISCO,ANTIOQUIA,5.800000190734863,5.0872931480407715,677.934326171875,6089.0,2820.0,3269.0,35.8085823059082,52.20022201538086,0,0,0,331.9323117802511,270,0.0027,0.0,0.0149,0.0,0.0
19809,TIMBIQUÍ,CAUCA,5.400000095367432,4.740242958068848,455.1220703125,29935.0,6800.0,23135.0,15.870378494262695,96.86331367492676,0,0,0,288.470330026865,271,0.0016,0.0,0.0,0.0,0.0
05237,DONMATÍAS,ANTIOQUIA,5.5,4.851485252380371,612.64404296875,19849.0,13085.0,6764.0,23.903369903564453,24.62386155128479,0,0,0,285.2088259621174,272,0.0008,0.0,0.0,0.0,0.0
25483,NARIÑO,CUNDINAMARCA,5.900000095367432,5.254716396331787,652.6303100585938,2492.0,1846.0,646.0,40.69767379760742,44.418604135513306,0,0,0,284.0553293855625,273,0.0015,0.0,0.0136,0.0,0.0
25599,APULO,CUNDINAMARCA,5.599999904632568,5.0447998046875,643.558349609375,8689.0,4215.0,4474.0,40.19505310058594,52.73423767089844,0,0,0,249.29563922088343,274,0.0024,0.0,0.0077,0.0,0.0
73226,CUNDAY,TOLIMA,5.699999809265137,4.943907260894775,667.76171875,9076.0,2608.0,6468.0,58.27015686035156,70.26188659667969,0,0,0,228.90517783941337,275,0.0015,0.0,0.0464,0.0,0.0
05044,ANZÁ,ANTIOQUIA,5.599999904632568,5.033590793609619,783.8640747070312,7737.0,1663.0,6074.0,62.375770568847656,66.11453056335449,0,0,0,222.29788483801093,276,0.0025,0.0,0.0066,0.0,0.0
25175,CHÍA,CUNDINAMARCA,5.199999809265137,4.358750343322754,501.9812622070313,177550.0,139448.0,38102.0,19.873939514160156,24.098097324371334,2,2,0,214.49326624858168,277,0.0008,0.0,0.0,0.0,0.0
25745,SIMIJACA,CUNDINAMARCA,5.400000095367432,4.577894687652588,512.9452514648438,14680.0,9597.0,5083.0,24.57843589782715,28.078691482543945,0,0,0,192.55369593692313,278,0.001,0.0,0.0,0.0,0.0
05887,YARUMAL,ANTIOQUIA,5.5,4.47128963470459,653.8197021484375,41853.0,30156.0,11697.0,34.20427703857422,37.35374474525452,0,0,0,189.37082098483484,279,0.0007,0.0,0.0,0.0,0.0
25099,BOJACÁ,CUNDINAMARCA,5.599999904632568,4.8194169998168945,585.0951538085938,11019.0,9176.0,1843.0,19.259992599487305,23.026097536087036,0,0,0,179.1720194265701,280,0.0013,0.0,0.0,0.0,0.0
25885,YACOPÍ,CUNDINAMARCA,5.699999809265137,4.673755168914795,674.736328125,10779.0,3433.0,7346.0,27.229339599609375,75.91057586669922,0,0,0,177.83100541417522,281,0.0024,0.0,0.2061,0.2130515430013029,0.0002218770800976
05021,ALEJANDRÍA,ANTIOQUIA,5.800000190734863,4.99770975112915,540.4641723632812,5347.0,3022.0,2325.0,32.7312126159668,37.28323554992676,0,0,0,176.6309395862663,282,0.0009,0.0,0.2635,0.6391546290039088,0.0049423393739703
05480,MUTATÁ,ANTIOQUIA,5.400000095367432,4.529476165771484,562.7149658203125,13717.0,5451.0,8266.0,22.746023178100582,71.62640190124512,1,1,0,174.7729580367885,283,0.0013,0.0,0.0,0.0,0.0
05240,EBÉJICO,ANTIOQUIA,5.599999904632568,4.932758331298828,772.3120727539062,12571.0,2762.0,9809.0,50.417972564697266,52.11598718166351,0,0,0,163.2907304599823,284,0.0042,0.0,0.0045,0.0,0.0
05649,SAN CARLOS,ANTIOQUIA,5.5,4.897241592407227,615.158203125,16961.0,7985.0,8976.0,30.82410430908203,35.72367238998413,0,0,0,160.61132805718273,285,0.0024,0.0,0.0015,0.0,0.0
25368,JERUSALÉN,CUNDINAMARCA,5.699999809265137,5.102212905883789,695.7513427734375,2115.0,886.0,1229.0,67.9918441772461,75.63710403442383,0,0,0,159.90227527983305,286,0.0015,0.0,0.0101,0.0,0.0
25386,LA MESA,CUNDINAMARCA,5.400000095367432,4.825516700744629,688.8421020507812,38076.0,22548.0,15528.0,26.20775032043457,31.9147047996521,0,0,0,156.17228835104552,287,0.0012,0.0,0.0017,0.0,0.0
25878,VIOTÁ,CUNDINAMARCA,5.400000095367432,4.752912521362305,742.0950927734375,13496.0,5292.0,8204.0,34.90245819091797,55.21628379821777,0,0,0,153.96991088301314,288,0.0027,0.0,0.0043,0.0,0.0
05172,CHIGORODÓ,ANTIOQUIA,5.300000190734863,4.67883825302124,380.0864562988281,56664.0,47673.0,8991.0,27.50135612487793,41.770700454711914,0,0,0,146.21859404367896,289,0.0008,0.0,0.0,0.0,0.0
41615,RIVERA,HUILA,5.400000095367432,4.52151346206665,646.4282836914062,29544.0,14137.0,15407.0,44.830657958984375,48.44028353691101,0,0,0,140.79543142938147,290,0.001,0.0,0.0,0.0,0.0
05206,CONCEPCIÓN,ANTIOQUIA,5.699999809265137,4.977450847625732,564.4088134765625,5136.0,2251.0,2885.0,50.99715042114258,53.13390254974365,0,0,0,132.25096426761803,291,0.001,0.0,0.2121,0.2130515430013029,0.0010559662090813
05308,GIRARDOTA,ANTIOQUIA,5.300000190734863,4.621951103210449,769.7633666992188,62138.0,34131.0,28007.0,31.32333755493164,32.60104286670685,0,0,0,126.57329342411452,292,0.0009,0.0,0.0,0.0,0.0
05347,HELICONIA,ANTIOQUIA,5.5,5.039495944976807,800.1721801757812,4961.0,2262.0,2699.0,56.646705627441406,58.44311285018921,0,0,0,123.18784148822864,293,0.0025,0.0,0.0,0.0,0.0
25580,PULÍ,CUNDINAMARCA,5.599999904632568,5.049246311187744,731.3798828125,3731.0,1043.0,2688.0,67.78455352783203,72.25609827041626,0,0,0,121.74608106225652,294,0.001,0.0,0.0017,0.0,0.0
19780,SUÁREZ,CAUCA,5.400000095367432,4.685025215148926,724.7693481445312,38524.0,6828.0,31696.0,53.040802001953125,76.58455276489258,0,0,0,109.3437491528471,295,0.0018,0.0,0.0,0.0,0.0
05667,SAN RAFAEL,ANTIOQUIA,5.5,4.796448230743408,646.6773681640625,17572.0,9133.0,8439.0,45.68516540527344,48.81087327003479,0,0,0,107.2353354032344,296,0.001,0.0,0.0816,0.0,0.0
05690,SANTO DOMINGO,ANTIOQUIA,5.400000095367432,4.756410121917725,638.10986328125,13568.0,3461.0,10107.0,72.04106140136719,73.973428606987,5,5,0,101.1349095642329,297,0.0008,0.0,0.0,0.0,0.0
73555,PLANADAS,TOLIMA,5.599999904632568,4.779031276702881,763.8629760742188,27457.0,7888.0,19569.0,43.07862854003906,77.09223556518555,0,0,0,100.7121016257426,298,0.0097,0.0,0.0012,0.0,0.0
73352,ICONONZO,TOLIMA,5.699999809265137,4.719069480895996,755.2981567382812,12523.0,3867.0,8656.0,42.23064422607422,54.92690849304199,0,0,0,99.27828257923356,299,0.0022,0.0,0.0026,0.0,0.0
25843,VILLA DE SAN DIEGO DE UBATÉ,CUNDINAMARCA,5.199999809265137,4.496190547943115,537.3085327148438,48587.0,38660.0,9927.0,22.105262756347656,24.615384101867676,0,0,0,88.6175275293005,300,0.0008,0.0,0.0,0.0,0.0
25875,VILLETA,CUNDINAMARCA,5.300000190734863,4.828168869018555,711.1626586914062,29687.0,21584.0,8103.0,26.094831466674805,32.53063344955444,0,0,0,87.60176146247885,301,0.0021,0.0,0.004,0.0,0.0
05670,SAN ROQUE,ANTIOQUIA,5.300000190734863,4.8449883460998535,543.5419311523438,24855.0,8391.0,16464.0,57.082725524902344,62.959364891052246,0,0,0,80.92817112074056,302,0.001,0.0,0.0,0.0,0.0
05086,BELMIRA,ANTIOQUIA,5.599999904632568,4.862126350402832,609.8245239257812,6148.0,1827.0,4321.0,60.07677459716797,64.04350519180298,0,0,0,77.00924136786112,303,0.001,0.0,0.0,0.0,0.0
19821,TORIBÍO,CAUCA,5.300000190734863,4.669309139251709,797.8221435546875,40488.0,2185.0,38303.0,51.24140167236328,69.62309455871582,0,0,0,76.408459712732,304,0.0018,0.0,0.0,0.0,0.0
19807,TIMBÍO,CAUCA,5.300000190734863,4.64642858505249,460.3218994140625,39534.0,15712.0,23822.0,26.524444580078125,42.880001068115234,0,0,0,72.10432219407673,305,0.0009,0.0,0.0,0.0,0.0
05501,OLAYA,ANTIOQUIA,5.599999904632568,4.6697678565979,788.8756103515625,3496.0,397.0,3099.0,59.87779998779297,64.25661849975586,3,3,0,70.13687865658211,306,0.0018,0.0,0.0116,0.0,0.0
05890,YOLOMBÓ,ANTIOQUIA,5.400000095367432,4.721164226531982,534.1056518554688,25236.0,8119.0,17117.0,66.04312133789062,73.4939775466919,0,0,0,61.898564765919765,307,0.001,0.0,0.0,0.0,0.0
73873,VILLARRICA,TOLIMA,5.699999809265137,4.696990966796875,737.6769409179688,5290.0,2049.0,3241.0,42.305686950683594,60.45905113220215,0,0,0,61.329734501327614,308,0.0019,0.0,0.0516,0.0,0.0
41078,BARAYA,HUILA,5.5,4.533035755157471,697.116455078125,8137.0,3849.0,4288.0,47.008548736572266,54.385966777801514,0,0,0,58.52276153784791,309,0.0012,0.0,0.0,0.0,0.0
05234,DABEIBA,ANTIOQUIA,5.400000095367432,4.4502787590026855,732.603759765625,24937.0,10272.0,14665.0,33.5804557800293,63.75737190246582,2,2,0,56.52412505015925,310,0.0018,0.0,0.0,0.0,0.0
25290,FUSAGASUGÁ,CUNDINAMARCA,5.199999809265137,4.695361137390137,693.1350708007812,162844.0,141800.0,21044.0,15.538233757019045,17.364567518234253,1,1,0,55.98448532404175,311,0.0015,0.0,0.0,0.0,0.0
05658,SAN JOSÉ DE LA MONTAÑA,ANTIOQUIA,5.400000095367432,4.817600250244141,567.9567260742188,4070.0,2643.0,1427.0,41.39004135131836,43.46473026275635,0,0,0,55.82129511574883,312,0.0007,0.0,0.0,0.0,0.0
05656,SAN JERÓNIMO,ANTIOQUIA,5.400000095367432,4.695000171661377,808.8536987304688,18757.0,8640.0,10117.0,41.70760345458984,43.83625841140747,0,0,0,55.31476942763733,313,0.0029,0.0,0.0,0.0,0.0
15676,SAN MIGUEL DE SEMA,BOYACÁ,5.400000095367432,4.664210796356201,419.6788940429687,3081.0,521.0,2560.0,63.407257080078125,68.34677314758301,0,0,0,52.354704052088486,314,0.0007,0.0,0.0,0.0,0.0
25596,QUIPILE,CUNDINAMARCA,5.400000095367432,4.863077163696289,745.555419921875,5561.0,987.0,4574.0,61.753807067871094,72.4166316986084,0,0,0,49.47528596809688,315,0.0016,0.0,0.0004,0.0,0.0
05310,GÓMEZ PLATA,ANTIOQUIA,5.5,4.6160712242126465,635.7532348632812,10420.0,5649.0,4771.0,43.56402587890625,46.104982137680054,0,0,0,46.55008991448192,316,0.0013,0.0,0.0,0.0,0.0
25486,NEMOCÓN,CUNDINAMARCA,5.199999809265137,4.505102157592773,510.7887878417969,15058.0,8253.0,6805.0,37.37648391723633,41.32905316352844,0,0,0,45.02639730756223,317,0.0007,0.0,0.0,0.0,0.0
25295,GACHANCIPÁ,CUNDINAMARCA,5.300000190734863,4.397727012634277,555.29541015625,21830.0,15981.0,5849.0,20.736900329589844,24.23625230789185,0,0,0,42.07956501692499,318,0.0007,0.0,0.0,0.0,0.0
25851,ÚTICA,CUNDINAMARCA,5.400000095367432,4.9178948402404785,644.2084350585938,4344.0,2706.0,1638.0,48.36165237426758,58.616506576538086,0,0,0,40.91589134286064,319,0.0022,0.0,0.0,0.0,0.0
05150,CAROLINA,ANTIOQUIA,5.400000095367432,4.757432460784912,561.3013916015625,3932.0,2993.0,939.0,26.831148147583008,28.835774183273315,24,24,0,26.19006135422012,320,0.0009,0.0,0.0,0.0,0.0
41885,YAGUARÁ,HUILA,5.400000095367432,4.703293323516846,517.8296508789062,8074.0,6736.0,1338.0,23.549488067626953,25.511945366859436,0,0,0,23.97624741619233,321,0.0009,0.0,0.0,0.0,0.0
05125,CAICEDO,ANTIOQUIA,5.300000190734863,4.888725280761719,811.3921508789062,9134.0,2131.0,7003.0,69.77352142333984,71.68989777565002,24,22,2,23.349152547254334,322,0.0017,0.0,0.0,0.0,0.0
05142,CARACOLÍ,ANTIOQUIA,5.5,4.886153697967529,503.6761474609375,4482.0,2771.0,1711.0,52.33333206176758,61.466665267944336,0,0,0,23.125157002634904,323,0.0013,0.0,0.0,0.0,0.0
52250,EL CHARCO,NARIÑO,5.199999809265137,4.276501178741455,509.2968444824219,22503.0,7530.0,14973.0,13.12937068939209,98.63636684417725,0,0,0,23.055162827048296,324,0.0011,0.0,0.0,0.0,0.0
25317,GUACHETÁ,CUNDINAMARCA,5.300000190734863,4.354335308074951,547.3017578125,15106.0,7757.0,7349.0,33.75148010253906,36.37869906425476,0,0,0,22.624216187499663,325,0.0007,0.0,0.0,0.0,0.0
19256,EL TAMBO,CAUCA,5.300000190734863,4.24552059173584,730.8097534179688,58555.0,2546.0,56009.0,42.873023986816406,70.44389724731445,0,0,0,22.336612075284005,326,0.0022,0.0,0.0,0.0,0.0
05893,YONDÓ,ANTIOQUIA,5.400000095367432,4.814383029937744,268.08831787109375,22429.0,11856.0,10573.0,24.10763359069824,61.92568397521973,0,0,0,21.368637519146137,327,0.0009,0.0,0.0,0.0,0.0
25123,CACHIPAY,CUNDINAMARCA,5.300000190734863,4.799999713897705,696.5352172851562,10366.0,4356.0,6010.0,27.57847595214844,32.95964193344116,0,0,0,21.183075067229936,328,0.0013,0.0,0.0,0.0,0.0
25148,CAPARRAPÍ,CUNDINAMARCA,5.400000095367432,4.75032377243042,763.1543579101562,11089.0,3561.0,7528.0,45.73849868774414,71.0895881652832,0,0,0,19.79380789353472,329,0.0024,0.0,0.0017,0.0,0.0
05038,ANGOSTURA,ANTIOQUIA,5.300000190734863,4.6740522384643555,563.0183715820312,12558.0,3193.0,9365.0,67.4306411743164,69.7225592136383,0,0,0,18.02045892968977,330,0.001,0.0,0.0,0.0,0.0
25377,LA CALERA,CUNDINAMARCA,5.300000190734863,4.429845809936523,700.7086791992188,44374.0,18940.0,25434.0,26.8399658203125,28.39109981060028,0,0,0,16.766331197678138,331,0.0008,0.0,0.0,0.0,0.0
25328,GUAYABAL DE SÍQUIMA,CUNDINAMARCA,5.300000190734863,4.825000286102295,713.1200561523438,5227.0,1600.0,3627.0,33.16474151611328,39.45086860656738,0,0,0,16.07125220371232,332,0.0015,0.0,0.0,0.0,0.0
25740,SIBATÉ,CUNDINAMARCA,5.199999809265137,4.658064842224121,619.4749755859375,40496.0,27027.0,13469.0,24.882152557373047,27.331547021865845,0,0,0,15.328752754975245,333,0.001,0.0,0.0,0.0,0.0
19517,PÁEZ,CAUCA,5.300000190734863,4.4090399742126465,780.2778930664062,54283.0,2463.0,51820.0,64.5396499633789,80.54922103881836,0,0,0,14.029381824928672,334,0.0254,0.0,0.0,0.0,0.0
19318,GUAPI,CAUCA,5.199999809265137,4.477382659912109,445.573974609375,29766.0,14854.0,14912.0,26.183929443359375,97.6626968383789,0,0,0,13.93923983693592,335,0.0016,0.0,0.0,0.0,0.0
73236,DOLORES,TOLIMA,5.400000095367432,4.7216715812683105,719.1463012695312,8635.0,3590.0,5045.0,47.65848922729492,53.169798374176025,3,3,0,12.274208435993849,336,0.0017,0.0,0.0,0.0,0.0
25779,SUSA,CUNDINAMARCA,5.300000190734863,4.313207149505615,622.450927734375,6601.0,2778.0,3823.0,34.72931671142578,37.94688558578491,0,0,0,11.918181850299888,337,0.0007,0.0,0.0,0.0,0.0
05425,MACEO,ANTIOQUIA,5.300000190734863,4.776252746582031,483.39892578125,8902.0,3581.0,5321.0,51.43081283569336,61.191691398620605,0,0,0,11.173091037302898,338,0.0008,0.0,0.0,0.0,0.0
52696,SANTA BÁRBARA,NARIÑO,5.199999809265137,4.461702346801758,396.6343994140625,14357.0,3964.0,10393.0,14.35897445678711,99.41392135620116,0,0,0,10.308365880247363,339,0.0008,0.0,0.0,0.0,0.0
15176,CHIQUINQUIRÁ,BOYACÁ,5.199999809265137,4.353987693786621,580.1736450195312,58330.0,51635.0,6695.0,16.304880142211914,18.45106601715088,0,0,0,10.26343422606026,340,0.001,0.0,0.0,0.0,0.0
23807,TIERRALTA,CÓRDOBA,5.199999809265137,4.246097564697266,544.4349975585938,102387.0,46621.0,55766.0,40.57875061035156,84.89290237426758,0,0,0,9.148449989467446,341,0.0009,0.0,0.0,0.0,0.0
25736,SESQUILÉ,CUNDINAMARCA,5.199999809265137,4.293662071228027,600.860595703125,13074.0,4986.0,8088.0,42.83638381958008,45.24847340583801,0,0,0,8.868307815819346,342,0.0007,0.0,0.0,0.0,0.0
25398,LA PEÑA,CUNDINAMARCA,5.300000190734863,4.6968512535095215,727.8220825195312,6060.0,1511.0,4549.0,65.0596694946289,79.04535007476807,0,0,0,8.348735376854515,343,0.0017,0.0,0.0,0.0,0.0
25095,BITUIMA,CUNDINAMARCA,5.300000190734863,4.848386764526367,730.8355712890625,2461.0,621.0,1840.0,42.35033416748047,47.89357137680054,0,0,0,7.8369052595058735,344,0.0025,0.0,0.0,0.0,0.0
19824,TOTORÓ,CAUCA,5.199999809265137,4.528179168701172,585.2897338867188,27710.0,1089.0,26621.0,53.80731964111328,82.07824897766113,0,0,0,7.286609347687028,345,0.0012,0.0,0.0,0.0,0.0
25394,LA PALMA,CUNDINAMARCA,5.300000190734863,4.763917922973633,679.70361328125,9725.0,4899.0,4826.0,43.01911163330078,56.04146385192871,0,0,0,7.234091938545176,346,0.002,0.0,0.0,0.0,0.0
19743,SILVIA,CAUCA,5.199999809265137,4.574559211730957,637.8643798828125,40504.0,4076.0,36428.0,48.73855209350586,58.74980068206787,2,2,0,7.167692908136644,347,0.0023,0.0,0.0,0.0,0.0
25817,TOCANCIPÁ,CUNDINAMARCA,5.099999904632568,4.454166889190674,482.8319091796875,50587.0,23617.0,26970.0,50.68651580810547,59.84264087677002,0,0,0,7.102774828131289,348,0.0008,0.0,0.0,0.0,0.0
52390,LA TOLA,NARIÑO,5.199999809265137,4.726024150848389,263.05975341796875,7963.0,3181.0,4782.0,35.15111541748047,99.60578155517578,0,0,0,6.979589404385793,349,0.0006,0.0,0.0,0.0,0.0
25258,EL PEÑÓN,CUNDINAMARCA,5.400000095367432,4.645112991333008,679.7149658203125,4719.0,970.0,3749.0,67.74647521972656,82.60562992095947,0,0,0,6.966130316122069,350,0.0025,0.0,0.0,0.0,0.0
41349,HOBO,HUILA,5.300000190734863,4.427748203277588,608.71728515625,8175.0,6302.0,1873.0,42.1444206237793,50.459519386291504,0,0,0,6.089429445624288,351,0.0008,0.0,0.0,0.0,0.0
73024,ALPUJARRA,TOLIMA,5.400000095367432,4.661828994750977,727.1250610351562,4892.0,2309.0,2583.0,45.47787094116211,48.171905517578125,0,0,0,5.7285143526073306,352,0.0018,0.0,0.0,0.0,0.0
25867,VIANÍ,CUNDINAMARCA,5.199999809265137,4.856716156005859,756.0476684570312,4676.0,1916.0,2760.0,44.72602844238281,52.05479574203491,0,0,0,5.474588983624256,353,0.0013,0.0,0.0,0.0,0.0
41801,TERUEL,HUILA,5.400000095367432,4.511464595794678,738.0220947265625,8277.0,4408.0,3869.0,46.47108840942383,50.89285707473755,0,0,0,4.632509602980855,354,0.0032,0.0,0.0,0.0,0.0
05647,SAN ANDRÉS DE CUERQUÍA,ANTIOQUIA,5.199999809265137,4.378640651702881,769.9437866210938,7380.0,3162.0,4218.0,55.57244110107422,62.208712577819824,0,0,0,4.525652281227054,355,0.0012,0.0,0.0,0.0,0.0
25491,NOCAIMA,CUNDINAMARCA,5.199999809265137,4.694118022918701,712.2691040039062,5499.0,2119.0,3380.0,47.3945426940918,53.697272300720215,0,0,0,4.446772755753241,356,0.0012,0.0,0.0,0.0,0.0
05079,BARBOSA,ANTIOQUIA,5.099999904632568,4.540191650390625,806.468017578125,64314.0,27477.0,36837.0,45.107887268066406,46.9804071187973,0,0,0,4.290806129199485,357,0.0011,0.0,0.0,0.0,0.0
25823,TOPAIPÍ,CUNDINAMARCA,5.300000190734863,4.776389122009277,591.3903198242188,3935.0,980.0,2955.0,55.22184371948242,82.66211700439453,0,0,0,3.7233198059856742,358,0.0018,0.0,0.0,0.0,0.0
25402,LA VEGA,CUNDINAMARCA,5.199999809265137,4.563225746154785,738.1973876953125,19326.0,8596.0,10730.0,35.0692138671875,40.95802974700928,4,4,0,3.699713541570498,359,0.0011,0.0,0.0,0.0,0.0
05885,YALÍ,ANTIOQUIA,5.199999809265137,4.718077182769775,463.05078125,7724.0,3806.0,3918.0,36.99911117553711,53.91807746887207,0,0,0,3.4656523200579787,360,0.0008,0.0,0.0,0.0,0.0
05004,ABRIAQUÍ,ANTIOQUIA,5.300000190734863,4.790333271026611,748.2776489257812,2804.0,914.0,1890.0,43.17010498046875,59.020620346069336,0,0,0,3.3910257374789143,361,0.0013,0.0,0.0,0.0,0.0
25772,SUESCA,CUNDINAMARCA,5.199999809265137,4.328235626220703,567.1888427734375,19762.0,10339.0,9423.0,29.41586685180664,31.578028917312626,0,0,0,3.2198331415585684,362,0.0008,0.0,0.0,0.0,0.0
25797,TENA,CUNDINAMARCA,5.099999904632568,4.557692527770996,785.6692504882812,11534.0,1623.0,9911.0,34.16775131225586,40.53966283798218,0,0,0,2.9573022886641307,363,0.0015,0.0,0.0,0.0,0.0
52473,MOSQUERA,NARIÑO,5.099999904632568,4.523367881774902,295.6088562011719,12092.0,5740.0,6352.0,7.460545063018799,99.748920917511,0,0,0,2.7919703971022276,364,0.0008,0.0,0.0,0.0,0.0
25040,ANOLAIMA,CUNDINAMARCA,5.099999904632568,4.7170729637146,754.9732055664062,14735.0,5510.0,9225.0,39.7703971862793,44.75194692611694,0,0,0,2.741816518718196,365,0.0013,0.0,0.0,0.0,0.0
25322,GUASCA,CUNDINAMARCA,5.199999809265137,4.263561725616455,650.5906982421875,18176.0,8752.0,9424.0,24.399261474609375,26.596837997436523,0,0,0,2.654155274244917,366,0.0008,0.0,0.0,0.0,0.0
15632,SABOYÁ,BOYACÁ,5.199999809265137,4.212800025939941,610.07275390625,14624.0,1545.0,13079.0,50.69056701660156,56.18571853637695,0,0,0,2.501074159791981,367,0.0007,0.0,0.0,0.0,0.0
05147,CAREPA,ANTIOQUIA,5.099999904632568,4.603308200836182,368.9910888671875,51298.0,37099.0,14199.0,31.53390884399414,50.23889350891113,0,0,0,2.4805570065440534,368,0.0006,0.0,0.0,0.0,0.0
41797,TESALIA,HUILA,5.199999809265137,4.473170757293701,604.396484375,12440.0,6171.0,6269.0,46.45140838623047,50.543479919433594,0,0,0,2.3523159604496136,369,0.001,0.0,0.0,0.0,0.0
25288,FÚQUENE,CUNDINAMARCA,5.199999809265137,4.378947734832764,554.1369018554688,4926.0,516.0,4410.0,44.75287628173828,47.461068630218506,0,0,0,2.0119917874906044,370,0.0007,0.0,0.0,0.0,0.0
05190,CISNEROS,ANTIOQUIA,5.099999904632568,4.544897556304932,717.5979614257812,10136.0,8896.0,1240.0,48.98659133911133,53.009042263031006,0,0,0,2.0017811936662127,371,0.0007,0.0,0.0,0.0,0.0
25718,SASAIMA,CUNDINAMARCA,5.099999904632568,4.7194695472717285,713.0088500976562,11493.0,3635.0,7858.0,41.34093475341797,47.50271558761597,0,0,0,1.8976405051397904,372,0.0018,0.0,0.0,0.0,0.0
68773,SUCRE,SANTANDER,5.199999809265137,4.240266799926758,674.1370239257812,7374.0,835.0,6539.0,56.35635757446289,77.97797966003418,0,0,0,1.76729409385175,373,0.0012,0.0,0.0,0.0,0.0
25805,TIBACUY,CUNDINAMARCA,5.199999809265137,4.635293960571289,805.4117431640625,4222.0,815.0,3407.0,46.294185638427734,59.7491455078125,0,0,0,1.670343777289034,374,0.0016,0.0,0.0,0.0,0.0
68081,BARRANCABERMEJA,SANTANDER,5.099999904632568,4.55108118057251,267.2530212402344,230559.0,202927.0,27632.0,27.761545181274418,38.555908203125,0,0,0,1.5066324647799283,375,0.0006,0.0,0.0,0.0,0.0
05411,LIBORINA,ANTIOQUIA,5.199999809265137,4.456951141357422,852.2183227539062,10896.0,2805.0,8091.0,63.90715789794922,64.87427586317062,0,0,0,1.4410833776369905,376,0.0017,0.0,0.0,0.0,0.0
25592,QUEBRADANEGRA,CUNDINAMARCA,5.099999904632568,4.722222328186035,785.1234741210938,4957.0,838.0,4119.0,58.81642532348633,67.81400966644287,0,0,0,1.299035687361903,377,0.0018,0.0,0.0,0.0,0.0
25506,VENECIA,CUNDINAMARCA,5.199999809265137,4.587705135345459,763.8147583007812,4565.0,1602.0,2963.0,35.23997497558594,60.68376159667969,0,0,0,1.2656714105585398,378,0.0015,0.0,0.0,0.0,0.0
52490,OLAYA HERRERA,NARIÑO,5.099999904632568,4.629859447479248,252.3582305908203,27248.0,11983.0,15265.0,8.687737464904785,99.70213413238524,0,0,0,1.2069347599254048,379,0.0009,0.0,0.0,0.0,0.0
05031,AMALFI,ANTIOQUIA,5.099999904632568,4.35016393661499,625.3617553710938,29394.0,17045.0,12349.0,24.157716751098633,51.00779724121094,4,0,4,1.0354752266894438,380,0.0012,0.0,0.0,0.0,0.0
25245,EL COLEGIO,CUNDINAMARCA,5.099999904632568,4.597413539886475,793.479248046875,27387.0,13688.0,13699.0,21.31816291809082,26.728209972381592,5,2,3,0.9461473028176324,381,0.0021,0.0,0.0,0.0,0.0
25489,NIMAIMA,CUNDINAMARCA,5.099999904632568,4.6186442375183105,765.2152709960938,3669.0,1034.0,2635.0,50.30211639404297,58.610273361206055,0,0,0,0.93572284306827,382,0.0017,0.0,0.0,0.0,0.0
25200,COGUA,CUNDINAMARCA,5.099999904632568,4.282835960388184,631.3917846679688,25806.0,11039.0,14767.0,34.57802200317383,37.32544159889221,0,0,0,0.8363072946070623,383,0.0008,0.0,0.0,0.0,0.0
05604,REMEDIOS,ANTIOQUIA,5.199999809265137,4.459437847137451,447.928466796875,33548.0,14710.0,18838.0,40.232269287109375,68.28425407409668,0,0,0,0.7758537105793861,384,0.0007,0.0,0.0,0.0,0.0
68573,PUERTO PARRA,SANTANDER,5.099999904632568,4.746493339538574,289.1685791015625,9155.0,3493.0,5662.0,37.68374252319336,68.77505683898926,0,0,0,0.7614757718053294,385,0.0009,0.0,0.0,0.0,0.0
27372,JURADÓ,CHOCÓ,5.199999809265137,4.383545398712158,512.1989135742188,8761.0,3021.0,5740.0,14.17244815826416,88.00792789459229,0,0,0,0.7582710266198198,386,0.0009,0.0,0.0,0.0,0.0
25053,ARBELÁEZ,CUNDINAMARCA,5.099999904632568,4.635000228881836,730.6792602539062,10653.0,5135.0,5518.0,25.755813598632812,33.19767427444458,0,0,0,0.641016948431523,387,0.0015,0.0,0.0,0.0,0.0
25120,CABRERA,CUNDINAMARCA,5.199999809265137,4.574821949005127,730.3648071289062,4931.0,1464.0,3467.0,41.05409240722656,74.68793487548828,0,0,0,0.5601119969952064,388,0.0022,0.0,0.0,0.0,0.0
68250,EL PEÑÓN,SANTANDER,5.099999904632568,4.141353607177734,718.6493530273438,5321.0,918.0,4403.0,44.3708610534668,78.39403915405273,0,0,0,0.5266204394169528,389,0.0022,0.0,0.0,0.0,0.0
19364,JAMBALÓ,CAUCA,5.099999904632568,4.546610355377197,786.0665283203125,19492.0,1803.0,17689.0,44.5776252746582,61.87214660644531,0,0,0,0.4227810361573648,390,0.0031,0.0,0.0,0.0,0.0
68385,LANDÁZURI,SANTANDER,5.099999904632568,4.0596604347229,697.22509765625,10632.0,3730.0,6902.0,42.96411895751953,70.76443099975586,0,0,0,0.3892416845522795,391,0.0008,0.0,0.0,0.0,0.0
41676,SANTA MARÍA,HUILA,5.099999904632568,4.522093296051025,778.533447265625,10798.0,2574.0,8224.0,66.31511688232422,74.46468544006348,0,0,0,0.3463549346270592,392,0.0023,0.0,0.0,0.0,0.0
25224,CUCUNUBÁ,CUNDINAMARCA,5.099999904632568,4.302727222442627,590.904541015625,8367.0,1868.0,6499.0,38.646183013916016,42.77484369277954,0,0,0,0.3434217115049029,393,0.0007,0.0,0.0,0.0,0.0
25649,SAN BERNARDO,CUNDINAMARCA,5.099999904632568,4.5625,736.4588623046875,8732.0,4182.0,4550.0,33.046085357666016,52.64143943786621,0,0,0,0.3399096264965423,394,0.0009,0.0,0.0,0.0,0.0
05842,URAMITA,ANTIOQUIA,5.099999904632568,4.398077011108398,813.80615234375,7527.0,2537.0,4990.0,70.03853607177734,82.41811180114746,2,2,0,0.3339992628764681,395,0.001,0.0,0.0,0.0,0.0
25524,PANDI,CUNDINAMARCA,5.099999904632568,4.630666732788086,768.364013671875,4883.0,1402.0,3481.0,44.553314208984375,55.10086441040039,0,0,0,0.3193292200116223,396,0.0019,0.0,0.0,0.0,0.0
25862,VERGARA,CUNDINAMARCA,5.099999904632568,4.558389186859131,723.5859375,6648.0,1674.0,4974.0,66.27348327636719,76.01572895050049,1,0,1,0.2483448711048384,397,0.0013,0.0,0.0,0.0,0.0
50370,URIBE,META,5.199999809265137,4.284355640411377,650.7120971679688,9770.0,2085.0,7685.0,10.627647399902344,89.87293243408203,5,5,0,0.2476852199779086,398,0.0053,0.0,0.0,0.0,0.0
25181,CHOACHÍ,CUNDINAMARCA,5.099999904632568,4.1415886878967285,804.2383422851562,11302.0,5164.0,6138.0,28.84777069091797,32.268011808395386,0,0,0,0.220899800634668,399,0.0014,0.0,0.0,0.0,0.0
23580,PUERTO LIBERTADOR,CÓRDOBA,5.099999904632568,4.253698348999023,562.7845458984375,46580.0,14280.0,32300.0,34.215450286865234,86.84843444824219,0,0,0,0.2035688115805967,400,0.0009,0.0,0.0,0.0,0.0
50226,CUMARAL,META,5.099999904632568,4.599646091461182,331.4803771972656,24830.0,16131.0,8699.0,31.01422882080078,40.49079799652099,0,0,0,0.1952428490920175,401,0.0012,0.0,0.0,0.0,0.0
19355,INZÁ,CAUCA,5.099999904632568,4.319399356842041,706.2660522460938,29058.0,894.0,28164.0,63.68758392333984,81.18647956848145,0,0,0,0.192252757666521,402,0.0024,0.0,0.0,0.0,0.0
05736,SEGOVIA,ANTIOQUIA,5.099999904632568,4.297894477844238,471.32611083984375,39549.0,32366.0,7183.0,44.60298156738281,66.07059860229492,0,0,0,0.1821890877967168,403,0.0007,0.0,0.0,0.0,0.0
15580,QUÍPAMA,BOYACÁ,5.099999904632568,4.406706809997559,746.3597412109375,5012.0,1517.0,3495.0,24.466825485229492,82.28672981262207,0,0,0,0.176165654912056,404,0.0011,0.0,0.0,0.0,0.0
05858,VEGACHÍ,ANTIOQUIA,5.099999904632568,4.647826194763184,458.6268005371094,12183.0,8660.0,3523.0,29.14349365234375,44.79977798461914,0,0,0,0.1010606363476933,405,0.0008,0.0,0.0,0.0,0.0
15507,OTANCHE,BOYACÁ,5.099999904632568,4.401871204376221,702.42724609375,8205.0,3854.0,4351.0,10.760282516479492,77.14997673034668,0,0,0,0.0955594345413097,406,0.0019,0.0,0.0,0.0,0.0
18753,SAN VICENTE DEL CAGUÁN,CAQUETÁ,5.099999904632568,4.10916805267334,548.4133911132812,52805.0,24703.0,28102.0,19.684202194213867,75.20248603820801,0,0,0,0.0408888260127062,407,0.0016,0.0,0.0,0.0,0.0
50223,CUBARRAL,META,5.099999904632568,4.2326741218566895,758.3308715820312,7467.0,4892.0,2575.0,22.695615768432617,33.71568965911865,0,0,0,0.0271486207362268,408,0.0062,0.0,0.0,0.0,0.0
50330,MESETAS,META,5.099999904632568,4.161969184875488,645.4923095703125,11939.0,4805.0,7134.0,19.337017059326172,59.23233413696289,0,0,0,0.0263094628319128,409,0.0049,0.0,0.0,0.0,0.0
41206,COLOMBIA,HUILA,5.099999904632568,4.39611291885376,796.6426391601562,7761.0,2256.0,5505.0,59.454627990722656,66.56236171722412,1,1,0,0.025629069713876,410,0.0055,0.0,0.0,0.0,0.0
41306,GIGANTE,HUILA,5.0,4.162450313568115,698.8021850585938,23353.0,9334.0,14019.0,46.166622161865234,51.065598011016846,6,6,0,0.0,549,0.0007,0.0,0.0,0.0,0.0
25594,QUETAME,CUNDINAMARCA,4.400000095367432,4.024285793304443,866.2671508789062,5191.0,1824.0,3367.0,70.71256256103516,73.30918097496033,0,0,0,0.0,597,0.001,0.0,0.0,0.0,0.0
25758,SOPÓ,CUNDINAMARCA,5.0,4.215315341949463,573.5855712890625,34015.0,22576.0,11439.0,16.76027488708496,18.62394607067108,1,1,0,0.0,583,0.0008,0.0,0.0,0.0,0.0
25899,ZIPAQUIRÁ,CUNDINAMARCA,5.0,4.236269474029541,615.3253784179688,169869.0,134116.0,35753.0,22.261510848999023,23.319828867912292,1,1,0,0.0,584,0.0008,0.0,0.0,0.0,0.0
25898,ZIPACÓN,CUNDINAMARCA,5.0,4.600000381469727,752.5726318359375,4649.0,1591.0,3058.0,39.67948532104492,47.62820339202881,0,0,0,0.0,585,0.0014,0.0,0.0,0.0,0.0
25769,SUBACHOQUE,CUNDINAMARCA,5.0,4.345893383026123,644.4217529296875,18259.0,10193.0,8066.0,25.480470657348633,26.679065465927124,0,0,0,0.0,586,0.0008,0.0,0.0,0.0,0.0
25781,SUTATAUSA,CUNDINAMARCA,4.900000095367432,4.248437404632568,650.1890869140625,7004.0,2821.0,4183.0,30.64320373535156,33.98058247566223,0,0,0,0.0,587,0.0007,0.0,0.0,0.0,0.0
25297,GACHETÁ,CUNDINAMARCA,4.599999904632568,3.996197700500488,782.5326538085938,8615.0,4152.0,4463.0,52.3232307434082,56.16161465644837,0,0,0,0.0,588,0.0009,0.0,0.0,0.0,0.0
25873,VILLAPINZÓN,CUNDINAMARCA,4.599999904632568,4.155217170715332,616.3156127929688,18305.0,8220.0,10085.0,39.365352630615234,41.27358591556549,0,0,0,0.0,589,0.0007,0.0,0.0,0.0,0.0
25871,VILLAGÓMEZ,CUNDINAMARCA,4.900000095367432,4.455556392669678,715.5808715820312,1605.0,680.0,925.0,45.85987091064453,69.90445709228516,0,0,0,0.0,590,0.0011,0.0,0.0,0.0,0.0
25785,TABIO,CUNDINAMARCA,4.699999809265137,4.099999904632568,624.019775390625,23125.0,8558.0,14567.0,33.016700744628906,34.717328906059265,2,2,0,0.0,591,0.0007,0.0,0.0,0.0,0.0
25793,TAUSA,CUNDINAMARCA,5.0,4.316666603088379,638.4147338867188,8658.0,2225.0,6433.0,38.97732925415039,40.279789447784424,0,0,0,0.0,592,0.0007,0.0,0.0,0.0,0.0
25845,UNE,CUNDINAMARCA,4.800000190734863,4.289855003356934,735.9352416992188,6630.0,3954.0,2676.0,41.015625,45.00868058204651,0,0,0,0.0,593,0.0015,0.0,0.0,0.0,0.0
25807,TIBIRITA,CUNDINAMARCA,4.599999904632568,3.958620548248291,804.4776000976562,3384.0,792.0,2592.0,58.09334564208984,62.363454818725586,0,0,0,0.0,594,0.0007,0.0,0.0,0.0,0.0
25653,SAN CAYETANO,CUNDINAMARCA,4.599999904632568,4.206228733062744,794.435302734375,4790.0,1023.0,3767.0,55.63093566894531,83.44640350341797,0,0,0,0.0,595,0.0016,0.0,0.0,0.0,0.0
25645,SAN ANTONIO DEL TEQUENDAMA,CUNDINAMARCA,4.800000190734863,4.381111145019531,848.8900146484375,12209.0,1878.0,10331.0,45.2801628112793,48.48561453819275,0,0,0,0.0,596,0.0026,0.0,0.0,0.0,0.0
25535,PASCA,CUNDINAMARCA,5.0,4.449629306793213,765.55859375,9417.0,3532.0,5885.0,41.39372634887695,51.11498069763184,0,0,0,0.0,598,0.0012,0.0,0.0,0.0,0.0
41298,GARZÓN,HUILA,4.900000095367432,4.060590744018555,713.5408935546875,76970.0,41201.0,35769.0,35.24250030517578,40.154513359069824,3,3,0,0.0,550,0.0007,0.0,0.0,0.0,0.0
25530,PARATEBUENO,CUNDINAMARCA,4.800000190734863,4.2405476570129395,507.9359130859375,8909.0,4402.0,4507.0,50.341426849365234,64.90895366668701,0,0,0,0.0,599,0.0007,0.0,0.0,0.0,0.0
25518,PAIME,CUNDINAMARCA,4.800000190734863,4.364161968231201,754.1519775390625,3718.0,719.0,2999.0,45.63380432128906,89.3661994934082,0,0,0,0.0,600,0.0021,0.0,0.0,0.0,0.0
25513,PACHO,CUNDINAMARCA,4.800000190734863,4.289926052093506,765.7952270507812,25012.0,14881.0,10131.0,37.0934944152832,44.2186074256897,0,0,0,0.0,601,0.0015,0.0,0.0,0.0,0.0
25438,MEDINA,CUNDINAMARCA,4.800000190734863,4.000249862670898,719.1273193359375,8581.0,5254.0,3327.0,33.870967864990234,57.954545974731445,1,1,0,0.0,602,0.0101,0.0,0.0,0.0,0.0
25436,MANTA,CUNDINAMARCA,4.099999904632568,3.940566062927246,828.6934814453125,3420.0,1185.0,2235.0,44.73877716064453,47.60853433609009,0,0,0,0.0,603,0.0007,0.0,0.0,0.0,0.0
25426,MACHETÁ,CUNDINAMARCA,4.699999809265137,3.984482765197754,793.0379638671875,6285.0,2198.0,4087.0,56.36604690551758,59.41644477844238,0,0,0,0.0,604,0.0009,0.0,0.0,0.0,0.0
25407,LENGUAZAQUE,CUNDINAMARCA,4.800000190734863,4.195425033569336,615.7301025390625,10704.0,3792.0,6912.0,45.75619888305664,47.29304838180542,0,0,0,0.0,605,0.0007,0.0,0.0,0.0,0.0
25372,JUNÍN,CUNDINAMARCA,4.599999904632568,4.0494184494018555,792.4000854492188,4854.0,1086.0,3768.0,60.51091003417969,66.47152757644653,0,0,0,0.0,606,0.0012,0.0,0.0,0.0,0.0
25339,GUTIÉRREZ,CUNDINAMARCA,4.800000190734863,4.15142822265625,825.74462890625,3517.0,1288.0,2229.0,57.238494873046875,70.04184246063232,31,27,4,0.0,607,0.0034,0.0,0.0,0.0,0.0
25335,GUAYABETAL,CUNDINAMARCA,4.5,4.023555278778076,867.076416015625,7142.0,2799.0,4343.0,59.56696701049805,68.12688636779785,0,0,0,0.0,608,0.0009,0.0,0.0,0.0,0.0
25326,GUATAVITA,CUNDINAMARCA,5.0,4.187108993530273,648.0660400390625,6357.0,2726.0,3631.0,37.92415237426758,39.02195680141449,0,0,0,0.0,609,0.0007,0.0,0.0,0.0,0.0
25312,GRANADA,CUNDINAMARCA,5.0,4.637287616729736,683.7423706054688,7689.0,2595.0,5094.0,43.141693115234375,45.2240834236145,0,0,0,0.0,610,0.0017,0.0,0.0,0.0,0.0
25299,GAMA,CUNDINAMARCA,4.199999809265137,3.9697248935699463,833.6522827148438,3206.0,1019.0,2187.0,68.4257583618164,74.68693923950195,0,0,0,0.0,611,0.0008,0.0,0.0,0.0,0.0
50006,ACACÍAS,META,5.0,4.382111072540283,573.2974243164062,105704.0,79834.0,25870.0,19.74573516845703,24.585612773895264,1,0,1,0.0,612,0.0023,0.0,0.0,0.0,0.0
25743,SILVANIA,CUNDINAMARCA,5.0,4.58658504486084,748.0200805664062,22561.0,8797.0,13764.0,40.15875244140625,47.26220989227295,0,0,0,0.0,582,0.0016,0.0,0.0,0.0,0.0
25658,SAN FRANCISCO,CUNDINAMARCA,4.800000190734863,4.363636493682861,787.6371459960938,13130.0,6280.0,6850.0,29.071754455566406,33.65603685379028,0,0,0,0.0,581,0.0012,0.0,0.0,0.0,0.0
25777,SUPATÁ,CUNDINAMARCA,4.800000190734863,4.321874618530273,777.1554565429688,5592.0,2152.0,3440.0,31.366119384765625,45.136610984802246,0,0,0,0.0,580,0.0017,0.0,0.0,0.0,0.0
50245,EL CALVARIO,META,4.5,3.987640380859375,869.2723388671875,1924.0,686.0,1238.0,48.60335159301758,61.452513694763184,0,0,0,0.0,614,0.0023,0.0,0.0,0.0,0.0
25178,CHIPAQUE,CUNDINAMARCA,4.900000095367432,4.199342250823975,771.4401245117188,10254.0,3699.0,6555.0,54.13854217529297,56.90941262245178,0,0,0,0.0,551,0.0008,0.0,0.0,0.0,0.0
41396,LA PLATA,HUILA,4.900000095367432,4.220915794372559,685.5167236328125,69514.0,29206.0,40308.0,44.83430862426758,56.40616798400879,0,0,0,0.0,552,0.001,0.0,0.0,0.0,0.0
41026,ALTAMIRA,HUILA,4.599999904632568,4.151366233825684,592.1470336914062,4825.0,2698.0,2127.0,35.349853515625,39.13994097709656,0,0,0,0.0,553,0.0006,0.0,0.0,0.0,0.0
41020,ALGECIRAS,HUILA,4.699999809265137,4.056972980499268,817.0773315429688,22750.0,11063.0,11687.0,46.29049301147461,58.44156074523926,0,0,0,0.0,554,0.0007,0.0,0.0,0.0,0.0
25183,CHOCONTÁ,CUNDINAMARCA,4.800000190734863,4.239404201507568,598.4549560546875,22093.0,13229.0,8864.0,32.867366790771484,34.714595913887024,0,0,0,0.0,555,0.0007,0.0,0.0,0.0,0.0
41013,AGRADO,HUILA,5.0,4.386909008026123,545.904052734375,9401.0,6077.0,3324.0,47.65655899047851,50.05907964706421,0,0,0,0.0,556,0.0008,0.0,0.0,0.0,0.0
41006,ACEVEDO,HUILA,4.300000190734863,3.9448976516723633,669.6006469726562,26282.0,4824.0,21458.0,66.88213348388672,74.18511772155762,1,1,0,0.0,557,0.0006,0.0,0.0,0.0,0.0
27800,UNGUÍA,CHOCÓ,5.0,4.90625,202.88438415527344,12481.0,3422.0,9059.0,30.309795379638672,86.88249969482422,0,0,0,0.0,558,0.0006,0.0,0.0,0.0,0.0
41378,LA ARGENTINA,HUILA,4.699999809265137,4.1060943603515625,688.2462158203125,14169.0,5331.0,8838.0,43.891170501708984,56.33983612060547,0,0,0,0.0,559,0.0012,0.0,0.0,0.0,0.0
41483,NÁTAGA,HUILA,4.699999809265137,4.237226486206055,773.3269653320312,7143.0,2922.0,4221.0,53.16520690917969,61.50282955169678,0,0,0,0.0,560,0.0008,0.0,0.0,0.0,0.0
68176,CHIMA,SANTANDER,4.099999904632568,3.7920455932617183,787.2437744140625,3319.0,1090.0,2229.0,45.13481903076172,54.27901554107666,0,0,0,0.0,561,0.0006,0.0,0.0,0.0,0.0
41668,SAN AGUSTÍN,HUILA,4.800000190734863,3.9856362342834473,698.3140258789062,36348.0,12167.0,24181.0,38.688087463378906,52.29489517211914,0,0,0,0.0,562,0.001,0.0,0.0,0.0,0.0
50001,VILLAVICENCIO,META,5.0,4.578465938568115,410.35931396484375,588645.0,541221.0,47424.0,20.02655601501465,23.68066382408142,2,2,0,0.0,563,0.0015,0.0,0.0,0.0,0.0
23682,SAN JOSÉ DE URÉ,CÓRDOBA,4.900000095367432,4.321856498718262,446.8203125,15711.0,5907.0,9804.0,33.497840881347656,86.7365837097168,0,0,0,0.0,564,0.0006,0.0,0.0,0.0,0.0
41807,TIMANÁ,HUILA,4.400000095367432,3.9529099464416504,727.3099975585938,23619.0,8361.0,15258.0,53.52745056152344,58.61219644546509,0,0,0,0.0,565,0.0007,0.0,0.0,0.0,0.0
25019,ALBÁN,CUNDINAMARCA,4.900000095367432,4.596153736114502,823.3480224609375,7048.0,2378.0,4670.0,42.208702087402344,46.60739183425903,0,0,0,0.0,566,0.0018,0.0,0.0,0.0,0.0
41791,TARQUI,HUILA,4.699999809265137,4.107418060302734,665.2033081054688,19002.0,5952.0,13050.0,58.39167785644531,62.65253019332886,0,0,0,0.0,567,0.0008,0.0,0.0,0.0,0.0
41770,SUAZA,HUILA,4.400000095367432,3.9319045543670654,718.57666015625,26697.0,5300.0,21397.0,59.82084655761719,66.77524375915527,0,0,0,0.0,568,0.0006,0.0,0.0,0.0,0.0
41660,SALADOBLANCO,HUILA,4.800000190734863,4.0982866287231445,664.611083984375,10813.0,1875.0,8938.0,54.44900894165039,65.50308132171631,0,0,0,0.0,569,0.0009,0.0,0.0,0.0,0.0
41503,OPORAPA,HUILA,4.5,4.031410217285156,701.3448486328125,12490.0,2452.0,10038.0,68.16846466064453,73.91446542739868,0,0,0,0.0,570,0.0007,0.0,0.0,0.0,0.0
25126,CAJICÁ,CUNDINAMARCA,4.800000190734863,4.248147964477539,437.601806640625,126436.0,79761.0,46675.0,26.452882766723633,29.243175506591797,0,0,0,0.0,571,0.0008,0.0,0.0,0.0,0.0
41551,PITALITO,HUILA,5.0,4.074537754058838,627.1033325195312,145949.0,85877.0,60072.0,32.497718811035156,37.65252923965454,0,0,0,0.0,572,0.0006,0.0,0.0,0.0,0.0
41548,PITAL,HUILA,4.699999809265137,4.170370578765869,692.8656005859375,14869.0,5285.0,9584.0,50.730125427246094,55.75987100601196,0,0,0,0.0,573,0.0007,0.0,0.0,0.0,0.0
41530,PALESTINA,HUILA,4.0,3.866666555404663,762.022216796875,12014.0,1809.0,10205.0,56.39651870727539,69.62491798400879,0,0,0,0.0,574,0.0006,0.0,0.0,0.0,0.0
25151,CÁQUEZA,CUNDINAMARCA,4.400000095367432,4.089473724365234,818.0955810546875,18247.0,9468.0,8779.0,46.30067443847656,47.51863479614258,1,1,0,0.0,575,0.0011,0.0,0.0,0.0,0.0
41518,PAICOL,HUILA,4.900000095367432,4.265933990478516,661.3541870117188,7856.0,3306.0,4550.0,45.48192596435547,49.74899435043335,0,0,0,0.0,576,0.0008,0.0,0.0,0.0,0.0
25279,FÓMEQUE,CUNDINAMARCA,4.599999904632568,4.131521701812744,747.998046875,12363.0,6380.0,5983.0,30.149015426635746,32.730175733566284,0,0,0,0.0,577,0.005,0.0,0.0,0.0,0.0
25281,FOSCA,CUNDINAMARCA,4.599999904632568,4.071052551269531,842.4823608398438,5534.0,1744.0,3790.0,71.45196533203125,72.8711793422699,0,0,0,0.0,578,0.0011,0.0,0.0,0.0,0.0
25293,GACHALÁ,CUNDINAMARCA,4.400000095367432,3.9737660884857178,789.1761474609375,4538.0,1880.0,2658.0,53.75,67.25,0,0,0,0.0,579,0.0013,0.0,0.0,0.0,0.0
50150,CASTILLA LA NUEVA,META,5.0,4.77003812789917,288.4381408691406,17986.0,7211.0,10775.0,39.4276237487793,50.496686935424805,0,0,0,0.0,613,0.0006,0.0,0.0,0.0,0.0
54385,LA ESPERANZA,NORTE DE SANTANDER,4.400000095367432,3.8416788578033447,504.8875122070313,12632.0,1961.0,10671.0,65.92735290527344,83.76727485656738,0,0,0,0.0,648,0.0005,0.0,0.0,0.0,0.0
19075,BALBOA,CAUCA,4.900000095367432,3.9139366149902344,795.5713500976562,22556.0,5506.0,17050.0,76.44808959960938,82.78688764572144,0,0,0,0.0,615,0.0015,0.0,0.0,0.0,0.0
54128,CÁCHIRA,NORTE DE SANTANDER,4.099999904632568,3.526710033416748,766.7667846679688,12216.0,2121.0,10095.0,74.02648162841797,80.88006401062012,0,0,0,0.0,658,0.0005,0.0,0.0,0.0,0.0
50270,EL DORADO,META,4.800000190734863,4.246490955352783,626.356201171875,4163.0,1481.0,2682.0,35.67073059082031,54.03963279724121,0,0,0,0.0,664,0.0007,0.0,0.0,0.0,0.0
50287,FUENTE DE ORO,META,4.900000095367432,4.688327789306641,288.4081726074219,12962.0,7352.0,5610.0,34.375816345214844,47.98019504547119,0,0,0,0.0,663,0.0006,0.0,0.0,0.0,0.0
50313,GRANADA,META,5.0,4.684438228607178,330.4927978515625,74614.0,62410.0,12204.0,48.13377380371094,54.62382221221924,0,0,0,0.0,662,0.0006,0.0,0.0,0.0,0.0
50318,GUAMAL,META,4.800000190734863,4.228239059448242,723.7413940429688,16747.0,11215.0,5532.0,21.655628204345703,27.483442783355713,0,0,0,0.0,661,0.0018,0.0,0.0,0.0,0.0
50350,LA MACARENA,META,4.900000095367432,4.160958766937256,410.0496215820313,30255.0,4758.0,25497.0,13.650221824645996,92.76607418060304,0,0,0,0.0,660,0.0008,0.0,0.0,0.0,0.0
50400,LEJANÍAS,META,4.699999809265137,4.126983642578125,792.39013671875,12281.0,5079.0,7202.0,29.337366104125977,52.70827674865723,0,0,0,0.0,659,0.0551,0.0,0.0,0.0,0.0
50573,PUERTO LÓPEZ,META,4.800000190734863,4.587404251098633,282.6469421386719,32474.0,19547.0,12927.0,36.65456771850586,48.58682346343994,1,1,0,0.0,657,0.0005,0.0,0.0,0.0,0.0
18001,FLORENCIA,CAQUETÁ,4.300000190734863,3.884507894515991,772.5642700195312,188620.0,165420.0,23200.0,20.694887161254883,35.532254219055176,0,0,0,0.0,616,0.0006,0.0,0.0,0.0,0.0
50590,PUERTO RICO,META,4.599999904632568,4.1213531494140625,336.62518310546875,13574.0,6654.0,6920.0,29.381568908691406,78.92935562133789,0,0,0,0.0,656,0.0006,0.0,0.0,0.0,0.0
50606,RESTREPO,META,4.800000190734863,4.4090657234191895,507.4525146484375,21850.0,14416.0,7434.0,19.703832626342773,23.71080112457275,0,0,0,0.0,655,0.0029,0.0,0.0,0.0,0.0
50680,SAN CARLOS DE GUAROA,META,4.900000095367432,4.630827903747559,276.2037048339844,14929.0,7504.0,7425.0,53.39454650878906,62.54869270324707,0,0,0,0.0,654,0.0006,0.0,0.0,0.0,0.0
50683,SAN JUAN DE ARAMA,META,4.800000190734863,4.404595851898193,458.0035095214844,9514.0,4575.0,4939.0,33.821136474609375,59.99999809265137,0,0,0,0.0,653,0.0008,0.0,0.0,0.0,0.0
50686,SAN JUANITO,META,4.199999809265137,3.982800006866455,860.8076171875,1399.0,754.0,645.0,52.48618698120117,58.28729200363159,0,0,0,0.0,652,0.0047,0.0,0.0,0.0,0.0
50689,SAN MARTÍN,META,5.0,4.472773551940918,333.1062316894531,28531.0,20504.0,8027.0,18.617088317871097,32.14774417877197,0,0,0,0.0,651,0.0006,0.0,0.0,0.0,0.0
50711,VISTAHERMOSA,META,4.900000095367432,4.152339458465576,462.61468505859375,18538.0,7826.0,10712.0,29.453765869140625,73.5630111694336,0,0,0,0.0,665,0.0014,0.0,0.0,0.0,0.0
52079,BARBACOAS,NARIÑO,4.199999809265137,3.999999523162842,446.25,65144.0,14633.0,50511.0,31.4830265045166,97.37061500549316,0,0,0,0.0,666,0.0006,0.0,0.0,0.0,0.0
52233,CUMBITARA,NARIÑO,4.099999904632568,3.83859658241272,681.0921020507812,5944.0,1698.0,4246.0,42.9112548828125,69.20995712280273,0,0,0,0.0,667,0.0006,0.0,0.0,0.0,0.0
23466,MONTELÍBANO,CÓRDOBA,4.900000095367432,4.307618618011475,502.8698425292969,88739.0,65945.0,22794.0,35.901695251464844,61.97306060791016,0,0,0,0.0,668,0.0008,0.0,0.0,0.0,0.0
52256,EL ROSARIO,NARIÑO,4.099999904632568,3.7967817783355713,783.0096435546875,13025.0,1943.0,11082.0,74.37769317626953,84.53368377685547,0,0,0,0.0,669,0.0006,0.0,0.0,0.0,0.0
20770,SAN MARTÍN,CESAR,4.5,4.2478508949279785,223.18682861328125,34997.0,18821.0,16176.0,38.95330429077149,59.35443305969238,0,0,0,0.0,670,0.0,0.0,0.0,0.0,0.0
52405,LEIVA,NARIÑO,4.599999904632568,3.847231149673462,797.1524047851562,9740.0,3075.0,6665.0,66.19468688964844,79.46902275085449,0,0,0,0.0,671,0.0009,0.0,0.0,0.0,0.0
52418,LOS ANDES,NARIÑO,4.300000190734863,3.918750047683716,557.5374755859375,9542.0,4519.0,5023.0,38.77352523803711,57.332902908325195,5,3,2,0.0,672,0.0007,0.0,0.0,0.0,0.0
52427,MAGÜÍ,NARIÑO,4.699999809265137,4.237900257110596,350.44287109375,28738.0,8765.0,19973.0,18.652036666870117,99.71264457702635,0,0,0,0.0,673,0.0008,0.0,0.0,0.0,0.0
20710,SAN ALBERTO,CESAR,4.5,4.064301013946533,328.1537780761719,32327.0,25677.0,6650.0,33.86101531982422,43.58733654022217,0,0,0,0.0,674,0.0,0.0,0.0,0.0,0.0
19785,SUCRE,CAUCA,4.300000190734863,3.939258813858032,781.6237182617188,9826.0,1575.0,8251.0,82.26744079589844,93.02325439453124,0,0,0,0.0,675,0.0008,0.0,0.0,0.0,0.0
52520,FRANCISCO PIZARRO,NARIÑO,4.699999809265137,4.13599967956543,368.4916076660156,16116.0,6364.0,9752.0,10.98317050933838,99.60141849517822,0,0,0,0.0,676,0.0007,0.0,0.0,0.0,0.0
52540,POLICARPA,NARIÑO,4.099999904632568,3.8212289810180664,707.1921997070312,9870.0,2669.0,7201.0,56.32490158081055,75.19973564147949,0,0,0,0.0,677,0.0006,0.0,0.0,0.0,0.0
52621,ROBERTO PAYÁN,NARIÑO,4.800000190734863,4.331864356994629,266.7757263183594,12505.0,3440.0,9065.0,13.25141143798828,96.84490203857422,0,0,0,0.0,678,0.0009,0.0,0.0,0.0,0.0
19760,SOTARÁ PAISPAMBA,CAUCA,4.900000095367432,4.159302234649658,685.8563842773438,14806.0,405.0,14401.0,49.10166549682617,73.75109672546387,0,0,0,0.0,679,0.001,0.0,0.0,0.0,0.0
52835,SAN ANDRÉS DE TUMACO,NARIÑO,4.699999809265137,4.185713768005371,322.92730712890625,277065.0,95897.0,181168.0,38.67047119140625,97.03217315673828,0,0,0,0.0,680,0.0008,0.0,0.0,0.0,0.0
54003,ÁBREGO,NORTE DE SANTANDER,3.799999952316284,3.4666666984558105,783.75830078125,36622.0,18939.0,17683.0,49.02424621582031,52.34772348403931,0,0,0,0.0,681,0.0,0.0,0.0,0.0,0.0
50577,PUERTO LLERAS,META,4.800000190734863,4.337296485900879,316.79913330078125,10715.0,3983.0,6732.0,38.03125,80.09375,0,0,0,0.0,650,0.0007,0.0,0.0,0.0,0.0
50251,EL CASTILLO,META,4.900000095367432,4.233859539031982,646.7017822265625,8542.0,3204.0,5338.0,36.968955993652344,63.84804153442383,0,0,0,0.0,649,0.002,0.0,0.0,0.0,0.0
25154,CARMEN DE CARUPA,CUNDINAMARCA,4.900000095367432,4.286999702453613,671.1326293945312,7778.0,2866.0,4912.0,38.30927658081055,40.78350329399109,0,0,0,0.0,547,0.0011,0.0,0.0,0.0,0.0
15879,VIRACACHÁ,BOYACÁ,4.099999904632568,3.9187498092651367,705.9609375,2907.0,523.0,2384.0,44.102020263671875,46.12114882469177,0,0,0,0.0,631,0.0006,0.0,0.0,0.0,0.0
18247,EL DONCELLO,CAQUETÁ,4.400000095367432,3.9264252185821538,777.0637817382812,19861.0,13738.0,6123.0,26.983348846435547,52.51387405395508,0,0,0,0.0,617,0.0006,0.0,0.0,0.0,0.0
18256,EL PAUJÍL,CAQUETÁ,4.099999904632568,3.9006800651550297,786.97216796875,18972.0,9267.0,9705.0,18.449426651000977,63.06691932678223,0,0,0,0.0,618,0.0006,0.0,0.0,0.0,0.0
18592,PUERTO RICO,CAQUETÁ,4.800000190734863,4.071010589599609,647.573974609375,27477.0,15164.0,12313.0,22.764652252197266,60.61871719360352,0,0,0,0.0,619,0.0009,0.0,0.0,0.0,0.0
19022,ALMAGUER,CAUCA,4.300000190734863,3.8510546684265137,818.4827270507812,18376.0,1000.0,17376.0,84.45282745361328,92.57358169555664,0,0,0,0.0,620,0.0008,0.0,0.0,0.0,0.0
19050,ARGELIA,CAUCA,4.5,3.9649033546447754,837.5751342773438,27853.0,2511.0,25342.0,47.8792610168457,76.48972129821777,0,0,0,0.0,621,0.0016,0.0,0.0,0.0,0.0
19100,BOLÍVAR,CAUCA,4.599999904632568,3.947868824005127,700.5968627929688,37932.0,4331.0,33601.0,84.55526733398438,87.65910053253174,0,0,0,0.0,622,0.0007,0.0,0.0,0.0,0.0
19701,SANTA ROSA,CAUCA,4.5,3.8799142837524414,757.9047241210938,5310.0,593.0,4717.0,28.87029266357422,88.28451919555664,0,0,0,0.0,623,0.0011,0.0,0.0,0.0,0.0
19392,LA SIERRA,CAUCA,4.5,4.135922431945801,651.4285278320312,11466.0,1773.0,9693.0,70.265869140625,82.39283561706543,0,0,0,0.0,624,0.001,0.0,0.0,0.0,0.0
19397,LA VEGA,CAUCA,4.5,3.977307558059693,753.294921875,24376.0,689.0,23687.0,75.14019012451172,91.18825340270996,0,0,0,0.0,625,0.0009,0.0,0.0,0.0,0.0
19450,MERCADERES,CAUCA,4.800000190734863,4.017117023468018,566.8267822265625,26766.0,6570.0,20196.0,72.65705108642578,80.75866413116455,0,0,0,0.0,626,0.0006,0.0,0.0,0.0,0.0
19532,PATÍA,CAUCA,5.0,4.236807346343994,563.424072265625,39457.0,14070.0,25387.0,59.478153228759766,72.2791337966919,0,0,0,0.0,627,0.0012,0.0,0.0,0.0,0.0
19585,PURACÉ,CAUCA,5.0,4.237293720245361,654.39794921875,18221.0,1535.0,16686.0,33.91527557373047,79.20410919189453,7,7,0,0.0,628,0.0015,0.0,0.0,0.0,0.0
19622,ROSAS,CAUCA,4.699999809265137,4.116762638092041,702.8248291015625,12211.0,1014.0,11197.0,55.20803451538086,69.06743240356445,0,0,0,0.0,629,0.0009,0.0,0.0,0.0,0.0
15897,ZETAQUIRA,BOYACÁ,4.0,3.824730634689331,822.1343994140625,4754.0,1367.0,3387.0,44.943111419677734,62.07332611083984,0,0,0,0.0,630,0.0006,0.0,0.0,0.0,0.0
15861,VENTAQUEMADA,BOYACÁ,4.699999809265137,4.117088794708252,611.2898559570312,17300.0,3187.0,14113.0,37.98361587524414,41.16977882385254,0,0,0,0.0,632,0.0006,0.0,0.0,0.0,0.0
19693,SAN SEBASTIÁN,CAUCA,4.599999904632568,3.976863861083984,670.2128295898438,10784.0,498.0,10286.0,78.23741149902344,90.77595233917236,0,0,0,0.0,647,0.0012,0.0,0.0,0.0,0.0
15842,ÚMBITA,BOYACÁ,4.5,3.962584972381592,762.6163330078125,7727.0,1319.0,6408.0,65.59538269042969,67.73794555664062,0,0,0,0.0,633,0.0007,0.0,0.0,0.0,0.0
15837,TUTA,BOYACÁ,4.5,4.1074323654174805,454.8986511230469,8196.0,2620.0,5576.0,38.15739059448242,40.88291835784912,0,0,0,0.0,634,0.0006,0.0,0.0,0.0,0.0
15835,TURMEQUÉ,BOYACÁ,4.5,3.982051372528076,745.572998046875,5587.0,2050.0,3537.0,54.83871078491211,56.06060719490051,0,0,0,0.0,635,0.0006,0.0,0.0,0.0,0.0
15832,TUNUNGUÁ,BOYACÁ,4.400000095367432,4.140740394592285,748.8814086914062,1559.0,310.0,1249.0,21.48288917541504,67.68060874938965,0,0,0,0.0,636,0.0008,0.0,0.0,0.0,0.0
68001,BUCARAMANGA,SANTANDER,4.300000190734863,4.094915390014648,567.4373168945312,618548.0,607951.0,10597.0,14.499425888061523,20.09436273574829,12,12,0,0.0,637,0.0006,0.0,0.0,0.0,0.0
68013,AGUADA,SANTANDER,4.400000095367432,3.911266803741455,751.4591064453125,1912.0,410.0,1502.0,35.11187744140625,37.00516486167908,0,0,0,0.0,638,0.0009,0.0,0.0,0.0,0.0
25841,UBAQUE,CUNDINAMARCA,4.400000095367432,4.105607509613037,790.3720092773438,6923.0,1684.0,5239.0,50.08749008178711,57.611549377441406,1,1,0,0.0,639,0.0009,0.0,0.0,0.0,0.0
68077,BARBOSA,SANTANDER,4.400000095367432,4.115218162536621,574.2086181640625,34242.0,26273.0,7969.0,23.430747985839844,26.21938753128052,0,0,0,0.0,640,0.0006,0.0,0.0,0.0,0.0
68079,BARICHARA,SANTANDER,4.199999809265137,3.7934303283691406,689.918212890625,13156.0,4345.0,8811.0,40.46966552734375,43.6399199962616,0,0,0,0.0,641,0.0005,0.0,0.0,0.0,0.0
15816,TOGÜÍ,BOYACÁ,4.400000095367432,3.992156982421875,650.9686889648438,4442.0,759.0,3683.0,44.4525032043457,55.18491840362549,0,0,0,0.0,642,0.0008,0.0,0.0,0.0,0.0
68092,BETULIA,SANTANDER,4.5,3.842857360839844,689.7393188476562,6886.0,1779.0,5107.0,49.12386703491211,73.71601295471191,0,0,0,0.0,643,0.0005,0.0,0.0,0.0,0.0
15814,TOCA,BOYACÁ,4.5,3.976642608642578,576.9555053710938,8969.0,4600.0,4369.0,43.10658264160156,45.25281763076782,0,0,0,0.0,644,0.0006,0.0,0.0,0.0,0.0
68121,CABRERA,SANTANDER,4.0,3.781818151473999,717.3970336914062,2116.0,510.0,1606.0,46.10894775390625,47.66536796092987,0,0,0,0.0,645,0.0005,0.0,0.0,0.0,0.0
68167,CHARALÁ,SANTANDER,4.199999809265137,3.819504976272583,684.1395874023438,13922.0,8743.0,5179.0,27.91255760192871,30.31191778182983,0,0,0,0.0,646,0.0006,0.0,0.0,0.0,0.0
41319,GUADALUPE,HUILA,4.5,3.962151288986206,726.3784790039062,18602.0,5587.0,13015.0,52.72459411621094,58.405216693878174,0,0,0,0.0,548,0.0007,0.0,0.0,0.0,0.0
15455,MIRAFLORES,BOYACÁ,4.0,3.841379165649414,799.1461181640625,9055.0,5662.0,3393.0,20.822784423828125,31.392404556274418,0,0,0,0.0,513,0.0009,0.0,0.0,0.0,0.0
41357,ÍQUIRA,HUILA,5.0,4.333519458770752,760.6527709960938,9857.0,2771.0,7086.0,57.609500885009766,66.55530643463135,0,0,0,0.0,546,0.0019,0.0,0.0,0.0,0.0
68211,CONTRATACIÓN,SANTANDER,4.099999904632568,3.838970422744751,793.4624633789062,4247.0,3312.0,935.0,28.715953826904297,31.906615257263184,1,1,0,0.0,452,0.0007,0.0,0.0,0.0,0.0
68615,RIONEGRO,SANTANDER,4.5,4.015945911407471,454.6142883300781,26899.0,7502.0,19397.0,53.536102294921875,66.01137447357178,0,0,0,0.0,458,0.0005,0.0,0.0,0.0,0.0
68655,SABANA DE TORRES,SANTANDER,4.699999809265137,4.279389381408691,273.32061767578125,38400.0,27134.0,11266.0,28.75283432006836,51.91609954833984,0,0,0,0.0,457,0.0006,0.0,0.0,0.0,0.0
68524,PALMAS DEL SOCORRO,SANTANDER,4.099999904632568,3.884745359420776,619.0966186523438,2814.0,974.0,1840.0,36.72456741333008,38.08933162689209,0,0,0,0.0,456,0.0006,0.0,0.0,0.0,0.0
68673,SAN BENITO,SANTANDER,4.099999904632568,4.010000228881836,612.3049926757812,3031.0,408.0,2623.0,77.78958892822266,80.87141680717468,0,0,0,0.0,455,0.0006,0.0,0.0,0.0,0.0
68368,JESÚS MARÍA,SANTANDER,4.699999809265137,4.319100856781006,566.4821166992188,3426.0,860.0,2566.0,40.75342559814453,52.311644554138184,2,2,0,0.0,454,0.001,0.0,0.0,0.0,0.0
68327,GÜEPSA,SANTANDER,4.300000190734863,4.056666851043701,587.7066650390625,5657.0,3579.0,2078.0,29.513063430786133,35.27315855026245,0,0,0,0.0,453,0.0006,0.0,0.0,0.0,0.0
68217,COROMORO,SANTANDER,3.799999952316284,3.799999952316284,658.2666625976562,5796.0,1086.0,4710.0,64.1025619506836,65.8730137348175,0,0,0,0.0,451,0.0,0.0,0.0,0.0,0.0
41359,ISNOS,HUILA,4.800000190734863,4.137837886810303,593.4386596679688,26820.0,6520.0,20300.0,37.28108978271485,58.96434593200683,0,0,0,0.0,545,0.0009,0.0,0.0,0.0,0.0
68235,EL CARMEN DE CHUCURÍ,SANTANDER,4.800000190734863,3.955974340438843,640.4544067382812,24855.0,4598.0,20257.0,30.765596389770508,78.82797813415527,0,0,0,0.0,450,0.0007,0.0,0.0,0.0,0.0
68245,EL GUACAMAYO,SANTANDER,4.300000190734863,3.894948959350586,749.4646606445312,2216.0,826.0,1390.0,54.86725616455078,61.79940938949585,0,0,0,0.0,449,0.0008,0.0,0.0,0.0,0.0
68255,EL PLAYÓN,SANTANDER,3.900000095367432,3.5980448722839355,732.102783203125,15294.0,8476.0,6818.0,45.64036178588867,64.13971519470215,0,0,0,0.0,448,0.0,0.0,0.0,0.0,0.0
68264,ENCINO,SANTANDER,4.0,3.754999876022339,745.1262817382812,2926.0,732.0,2194.0,46.49934005737305,48.61294651031494,0,0,0,0.0,447,0.0,0.0,0.0,0.0,0.0
68344,HATO,SANTANDER,3.900000095367432,3.73604679107666,830.2888793945312,2686.0,877.0,1809.0,46.66666793823242,51.949687004089355,0,0,0,0.0,446,0.0005,0.0,0.0,0.0,0.0
68271,FLORIÁN,SANTANDER,4.699999809265137,4.175555229187012,728.381591796875,5699.0,1500.0,4199.0,30.211673736572266,64.46440124511719,0,0,0,0.0,445,0.0015,0.0,0.0,0.0,0.0
68575,PUERTO WILCHES,SANTANDER,4.800000190734863,4.439312934875488,242.2279815673828,36524.0,19221.0,17303.0,42.579227447509766,69.77303504943848,0,0,0,0.0,459,0.0006,0.0,0.0,0.0,0.0
68572,PUENTE NACIONAL,SANTANDER,4.599999904632568,4.117716312408447,620.4925537109375,15349.0,6290.0,9059.0,35.03536605834961,38.28470301628113,0,0,0,0.0,460,0.0006,0.0,0.0,0.0,0.0
15621,RONDÓN,BOYACÁ,4.099999904632568,3.8176467418670654,824.4632568359375,2455.0,713.0,1742.0,58.597286224365234,62.669684410095215,0,0,0,0.0,461,0.0008,0.0,0.0,0.0,0.0
68533,PÁRAMO,SANTANDER,4.0,3.773529052734375,709.5794677734375,5666.0,1785.0,3881.0,41.005496978759766,43.676353216171265,2,2,0,0.0,462,0.0006,0.0,0.0,0.0,0.0
68522,PALMAR,SANTANDER,3.900000095367432,3.75,782.8666381835938,1548.0,592.0,956.0,32.28915786743164,33.25301331281662,0,0,0,0.0,463,0.0005,0.0,0.0,0.0,0.0
68370,JORDÁN,SANTANDER,3.900000095367432,3.650000095367432,826.9099731445312,1559.0,193.0,1366.0,74.54545593261719,76.36363780498505,0,0,0,0.0,464,0.0,0.0,0.0,0.0,0.0
68500,OIBA,SANTANDER,4.5,3.944096803665161,580.4913330078125,11617.0,5592.0,6025.0,38.1497802734375,43.87665271759033,0,0,0,0.0,465,0.0006,0.0,0.0,0.0,0.0
68498,OCAMONTE,SANTANDER,4.0,3.809756278991699,662.4243774414062,6631.0,1214.0,5417.0,39.33649444580078,40.82600021362305,0,0,0,0.0,466,0.0005,0.0,0.0,0.0,0.0
68418,LOS SANTOS,SANTANDER,4.099999904632568,3.7785122394561768,690.315673828125,17263.0,2648.0,14615.0,69.71076965332031,71.7729012966156,8,4,4,0.0,467,0.0005,0.0,0.0,0.0,0.0
68406,LEBRIJA,SANTANDER,4.400000095367432,3.915385007858277,581.4955444335938,52119.0,30497.0,21622.0,29.617143630981445,39.42531490325928,0,0,0,0.0,468,0.0005,0.0,0.0,0.0,0.0
68397,LA PAZ,SANTANDER,4.400000095367432,3.9909088611602783,673.28564453125,5077.0,966.0,4111.0,31.79310417175293,54.75862121582031,0,0,0,0.0,469,0.0008,0.0,0.0,0.0,0.0
68377,LA BELLEZA,SANTANDER,5.0,4.220413684844971,728.0712890625,6342.0,2035.0,4307.0,30.371566772460938,64.2972526550293,1,0,1,0.0,470,0.0011,0.0,0.0,0.0,0.0
15638,SÁCHICA,BOYACÁ,4.599999904632568,4.109091281890869,621.331787109375,6444.0,3218.0,3226.0,37.491790771484375,40.51214528083801,0,0,0,0.0,471,0.0007,0.0,0.0,0.0,0.0
25839,UBALÁ,CUNDINAMARCA,4.400000095367432,3.948098659515381,773.0148315429688,7908.0,2083.0,5825.0,77.718505859375,86.49979400634766,0,0,0,0.0,472,0.0019,0.0,0.0,0.0,0.0
15600,RÁQUIRA,BOYACÁ,4.900000095367432,4.13918924331665,633.9076538085938,8076.0,2755.0,5321.0,52.441951751708984,54.963969469070435,0,0,0,0.0,473,0.0006,0.0,0.0,0.0,0.0
13670,SAN PABLO,BOLÍVAR,4.800000190734863,4.104127883911133,476.5501708984375,29312.0,23518.0,5794.0,33.94049072265625,72.52502822875977,0,0,0,0.0,474,0.0007,0.0,0.0,0.0,0.0
05790,TARAZÁ,ANTIOQUIA,4.900000095367432,4.228423118591309,570.5206909179688,29542.0,15566.0,13976.0,36.76103210449219,66.93033599853516,0,0,0,0.0,475,0.0009,0.0,0.0,0.0,0.0
68296,GALÁN,SANTANDER,3.900000095367432,3.7197048664093018,840.9507446289062,3065.0,988.0,2077.0,55.65610885620117,58.8235297203064,5,5,0,0.0,444,0.0005,0.0,0.0,0.0,0.0
68298,GÁMBITA,SANTANDER,4.300000190734863,3.890716552734375,687.698486328125,4123.0,834.0,3289.0,57.58962631225586,75.9725399017334,0,0,0,0.0,443,0.0011,0.0,0.0,0.0,0.0
68307,GIRÓN,SANTANDER,4.5,3.8908708095550537,644.734619140625,177523.0,157308.0,20215.0,25.507007598876953,30.263731479644775,0,0,0,0.0,442,0.0005,0.0,0.0,0.0,0.0
15764,SORACÁ,BOYACÁ,4.400000095367432,4.066071510314941,561.6981811523438,6209.0,1787.0,4422.0,47.207523345947266,48.73603594303131,0,0,0,0.0,425,0.0006,0.0,0.0,0.0,0.0
68872,VILLANUEVA,SANTANDER,4.099999904632568,3.8731958866119385,584.45361328125,9216.0,5762.0,3454.0,31.635513305664062,33.27102732658386,0,0,0,0.0,411,0.0006,0.0,0.0,0.0,0.0
68861,VÉLEZ,SANTANDER,4.699999809265137,4.015883922576904,677.22998046875,27269.0,15502.0,11767.0,30.916030883789062,46.59424591064453,1,1,0,0.0,412,0.0007,0.0,0.0,0.0,0.0
15646,SAMACÁ,BOYACÁ,4.800000190734863,4.130357265472412,616.9434814453125,19525.0,8354.0,11171.0,33.21378707885742,34.8874272108078,0,0,0,0.0,413,0.0008,0.0,0.0,0.0,0.0
15690,SANTA MARÍA,BOYACÁ,4.099999904632568,3.872875452041626,789.966064453125,3631.0,2218.0,1413.0,39.38356018066406,52.05479335784912,0,0,0,0.0,414,0.0014,0.0,0.0,0.0,0.0
68855,VALLE DE SAN JOSÉ,SANTANDER,4.0,3.8346152305603023,614.7384643554688,7184.0,3104.0,4080.0,46.39463424682617,49.63666892051697,0,0,0,0.0,415,0.0005,0.0,0.0,0.0,0.0
68895,ZAPATOCA,SANTANDER,4.099999904632568,3.748108148574829,773.0410766601562,10301.0,7039.0,3262.0,33.40256118774414,35.92938709259033,0,0,0,0.0,416,0.0006,0.0,0.0,0.0,0.0
68770,SUAITA,SANTANDER,4.5,3.9454541206359863,623.0297241210938,10287.0,2568.0,7719.0,60.17000579833984,68.45780181884766,0,0,0,0.0,417,0.0006,0.0,0.0,0.0,0.0
68755,SOCORRO,SANTANDER,4.199999809265137,3.85267186164856,642.8306274414062,37153.0,31030.0,6123.0,16.242618560791016,17.852924466133118,0,0,0,0.0,418,0.0006,0.0,0.0,0.0,0.0
68745,SIMACOTA,SANTANDER,5.0,4.257474899291992,498.7551574707031,11756.0,3061.0,8695.0,32.77108383178711,58.67469787597656,0,0,0,0.0,419,0.0006,0.0,0.0,0.0,0.0
15804,TIBANÁ,BOYACÁ,4.400000095367432,3.9543306827545166,735.2173461914062,9056.0,2017.0,7039.0,56.27444076538086,58.051902532577515,0,0,0,0.0,420,0.0007,0.0,0.0,0.0,0.0
15778,SUTATENZA,BOYACÁ,4.099999904632568,3.9307689666748047,811.2178955078125,4219.0,867.0,3352.0,69.49541473388672,73.31804466247559,0,0,0,0.0,421,0.0008,0.0,0.0,0.0,0.0
15798,TENZA,BOYACÁ,4.099999904632568,3.940424919128418,769.1553344726562,3573.0,1175.0,2398.0,58.67346954345703,62.68221569061279,0,0,0,0.0,422,0.0006,0.0,0.0,0.0,0.0
15696,SANTA SOFÍA,BOYACÁ,4.400000095367432,4.02051305770874,710.9973754882812,3363.0,1181.0,2182.0,43.73177719116211,48.104955196380615,1,1,0,0.0,423,0.0008,0.0,0.0,0.0,0.0
15776,SUTAMARCHÁN,BOYACÁ,4.699999809265137,4.085577011108398,693.5096435546875,6345.0,2478.0,3867.0,58.97172164916992,59.79434376955032,0,0,0,0.0,424,0.0007,0.0,0.0,0.0,0.0
15763,SOTAQUIRÁ,BOYACÁ,4.300000190734863,3.892096519470215,674.6879272460938,8051.0,1125.0,6926.0,50.54474639892578,53.81322884559631,0,0,0,0.0,426,0.0006,0.0,0.0,0.0,0.0
68320,GUADALUPE,SANTANDER,4.300000190734863,3.944520711898804,630.3952026367188,4625.0,1900.0,2725.0,53.03141021728515,56.975895166397095,0,0,0,0.0,441,0.0006,0.0,0.0,0.0,0.0
15664,SAN JOSÉ DE PARE,BOYACÁ,4.400000095367432,4.007894992828369,646.2947387695312,4794.0,1116.0,3678.0,59.92823028564453,66.68660354614258,0,0,0,0.0,427,0.0006,0.0,0.0,0.0,0.0
15667,SAN LUIS DE GACENO,BOYACÁ,4.400000095367432,3.890986919403076,731.5287475585938,5217.0,2444.0,2773.0,43.35981750488281,62.3723030090332,0,0,0,0.0,428,0.0007,0.0,0.0,0.0,0.0
15762,SORA,BOYACÁ,4.5,4.065306186676025,617.6265258789062,3177.0,606.0,2571.0,72.27616119384766,76.59115600585938,0,0,0,0.0,429,0.0006,0.0,0.0,0.0,0.0
68689,SAN VICENTE DE CHUCURÍ,SANTANDER,4.800000190734863,4.060266494750977,547.7054443359375,35911.0,14657.0,21254.0,33.34294128417969,56.93564033508301,0,0,0,0.0,430,0.0006,0.0,0.0,0.0,0.0
15761,SOMONDOCO,BOYACÁ,4.099999904632568,3.93500018119812,807.8883056640625,2984.0,764.0,2220.0,51.73745346069336,54.44015622138977,0,0,0,0.0,431,0.0006,0.0,0.0,0.0,0.0
15681,SAN PABLO DE BORBUR,BOYACÁ,4.800000190734863,4.273096561431885,762.572021484375,6778.0,990.0,5788.0,24.156478881835938,91.1491470336914,0,0,0,0.0,432,0.0021,0.0,0.0,0.0,0.0
15740,SIACHOQUE,BOYACÁ,4.300000190734863,3.967480182647705,617.2846069335938,6889.0,1342.0,5547.0,48.42864608764648,50.0772807598114,0,0,0,0.0,433,0.0006,0.0,0.0,0.0,0.0
15686,SANTANA,BOYACÁ,4.5,3.988571166992187,636.2657470703125,7765.0,2831.0,4934.0,49.20965194702149,55.74043416976929,0,0,0,0.0,434,0.0006,0.0,0.0,0.0,0.0
68720,SANTA HELENA DEL OPÓN,SANTANDER,4.300000190734863,3.8905513286590576,740.9222412109375,3477.0,954.0,2523.0,45.9165153503418,79.85480880737305,0,0,0,0.0,435,0.0007,0.0,0.0,0.0,0.0
68549,PINCHOTE,SANTANDER,4.0,3.779629230499267,691.8722534179688,6171.0,1548.0,4623.0,40.498443603515625,45.046730041503906,0,0,0,0.0,436,0.0005,0.0,0.0,0.0,0.0
68679,SAN GIL,SANTANDER,4.099999904632568,3.770588636398315,697.8779296875,71064.0,62486.0,8578.0,15.21245574951172,18.693913221359253,0,0,0,0.0,437,0.0005,0.0,0.0,0.0,0.0
68276,FLORIDABLANCA,SANTANDER,4.199999809265137,4.133333206176758,477.8999938964844,315194.0,302462.0,12732.0,12.30751132965088,15.757041931152344,0,0,0,0.0,438,0.0005,0.0,0.0,0.0,0.0
68324,GUAVATÁ,SANTANDER,4.599999904632568,4.316250324249268,497.2450256347656,4316.0,1230.0,3086.0,54.972373962402344,60.9116005897522,0,0,0,0.0,439,0.0016,0.0,0.0,0.0,0.0
68322,GUAPOTÁ,SANTANDER,4.099999904632568,3.888234853744507,642.23095703125,2666.0,864.0,1802.0,34.414669036865234,36.24823749065399,0,0,0,0.0,440,0.0006,0.0,0.0,0.0,0.0
05819,TOLEDO,ANTIOQUIA,4.699999809265137,4.171014308929443,850.38623046875,4767.0,1752.0,3015.0,56.65209197998047,61.58650779724121,0,0,0,0.0,476,0.0011,0.0,0.0,0.0,0.0
05854,VALDIVIA,ANTIOQUIA,4.900000095367432,4.096729755401611,761.3410034179688,15105.0,4511.0,10594.0,55.30360412597656,77.04711723327637,1,0,1,0.0,477,0.0009,0.0,0.0,0.0,0.0
05895,ZARAGOZA,ANTIOQUIA,5.0,4.465140342712402,373.8067626953125,26996.0,13801.0,13195.0,28.153059005737305,77.31730842590332,6,0,6,0.0,478,0.0009,0.0,0.0,0.0,0.0
15299,GARAGOA,BOYACÁ,4.099999904632568,3.885641098022461,791.0990600585938,19609.0,13996.0,5613.0,22.86485481262207,26.103721141815186,0,0,0,0.0,529,0.0007,0.0,0.0,0.0,0.0
15476,MOTAVITA,BOYACÁ,4.300000190734863,4.070968151092529,548.6484375,5175.0,908.0,4267.0,62.19255065917969,64.79269123077393,0,0,0,0.0,515,0.0006,0.0,0.0,0.0,0.0
15494,NUEVO COLÓN,BOYACÁ,4.199999809265137,3.990000009536743,715.739990234375,5244.0,1196.0,4048.0,52.18711853027344,54.19197869300842,0,0,0,0.0,516,0.0006,0.0,0.0,0.0,0.0
15135,CAMPOHERMOSO,BOYACÁ,4.0,3.818181276321411,843.5358276367188,3187.0,906.0,2281.0,52.58449172973633,72.76341819763184,0,0,0,0.0,517,0.0012,0.0,0.0,0.0,0.0
15500,OICATÁ,BOYACÁ,4.5,4.191803932189941,441.3885498046875,2941.0,509.0,2432.0,29.87152099609375,32.4411141872406,0,0,0,0.0,518,0.0005,0.0,0.0,0.0,0.0
15808,TINJACÁ,BOYACÁ,4.599999904632568,4.123749732971191,665.8287353515625,3647.0,950.0,2697.0,57.19661331176758,59.92474126815796,0,0,0,0.0,519,0.0006,0.0,0.0,0.0,0.0
15511,PACHAVITA,BOYACÁ,4.0,3.899999856948853,823.2417602539062,2231.0,548.0,1683.0,40.21977996826172,42.747252464294434,0,0,0,0.0,520,0.0006,0.0,0.0,0.0,0.0
15516,PAIPA,BOYACÁ,4.0,3.776881694793701,737.5477905273438,39148.0,24554.0,14594.0,20.79237174987793,22.64058256149292,0,0,0,0.0,521,0.0,0.0,0.0,0.0,0.0
15531,PAUNA,BOYACÁ,4.800000190734863,4.148412227630615,788.6575317382812,7346.0,2379.0,4967.0,26.387176513671875,72.09206771850586,0,0,0,0.0,522,0.0028,0.0,0.0,0.0,0.0
15542,PESCA,BOYACÁ,4.099999904632568,3.8285715579986577,748.6475830078125,7019.0,2515.0,4504.0,48.540992736816406,51.55164575576782,0,0,0,0.0,523,0.0005,0.0,0.0,0.0,0.0
15401,LA VICTORIA,BOYACÁ,4.699999809265137,4.421875,753.6968994140625,1164.0,461.0,703.0,30.829015731811523,55.44041442871094,0,0,0,0.0,524,0.0009,0.0,0.0,0.0,0.0
15380,LA CAPILLA,BOYACÁ,4.099999904632568,3.918965578079224,845.9810180664062,2524.0,1043.0,1481.0,38.691795349121094,41.241684436798096,1,1,0,0.0,525,0.0007,0.0,0.0,0.0,0.0
15367,JENESANO,BOYACÁ,4.400000095367432,3.963333129882813,701.751708984375,7403.0,2004.0,5399.0,40.75960922241211,42.42704784870148,0,0,0,0.0,526,0.0006,0.0,0.0,0.0,0.0
15325,GUAYATÁ,BOYACÁ,4.099999904632568,3.938775539398194,823.4796752929688,3480.0,1257.0,2223.0,46.43962860107422,50.0,0,0,0,0.0,527,0.0007,0.0,0.0,0.0,0.0
15322,GUATEQUE,BOYACÁ,4.099999904632568,3.959459781646729,780.7568359375,11471.0,8317.0,3154.0,25.2471981048584,28.345418214797977,0,0,0,0.0,528,0.0007,0.0,0.0,0.0,0.0
15293,GACHANTIVÁ,BOYACÁ,4.599999904632568,4.102197170257568,594.7011108398438,2715.0,634.0,2081.0,62.0654411315918,63.08793604373932,0,0,0,0.0,530,0.0008,0.0,0.0,0.0,0.0
15442,MARIPÍ,BOYACÁ,4.599999904632568,4.179375171661377,789.2305908203125,5883.0,978.0,4905.0,45.26079559326172,85.4178352355957,0,0,0,0.0,512,0.001,0.0,0.0,0.0,0.0
15238,DUITAMA,BOYACÁ,4.0,3.7722222805023193,688.494384765625,137431.0,122443.0,14988.0,14.14397144317627,15.001808226108553,0,0,0,0.0,531,0.0,0.0,0.0,0.0,0.0
15236,CHIVOR,BOYACÁ,4.099999904632568,3.8773581981658936,834.4613037109375,2773.0,820.0,1953.0,41.245792388916016,60.606061935424805,0,0,0,0.0,532,0.0012,0.0,0.0,0.0,0.0
15232,CHÍQUIZA,BOYACÁ,4.300000190734863,3.947368621826172,733.7999877929688,4795.0,489.0,4306.0,71.84249877929688,73.47697126865387,0,0,0,0.0,533,0.0008,0.0,0.0,0.0,0.0
15224,CUCAITA,BOYACÁ,4.5,4.072727680206299,622.0750122070312,3813.0,1630.0,2183.0,32.22003936767578,36.05108070373535,0,0,0,0.0,534,0.0006,0.0,0.0,0.0,0.0
15212,COPER,BOYACÁ,4.699999809265137,4.181818008422852,802.1616821289062,3456.0,961.0,2495.0,57.57575607299805,72.13804531097412,0,0,0,0.0,535,0.0014,0.0,0.0,0.0,0.0
15204,CÓMBITA,BOYACÁ,4.5,4.011428356170654,598.5842895507812,13539.0,1790.0,11749.0,56.47099304199219,57.26055705547333,0,0,0,0.0,536,0.0006,0.0,0.0,0.0,0.0
15189,CIÉNEGA,BOYACÁ,4.099999904632568,3.932074785232544,691.4207763671875,4499.0,1341.0,3158.0,58.87417221069336,62.11920523643494,0,0,0,0.0,537,0.0007,0.0,0.0,0.0,0.0
15187,CHIVATÁ,BOYACÁ,4.300000190734863,4.038000106811523,534.4140014648438,2858.0,579.0,2279.0,52.99042892456055,54.30621838569641,0,0,0,0.0,538,0.0006,0.0,0.0,0.0,0.0
15185,CHITARAQUE,BOYACÁ,4.300000190734863,3.932910680770874,691.1980590820312,5969.0,1401.0,4568.0,54.03690719604492,68.56977939605713,0,0,0,0.0,539,0.0007,0.0,0.0,0.0,0.0
15172,CHINAVITA,BOYACÁ,4.0,3.872058629989624,822.5279541015625,3049.0,1249.0,1800.0,34.100975036621094,38.88396883010864,0,0,0,0.0,540,0.0007,0.0,0.0,0.0,0.0
68209,CONFINES,SANTANDER,4.099999904632568,3.921126127243042,568.5112915039062,3712.0,958.0,2754.0,50.5760383605957,54.49308896064758,0,0,0,0.0,541,0.0006,0.0,0.0,0.0,0.0
68020,ALBANIA,SANTANDER,4.599999904632568,4.085628509521484,748.673095703125,4245.0,770.0,3475.0,33.98373794555664,58.94308662414551,0,0,0,0.0,542,0.0007,0.0,0.0,0.0,0.0
68179,CHIPATÁ,SANTANDER,4.5,3.9909090995788574,708.7838745117188,5248.0,847.0,4401.0,41.26275634765625,46.6198992729187,0,0,0,0.0,543,0.0006,0.0,0.0,0.0,0.0
41244,ELÍAS,HUILA,4.300000190734863,3.988607168197632,723.973388671875,4821.0,1628.0,3193.0,46.45161437988281,51.69354963302612,0,0,0,0.0,544,0.0008,0.0,0.0,0.0,0.0
15469,MONIQUIRÁ,BOYACÁ,4.5,4.063594341278076,613.623046875,23942.0,12936.0,11006.0,35.36235809326172,37.9145622253418,0,0,0,0.0,514,0.0008,0.0,0.0,0.0,0.0
15425,MACANAL,BOYACÁ,4.099999904632568,3.845853805541992,837.3428955078125,5367.0,1403.0,3964.0,34.7414436340332,43.11726284027099,0,0,0,0.0,511,0.0008,0.0,0.0,0.0,0.0
13160,CANTAGALLO,BOLÍVAR,4.800000190734863,4.217905521392822,435.8807678222656,8924.0,4947.0,3977.0,30.77884292602539,77.21782684326172,0,0,0,0.0,479,0.0007,0.0,0.0,0.0,0.0
05306,GIRALDO,ANTIOQUIA,5.0,4.60319185256958,820.468017578125,6491.0,2586.0,3905.0,51.27596282958984,54.77744650840759,18,16,2,0.0,494,0.0011,0.0,0.0,0.0,0.0
13458,MONTECRISTO,BOLÍVAR,4.599999904632568,3.945833206176758,560.6111450195312,16337.0,3771.0,12566.0,22.3416690826416,99.43911933898926,0,0,0,0.0,480,0.0006,0.0,0.0,0.0,0.0
13688,SANTA ROSA DEL SUR,BOLÍVAR,4.599999904632568,3.902836561203003,593.3736572265625,33538.0,20402.0,13136.0,26.608427047729492,64.52209663391113,0,0,0,0.0,481,0.0006,0.0,0.0,0.0,0.0
15109,BUENAVISTA,BOYACÁ,4.400000095367432,4.102726936340332,815.8136596679688,4519.0,941.0,3578.0,53.576072692871094,64.6293888092041,0,0,0,0.0,482,0.0009,0.0,0.0,0.0,0.0
13744,SIMITÍ,BOLÍVAR,4.5,4.033987045288086,419.7986145019531,18410.0,5995.0,12415.0,62.03870391845703,97.70476913452148,0,0,0,0.0,483,0.0006,0.0,0.0,0.0,0.0
15001,TUNJA,BOYACÁ,4.5,4.078861713409424,560.62841796875,191372.0,183278.0,8094.0,12.492815017700195,13.951357960700989,0,0,0,0.0,484,0.0006,0.0,0.0,0.0,0.0
15022,ALMEIDA,BOYACÁ,4.0,3.9192981719970703,788.47900390625,1764.0,373.0,1391.0,51.30434799194336,56.37681198120117,0,0,0,0.0,485,0.0007,0.0,0.0,0.0,0.0
15051,ARCABUCO,BOYACÁ,4.599999904632568,4.002837181091309,655.3858642578125,6522.0,2839.0,3683.0,37.19780349731445,38.40659475326538,0,0,0,0.0,486,0.0007,0.0,0.0,0.0,0.0
15090,BERBEO,BOYACÁ,3.900000095367432,3.8299999237060542,769.2600708007812,1636.0,488.0,1148.0,26.43478202819824,47.65217399597168,0,0,0,0.0,487,0.0005,0.0,0.0,0.0,0.0
15104,BOYACÁ,BOYACÁ,4.699999809265137,3.972916603088379,708.2999877929688,5313.0,971.0,4342.0,41.2188720703125,42.9882036447525,2,1,1,0.0,488,0.0006,0.0,0.0,0.0,0.0
05628,SABANALARGA,ANTIOQUIA,4.900000095367432,4.315968990325928,832.6049194335938,9963.0,3578.0,6385.0,66.70781707763672,69.30040955543518,0,0,0,0.0,489,0.0031,0.0,0.0,0.0,0.0
05543,PEQUE,ANTIOQUIA,4.800000190734863,4.171396255493164,856.6370849609375,8835.0,2835.0,6000.0,55.170799255371094,60.73935317993164,0,0,0,0.0,490,0.0029,0.0,0.0,0.0,0.0
05495,NECHÍ,ANTIOQUIA,4.800000190734863,4.518947601318359,268.15789794921875,29853.0,16862.0,12991.0,42.90401840209961,97.82608413696288,0,0,0,0.0,491,0.0006,0.0,0.0,0.0,0.0
05361,ITUANGO,ANTIOQUIA,4.800000190734863,4.069095611572266,819.0040893554688,29650.0,8614.0,21036.0,48.26912689208984,68.68453598022461,2,2,0,0.0,492,0.0016,0.0,0.0,0.0,0.0
05315,GUADALUPE,ANTIOQUIA,4.900000095367432,4.3458333015441895,725.7008056640625,7031.0,2600.0,4431.0,56.89655303955078,60.29094958305359,0,0,0,0.0,493,0.0028,0.0,0.0,0.0,0.0
05250,EL BAGRE,ANTIOQUIA,4.900000095367432,4.118042945861816,469.1595153808594,56596.0,38492.0,18104.0,40.36549758911133,72.85517501831055,0,0,0,0.0,495,0.0006,0.0,0.0,0.0,0.0
15407,VILLA DE LEYVA,BOYACÁ,4.900000095367432,4.151968479156494,612.4534912109375,20103.0,10330.0,9773.0,24.411399841308594,27.07558822631836,0,0,0,0.0,510,0.0007,0.0,0.0,0.0,0.0
05212,COPACABANA,ANTIOQUIA,5.0,4.515714168548584,821.607177734375,92069.0,73753.0,18316.0,17.34697914123535,18.828401684761047,0,0,0,0.0,496,0.001,0.0,0.0,0.0,0.0
05154,CAUCASIA,ANTIOQUIA,4.800000190734863,4.55690336227417,281.0223388671875,93976.0,84138.0,9838.0,30.227678298950195,50.17620277404785,0,0,0,0.0,497,0.0006,0.0,0.0,0.0,0.0
05138,CAÑASGORDAS,ANTIOQUIA,5.0,4.5220112800598145,787.3875732421875,15337.0,5462.0,9875.0,58.07256317138672,62.47165632247925,0,0,0,0.0,498,0.0011,0.0,0.0,0.0,0.0
05134,CAMPAMENTO,ANTIOQUIA,4.599999904632568,4.166526794433594,784.744384765625,10063.0,3087.0,6976.0,64.26956176757812,71.37042093276978,4,0,4,0.0,499,0.0012,0.0,0.0,0.0,0.0
05120,CÁCERES,ANTIOQUIA,4.900000095367432,4.483387470245361,369.15484619140625,28944.0,7011.0,21933.0,43.043479919433594,90.9617919921875,0,0,0,0.0,500,0.0007,0.0,0.0,0.0,0.0
05113,BURITICÁ,ANTIOQUIA,4.900000095367432,4.398873329162598,860.31494140625,11168.0,3011.0,8157.0,54.85765838623047,59.331223487854,0,0,0,0.0,501,0.0031,0.0,0.0,0.0,0.0
05107,BRICEÑO,ANTIOQUIA,4.699999809265137,4.109892845153809,847.6085205078125,7905.0,2818.0,5087.0,54.03543472290039,64.91141891479492,0,0,0,0.0,502,0.0013,0.0,0.0,0.0,0.0
05045,APARTADÓ,ANTIOQUIA,5.0,4.437133312225342,404.9443054199219,125881.0,105207.0,20674.0,30.862035751342773,45.289523124694824,0,0,0,0.0,503,0.0006,0.0,0.0,0.0,0.0
05040,ANORÍ,ANTIOQUIA,5.0,4.231664180755615,628.4073486328125,21307.0,9506.0,11801.0,37.15916442871094,68.6746997833252,0,0,0,0.0,504,0.0021,0.0,0.0,0.0,0.0
95001,SAN JOSÉ DEL GUAVIARE,GUAVIARE,4.400000095367432,3.9908642768859863,351.73028564453125,54519.0,37259.0,17260.0,36.77151107788086,66.66890144348145,0,0,0,0.0,505,0.0007,0.0,0.0,0.0,0.0
15106,BRICEÑO,BOYACÁ,4.300000190734863,4.05294132232666,832.0514526367188,2257.0,570.0,1687.0,29.078014373779297,71.20567321777344,0,0,0,0.0,506,0.0011,0.0,0.0,0.0,0.0
15131,CALDAS,BOYACÁ,4.900000095367432,4.47283935546875,537.9234619140625,2797.0,309.0,2488.0,55.1020393371582,58.79494500160217,1,0,1,0.0,507,0.0007,0.0,0.0,0.0,0.0
15599,RAMIRIQUÍ,BOYACÁ,4.099999904632568,3.933332920074463,715.3800659179688,10126.0,4458.0,5668.0,38.14583969116211,39.648221492767334,0,0,0,0.0,508,0.0006,0.0,0.0,0.0,0.0
15480,MUZO,BOYACÁ,4.800000190734863,4.246762752532959,786.2813110351562,8037.0,5399.0,2638.0,23.17290496826172,66.34580993652344,0,0,0,0.0,509,0.0011,0.0,0.0,0.0,0.0
95015,CALAMAR,GUAVIARE,4.300000190734863,3.9621849060058594,324.8737487792969,9914.0,4449.0,5465.0,9.588042259216309,93.4378423690796,0,0,0,0.0,682,0.0006,0.0,0.0,0.0,0.0
