divipola,municipio,departamento,area_km2,celdas,muestreo,mmi_max,mmi_media,mmi_min,pga_max,vs30_medio,vs30_min,frac_mmi6,frac_mmi7,frac_mmi8,frac_pager6,frac_pager7,frac_pager8,peso_dano,pob_cabecera,pob_rural,pob_total,def_cuantitativo,def_cualitativo,def_habitacional,exposicion,vulnerabilidad,indice,pob_mmi6,pob_pager6,pob_mmi7,pob_pager7,pob_mmi8,pob_pager8,rank,nombre_norm,depto_norm,ambiguedad,requiere_contexto,menciones,notas_que_lo_nombran,menciones_nacional,menciones_regional,muertos_rep,heridos_rep,desaparecidos_rep,viv_colapsadas_rep,viv_averiadas_rep,fuente_perdidas,cobertura_dato,muertos_100k
66001,PEREIRA,RISARALDA,608.012203193,609,celdas,7.900000095367432,7.242363929748535,6.0,41.83000183105469,513.77587890625,217.8999938964844,1.0,0.7881773399014779,0.0,1.0,0.8522167487684729,0.4564860426929392,8.254910469055176,409683.0,78137.0,487820.0,4.034841537475586,17.280351638793945,21.31519317626953,4026910.425014496,1.213151931762695,4885254.161141672,487820,487820,384489,415728,0,222683,1,pereira,risaralda,unico,False,219,72,213,6,93.0,259.0,260.0,,,Asocapitales No. 22 vía Blu Radio,2,19.1
76001,CALI,VALLE DEL CAUCA,563.040919672,562,celdas,6.699999809265137,5.874377250671387,5.0,18.63999938964844,580.4318237304688,184.8999938964844,0.4181494661921708,0.0,0.0,0.7348754448398577,0.2117437722419929,0.0,1.1788650751113892,2217353.0,52630.0,2269983.0,1.8849141597747805,12.133184432983398,14.01809859275818,2676003.6797965765,1.1401809859275818,3051128.5139762973,949192,1668155,0,480655,0,0,2,cali,valle del cauca,corto,True,22,13,17,5,96.0,,,,,Asocapitales No. 22 vía Blu Radio,2,4.2
17001,MANIZALES,CALDAS,441.004225928,443,celdas,8.0,6.9002251625061035,6.0,35.41999816894531,666.5375366210938,339.0,1.0,0.5643340857787811,0.0022573363431151,1.0,0.7855530474040632,0.0699774266365688,5.436612606048584,449879.0,25811.0,475690.0,3.785468101501465,12.506049156188965,16.29151725769043,2586142.250571251,1.1629151725769042,3007464.06163149,475690,475690,268448,373680,1074,33288,3,manizales,caldas,unico,False,96,50,88,8,6.0,182.0,,1449.0,,Asocapitales No. 22 vía Blu Radio,2,1.3
63001,ARMENIA,QUINDIO,121.587950815,120,celdas,7.599999904632568,7.289166450500488,7.0,35.38999938964844,383.9783325195313,228.6999969482422,1.0,1.0,0.0,1.0,1.0,0.075,7.970072269439697,298815.0,8288.0,307103.0,3.814976692199707,9.811139106750488,13.626115798950195,2447633.1041617393,1.136261157989502,2781150.425268257,307103,307103,307103,307103,0,23033,4,armenia,quindio,nombre_repetido,True,4,4,4,0,0.0,174.0,,,54.0,Asocapitales No. 22 vía Blu Radio,2,0.0
66170,DOSQUEBRADAS,RISARALDA,70.1288668431,73,celdas,7.900000095367432,7.258904457092285,6.800000190734863,38.130001068115234,631.1452026367188,350.6000061035156,1.0,0.9315068493150684,0.0,1.0,1.0,0.2465753424657534,7.889136791229248,234946.0,11442.0,246388.0,1.9947344064712524,11.071704864501951,13.066439270973206,1943788.635717392,1.1306643927097322,2197772.5973594836,246388,246388,229512,246388,0,60753,5,dosquebradas,risaralda,unico,False,19,8,18,1,,,,,,,1,
76147,CARTAGO,VALLE DEL CAUCA,248.224035061,248,celdas,8.0,7.459273815155029,6.699999809265137,41.709999084472656,405.6048278808594,186.8999938964844,1.0,0.8991935483870968,0.0120967741935483,1.0,1.0,0.6290322580645161,9.772780418395996,139614.0,4592.0,144206.0,2.267540216445923,10.594124794006348,12.86166501045227,1409293.573015213,1.1286166501045227,1590552.1913902634,144206,144206,129669,144206,1744,90710,6,cartago,valle del cauca,unico,False,10,7,9,1,,,,,,,1,
76109,BUENAVENTURA,VALLE DEL CAUCA,6292.04789753,6283,celdas,7.699999809265137,5.902594089508057,4.599999904632568,26.540000915527344,470.0626831054687,192.5,0.4453286646506446,0.0593665446442782,0.0,0.7201973579500238,0.2602260066847047,0.0035015120165526,1.5840461254119873,262320.0,72897.0,335217.0,27.179946899414062,28.883188247680664,56.06313514709473,530999.1900222301,1.5606313514709471,828693.9835543714,149282,241422,19901,87232,0,1174,7,buenaventura,valle del cauca,unico,False,49,24,48,1,,,,,,,1,
76520,PALMIRA,VALLE DEL CAUCA,1005.1448311,1005,celdas,6.699999809265137,5.931343078613281,5.099999904632568,22.059999465942383,521.0703735351562,183.8000030517578,0.5194029850746269,0.0,0.0,0.6278606965174129,0.3263681592039801,0.0,1.4632238149642944,296852.0,85851.0,382703.0,1.899917483329773,24.469266891479492,26.369184374809265,559980.1436582804,1.2636918437480926,707642.3402018541,198777,240284,0,124902,0,0,8,palmira,valle del cauca,unico,False,12,9,10,2,,,,,,,1,
27001,QUIBDÓ,CHOCÓ,3507.12280944,3528,celdas,7.800000190734863,6.194756507873535,5.0,31.040000915527344,464.4021606445313,196.5,0.5929705215419501,0.1326530612244898,0.0,0.9243197278911564,0.320578231292517,0.0195578231292517,2.2788023948669434,122692.0,20640.0,143332.0,26.47067070007324,63.23115921020508,89.70182991027832,326625.3048610687,1.897018299102783,619614.1802714725,84992,132485,19013,45949,0,2803,9,quibdo,choco,unico,False,97,42,90,7,9.0,119.0,,100.0,2125.0,Asocapitales No. 22 vía Blu Radio,2,6.3
76130,CANDELARIA,VALLE DEL CAUCA,296.476940727,293,celdas,6.699999809265137,6.398293972015381,6.199999809265137,18.459999084472656,231.9129638671875,183.5,1.0,0.0,0.0,1.0,0.2559726962457337,0.0,2.3329293727874756,29309.0,86624.0,115933.0,4.732812404632568,69.04724884033203,73.7800612449646,270463.5009753704,1.737800612449646,470011.6376402742,115933,115933,0,29676,0,0,10,candelaria,valle del cauca,unico,False,0,0,0,0,,,,,,,1,
17174,CHINCHINÁ,CALDAS,109.372321072,106,celdas,7.599999904632568,7.172641277313232,6.800000190734863,37.0099983215332,525.7962036132812,328.0,1.0,0.8962264150943396,0.0,1.0,1.0,0.0283018867924528,7.029410362243652,44899.0,5553.0,50452.0,4.149325370788574,15.891033172607422,20.040358543395996,354647.81159591675,1.20040358543396,425720.504606046,50452,50452,45216,50452,0,1428,11,chinchina,caldas,unico,False,0,0,0,0,,,,,,,1,
66682,SANTA ROSA DE CABAL,RISARALDA,543.490030508,549,celdas,7.5,6.695082187652588,6.0,35.91999816894531,721.5147705078125,383.1000061035156,1.0,0.2841530054644808,0.0,1.0,0.644808743169399,0.0036429872495446,4.083535194396973,70752.0,13302.0,84054.0,4.093227386474609,18.274133682250977,22.367361068725582,343237.46722984314,1.223673610687256,420010.6308482908,84054,84054,23884,54199,0,306,12,santa rosa de cabal,risaralda,unico,False,4,2,4,0,,,,,,,1,
63130,CALARCÁ,QUINDIO,220.82757999,215,celdas,7.5,6.650697708129883,6.099999904632568,33.779998779296875,654.3228149414062,295.8999938964844,1.0,0.3395348837209302,0.0,1.0,0.5674418604651162,0.0046511627906976,3.925626277923584,57323.0,17076.0,74399.0,6.045738220214844,24.357587814331055,30.4033260345459,292062.6694512367,1.304033260345459,380859.4350696943,74399,74399,25261,42217,0,346,13,calarca,quindio,unico,False,4,3,4,0,,,,,,,1,
76834,TULUÁ,VALLE DEL CAUCA,909.358972232,911,celdas,6.900000095367432,5.993084907531738,5.5,32.380001068115234,699.46630859375,207.3999938964844,0.3501646542261251,0.0,0.0,1.0,0.2019758507135016,0.0,1.3427573442459106,187083.0,38785.0,225868.0,3.5448801517486572,17.630916595458984,21.17579674720764,303285.91583013535,1.2117579674720764,367509.12492923206,79091,225868,0,45620,0,0,14,tulua,valle del cauca,unico,False,6,5,6,0,,,,,,,1,
63470,MONTENEGRO,QUINDIO,149.034327944,153,celdas,7.400000095367432,7.194117546081543,6.800000190734863,37.25,403.90130615234375,266.5,1.0,0.8823529411764706,0.0,1.0,1.0,0.0,7.214432239532471,30669.0,6814.0,37483.0,8.035181045532227,18.503971099853516,26.539152145385746,270418.5636343956,1.2653915214538574,342185.3576666946,37483,37483,33073,37483,0,0,15,montenegro,quindio,unico,False,1,1,1,0,,,,,,,1,
73001,IBAGUÉ,TOLIMA,1377.25137596,1388,celdas,6.599999904632568,5.678314208984375,5.099999904632568,25.690000534057617,707.2962036132812,240.6000061035156,0.2413544668587896,0.0,0.0,0.7485590778097982,0.0021613832853025,0.0,0.5074843168258667,516862.0,40455.0,557317.0,3.1457865238189697,15.269622802734377,18.415409326553345,282829.63700044155,1.1841540932655334,334913.87235087785,134511,417185,0,1205,0,0,16,ibague,tolima,unico,False,2,2,2,0,,,,,,,1,
63594,QUIMBAYA,QUINDIO,133.520353956,133,celdas,7.599999904632568,7.33759355545044,6.800000190734863,38.349998474121094,417.4744262695313,312.70001220703125,1.0,0.9924812030075189,0.0,1.0,1.0,0.1804511278195488,8.403536796569824,25378.0,5972.0,31350.0,4.096288204193115,17.2448673248291,21.341155529022217,263450.878572464,1.213411555290222,319674.34031118895,31350,31350,31114,31350,0,5657,17,quimbaya,quindio,unico,False,6,2,6,0,,,,,,,1,
27361,ISTMINA,CHOCÓ,1879.96677361,1888,celdas,7.0,6.773040771484375,6.300000190734863,37.310001373291016,312.5339660644531,209.8999938964844,1.0,0.024364406779661,0.0,1.0,0.9798728813559322,0.0,4.227947235107422,26467.0,10250.0,36717.0,32.41245651245117,66.87265014648438,99.28510665893556,155237.5386314392,1.9928510665893555,309365.2944363699,36717,36717,895,35978,0,0,18,istmina,choco,unico,False,8,5,8,0,,,,,,,1,
76895,ZARZAL,VALLE DEL CAUCA,367.946908389,380,celdas,7.199999809265137,6.928158283233643,6.5,38.02000045776367,349.07525634765625,193.8999938964844,1.0,0.4973684210526315,0.0,1.0,1.0,0.0,5.220648288726807,34159.0,9834.0,43993.0,2.297032594680786,28.400362014770508,30.697394609451297,229671.9801659584,1.306973946094513,300175.2942248434,43993,43993,21881,43993,0,0,19,zarzal,valle del cauca,unico,False,0,0,0,0,,,,,,,1,
17873,VILLAMARÍA,CALDAS,455.076577794,456,celdas,7.699999809265137,6.501096725463867,5.900000095367432,32.08000183105469,763.1185302734375,430.5,0.9890350877192984,0.131578947368421,0.0,1.0,0.5,0.0087719298245614,3.0714051723480225,66008.0,8455.0,74463.0,4.077517032623291,18.449657440185547,22.52717447280884,228706.0433485508,1.2252717447280883,280227.05276353663,73647,74463,9798,37232,0,653,20,villamaria,caldas,unico,False,1,1,0,1,,,,,,,1,
63190,CIRCASIA,QUINDIO,90.3166858718,90,celdas,7.5,7.235555171966553,7.0,34.33000183105469,463.5189208984375,361.8999938964844,1.0,1.0,0.0,1.0,1.0,0.0222222222222222,7.506872653961182,21536.0,7435.0,28971.0,5.442855358123779,20.88460350036621,26.32745885848999,217481.6076579094,1.2632745885849,274738.9884388281,28971,28971,28971,28971,0,644,21,circasia,quindio,unico,False,0,0,0,0,,,,,,,1,
66400,LA VIRGINIA,RISARALDA,32.941570425,32,celdas,7.599999904632568,7.296875,6.900000095367432,40.08000183105469,457.6343994140625,262.6000061035156,1.0,0.96875,0.0,1.0,1.0,0.125,8.067071914672852,27764.0,622.0,28386.0,2.424311399459839,13.46460247039795,15.888913869857788,228991.90336990356,1.1588891386985778,265376.2296652955,28386,28386,27499,28386,0,3548,22,la virginia,risaralda,unico,False,0,0,0,0,,,,,,,1,
63401,LA TEBAIDA,QUINDIO,89.4170735698,87,celdas,7.400000095367432,7.048276901245117,6.699999809265137,35.279998779296875,393.0321960449219,235.8000030517578,1.0,0.6091954022988506,0.0,1.0,1.0,0.0,6.093228816986084,30338.0,3420.0,33758.0,6.562804222106934,16.572542190551758,23.13534641265869,205695.21840381625,1.2313534641265869,253283.51973581396,33758,33758,20565,33758,0,0,23,la tebaida,quindio,unico,False,0,0,0,0,,,,,,,1,
76400,LA UNIÓN,VALLE DEL CAUCA,120.874948973,123,celdas,7.300000190734863,6.787805080413818,6.199999809265137,39.900001525878906,530.3780517578125,184.1000061035156,1.0,0.3902439024390244,0.0,1.0,0.7317073170731707,0.0,4.64698600769043,28254.0,6445.0,34699.0,3.7300519943237305,22.726398468017575,26.45645046234131,161245.76748085022,1.264564504623413,203905.6740770434,34699,34699,13541,25390,0,0,24,la union,valle del cauca,palabra_riesgosa,True,0,0,0,0,,,,,,,1,
76622,ROLDANILLO,VALLE DEL CAUCA,234.948640383,233,celdas,7.199999809265137,6.592703819274902,6.099999904632568,39.119998931884766,578.2433471679688,191.3999938964844,1.0,0.2360515021459227,0.0,1.0,0.592274678111588,0.0,3.5118072032928467,30066.0,8573.0,38639.0,1.9300247430801392,25.11884307861328,27.04886782169342,135692.7185280323,1.2704886782169342,172396.06260634225,38639,38639,9121,22885,0,0,25,roldanillo,valle del cauca,unico,False,7,4,7,0,,,,,,,1,
17042,ANSERMA,CALDAS,209.153270902,210,celdas,7.300000190734863,6.555238723754883,6.099999904632568,36.86000061035156,674.8342895507812,325.8999938964844,1.0,0.1333333333333333,0.0,1.0,0.5571428571428572,0.0,3.2432847023010254,22190.0,15162.0,37352.0,5.498567581176758,34.072635650634766,39.57120323181152,121143.1702003479,1.3957120323181154,169080.9802817869,37352,37352,4980,20810,0,0,26,anserma,caldas,unico,False,0,0,0,0,,,,,,,1,
76020,ALCALÁ,VALLE DEL CAUCA,62.3569466021,65,celdas,7.699999809265137,7.363076686859131,7.099999904632568,39.16999816894531,451.7692260742187,297.6000061035156,1.0,1.0,0.0,1.0,1.0,0.3384615384615385,8.657462120056152,10752.0,3583.0,14335.0,11.32655429840088,18.656892776489254,29.983447074890137,124104.71949100494,1.2998344707489011,161315.59237703128,14335,14335,14335,14335,0,4852,27,alcala,valle del cauca,unico,False,3,1,3,0,,,,,,,1,
76111,GUADALAJARA DE BUGA,VALLE DEL CAUCA,825.877594807,822,celdas,6.800000190734863,5.851702690124512,5.400000095367432,28.450000762939453,686.2796630859375,206.0,0.3296836982968369,0.0,0.0,0.924574209245742,0.1435523114355231,0.0,0.9881503582000732,114352.0,17898.0,132250.0,4.372488021850586,16.782825469970703,21.15531349182129,130682.88487195969,1.211553134918213,158329.25884677866,43601,122275,0,18985,0,0,28,guadalajara de buga,valle del cauca,unico,False,0,0,0,0,,,,,,,1,
17524,PALESTINA,CALDAS,112.235477053,112,celdas,7.400000095367432,7.0714287757873535,6.599999904632568,36.310001373291016,561.7098388671875,325.1000061035156,1.0,0.7589285714285714,0.0,1.0,1.0,0.0,6.255646705627441,5828.0,10138.0,15966.0,8.285334587097168,49.468318939208984,57.75365352630615,99877.65530204771,1.5775365352630617,157560.65029539072,15966,15966,12117,15966,0,0,29,palestina,caldas,nombre_repetido,True,0,0,0,0,,,,,,,1,
27250,EL LITORAL DEL SAN JUAN,CHOCÓ,4134.97895578,4139,celdas,6.900000095367432,6.451510429382324,5.5,34.0099983215332,406.0204772949219,192.8999938964844,0.869050495288717,0.0,0.0,1.0,0.6042522348393332,0.0,2.7634449005126953,1741.0,25894.0,27635.0,91.19107055664062,8.002481460571289,99.19355201721191,76367.79982566833,1.9919355201721192,152119.73307014292,24016,27635,0,16699,0,0,30,el litoral del san juan,choco,unico,False,10,5,10,0,,,,,,,1,
27077,BAJO BAUDÓ,CHOCÓ,3479.27369684,3492,celdas,6.900000095367432,6.32408332824707,5.199999809265137,32.06999969482422,386.8679809570313,191.6000061035156,0.8634020618556701,0.0,0.0,0.97709049255441,0.4258304696449026,0.0,2.2191038131713867,7317.0,27736.0,35053.0,69.59247589111328,19.827587127685547,89.42006301879883,77786.24596309662,1.894200630187988,147342.75612325547,30265,34250,0,14927,0,0,31,bajo baudo,choco,unico,False,1,1,1,0,,,,,,,1,
76041,ANSERMANUEVO,VALLE DEL CAUCA,305.45167419,309,celdas,7.699999809265137,6.8980584144592285,6.300000190734863,41.88999938964844,636.5770874023438,196.3999938964844,1.0,0.3883495145631068,0.0,1.0,0.9158576051779936,0.1521035598705501,5.377221584320068,11006.0,6819.0,17825.0,3.5467281341552734,40.27309799194336,43.81982612609863,95848.97474050522,1.4381982612609865,137849.8288154428,17825,17825,6922,16325,0,2711,32,ansermanuevo,valle del cauca,unico,False,0,0,0,0,,,,,,,1,
76892,YUMBO,VALLE DEL CAUCA,230.589699064,232,celdas,6.699999809265137,5.862930774688721,5.400000095367432,20.979999542236328,645.8758544921875,190.8999938964844,0.2801724137931034,0.0,0.0,0.9956896551724138,0.1206896551724138,0.0,0.9179806709289552,98767.0,16900.0,115667.0,6.2063517570495605,19.36482810974121,25.57117986679077,106180.07026433945,1.2557117986679076,133331.5670143185,32407,115168,0,13960,0,0,33,yumbo,valle del cauca,unico,False,5,3,3,2,,,,,,,1,
05360,ITAGÜÍ,ANTIOQUIA,19.6495552531,19,celdas,6.0,5.542105197906494,5.0,9.819000244140623,583.1578979492188,361.6000061035156,0.1052631578947368,0.0,0.0,0.5789473684210527,0.0,0.0,0.359131246805191,277025.0,29372.0,306397.0,1.834012985229492,16.88581085205078,18.719823837280273,110036.73662737012,1.1871982383728028,130635.41988030588,32252,177388,0,0,0,0,34,itagui,antioquia,unico,False,0,0,0,0,,,,,,,1,
66440,MARSELLA,RISARALDA,149.319137416,151,celdas,7.5,6.930463790893555,6.5,38.40999984741211,689.0489501953125,410.0,1.0,0.4569536423841059,0.0,1.0,1.0,0.0066225165562913,5.306423187255859,9332.0,7988.0,17320.0,4.0,33.42723083496094,37.42723083496094,91907.24960327148,1.3742723083496091,126305.5880663516,17320,17320,7914,17320,0,115,35,marsella,risaralda,unico,False,2,1,2,0,,,,,,,1,
76113,BUGALAGRANDE,VALLE DEL CAUCA,396.781323361,398,celdas,7.0,6.562562465667725,5.800000190734863,35.84000015258789,465.5190734863281,186.8999938964844,0.8994974874371859,0.1758793969849246,0.0,1.0,0.6834170854271356,0.0,3.3704288005828857,13894.0,11633.0,25527.0,7.448866844177246,38.08734130859375,45.53620815277099,86036.93599247932,1.45536208152771,125214.89425428104,22961,25527,4490,17446,0,0,36,bugalagrande,valle del cauca,unico,False,0,0,0,0,,,,,,,1,
76364,JAMUNDÍ,VALLE DEL CAUCA,629.079013262,636,celdas,6.400000095367432,5.46855354309082,4.699999809265137,16.149999618530273,560.4592895507812,186.1999969482422,0.2830188679245283,0.0,0.0,0.4261006289308176,0.0,0.0,0.4921520054340362,150381.0,46494.0,196875.0,4.321964740753174,23.49498748779297,27.816952228546143,96892.42606982587,1.2781695222854614,123844.94594274876,55719,83889,0,0,0,0,37,jamundi,valle del cauca,unico,False,1,1,1,0,,,,,,,1,
27430,MEDIO BAUDÓ,CHOCÓ,1372.04406946,1378,celdas,6.900000095367432,6.631349563598633,6.099999904632568,34.27000045776367,338.6468200683594,216.1000061035156,1.0,0.0,0.0,1.0,0.8352685050798259,0.0,3.465472459793091,2307.0,15310.0,17617.0,86.29570770263672,13.290938377380373,99.58664608001708,61051.22832417488,1.9958664608001708,121850.09900287406,17617,17617,0,14715,0,0,38,medio baudo,choco,unico,False,0,0,0,0,,,,,,,1,
76497,OBANDO,VALLE DEL CAUCA,214.677027312,216,celdas,7.599999904632568,7.123148441314697,6.400000095367432,40.22999954223633,451.8805236816406,186.3999938964844,1.0,0.6805555555555556,0.0,1.0,0.9907407407407408,0.1666666666666666,6.863766193389893,9626.0,2932.0,12558.0,6.256463050842285,33.79007339477539,40.04653644561768,86195.17585659027,1.4004653644561769,120713.35837036396,12558,12558,8546,12442,0,2093,39,obando,valle del cauca,unico,False,6,5,6,0,,,,,,,1,
17614,RIOSUCIO,CALDAS,384.161536503,385,celdas,6.699999809265137,6.133766174316406,5.699999809265137,30.829999923706055,706.964111328125,367.7000122070313,0.7662337662337663,0.0,0.0,1.0,0.0831168831168831,0.0,1.473783254623413,20610.0,31508.0,52118.0,6.3517351150512695,41.91313934326172,48.26487445831299,76810.63566446304,1.48264874458313,113883.19253854832,39935,52118,0,4332,0,0,40,riosucio,caldas,nombre_repetido,True,0,0,0,0,,,,,,,1,
76736,SEVILLA,VALLE DEL CAUCA,537.174351656,534,celdas,7.099999904632568,6.204494476318359,5.599999904632568,34.900001525878906,662.1011352539062,302.8999938964844,0.7116104868913857,0.0112359550561797,0.0,1.0,0.2902621722846442,0.0,1.9136552810668943,34327.0,9845.0,44172.0,7.659379482269287,22.64179801940918,30.301177501678467,84529.98107528687,1.303011775016785,110143.56068304477,31433,44172,496,12821,0,0,41,sevilla,valle del cauca,unico,False,2,2,2,0,,,,,,,1,
76122,CAICEDONIA,VALLE DEL CAUCA,166.983686558,169,celdas,7.099999904632568,6.455621242523193,5.900000095367432,34.90999984741211,603.6964721679688,251.1999969482422,0.940828402366864,0.1183431952662721,0.0,1.0,0.4378698224852071,0.0,2.8891754150390625,25425.0,4823.0,30248.0,5.147670745849609,20.62187957763672,25.769550323486328,87391.77795410156,1.2576955032348631,109912.2461525732,28458,30248,3580,13245,0,0,42,caicedonia,valle del cauca,unico,False,0,0,0,0,,,,,,,1,
76036,ANDALUCÍA,VALLE DEL CAUCA,110.460417918,112,celdas,6.900000095367432,6.6133928298950195,5.800000190734863,33.650001525878906,408.28662109375,217.3000030517578,0.9196428571428572,0.0,0.0,1.0,0.8214285714285714,0.0,3.5321686267852783,20021.0,5088.0,25109.0,3.212390661239624,19.632869720458984,22.84526038169861,88689.22204995155,1.228452603816986,108950.50575776584,23091,25109,0,20625,0,0,43,andalucia,valle del cauca,unico,False,0,0,0,0,,,,,,,1,
76248,EL CERRITO,VALLE DEL CAUCA,441.888582971,446,celdas,6.699999809265137,5.934978008270264,5.300000190734863,23.760000228881836,567.5990600585938,223.3000030517578,0.4820627802690583,0.0,0.0,0.6502242152466368,0.336322869955157,0.0,1.3799927234649658,37017.0,19380.0,56397.0,2.884833335876465,36.97007369995117,39.85490703582764,77827.44962525368,1.3985490703582764,108845.50732175412,27187,36671,0,18968,0,0,44,el cerrito,valle del cauca,unico,False,0,0,0,0,,,,,,,1,
63272,FILANDIA,QUINDIO,106.621712888,108,celdas,7.400000095367432,7.196295738220215,6.900000095367432,34.61000061035156,493.7814636230469,422.7000122070313,1.0,0.9907407407407408,0.0,1.0,1.0,0.0,7.173773765563965,6795.0,5550.0,12345.0,7.947185039520264,14.947683334350586,22.89486837387085,88560.23713588715,1.2289486837387085,108835.9868597364,12345,12345,12231,12345,0,0,45,filandia,quindio,unico,False,3,1,3,0,,,,,,,1,
73268,ESPINAL,TOLIMA,216.498945827,216,celdas,6.099999904632568,6.052777290344238,5.699999809265137,17.010000228881836,273.2055358886719,226.6999969482422,0.8657407407407407,0.0,0.0,1.0,0.0,0.0,1.1510676145553589,51793.0,20159.0,71952.0,3.8087663650512695,27.45669937133789,31.26546573638916,82821.61700248718,1.3126546573638915,108716.18128872328,62292,71952,0,0,0,0,46,espinal,tolima,unico,False,1,1,1,0,,,,,,,1,
27787,TADÓ,CHOCÓ,714.828210811,717,celdas,7.0,6.504184246063232,6.0,37.47999954223633,610.12109375,253.1000061035156,1.0,0.0878661087866108,0.0,1.0,0.5383542538354253,0.0,3.0067553520202637,11436.0,8050.0,19486.0,20.451501846313477,61.4310302734375,81.88253211975098,58589.63478946686,1.8188253211975096,106564.31131479684,19486,19486,1712,10490,0,0,47,tado,choco,corto,True,3,3,3,0,,,,,,,1,
27450,MEDIO SAN JUAN,CHOCÓ,663.422368177,668,celdas,7.0,6.859731674194336,6.599999904632568,37.290000915527344,299.28204345703125,209.6000061035156,1.0,0.1107784431137724,0.0,1.0,1.0,0.0,4.734120845794678,2632.0,8664.0,11296.0,57.19886016845703,40.41339874267578,97.6122589111328,53476.62907409668,1.976122589111328,105676.37470285004,11296,11296,1251,11296,0,0,48,medio san juan,choco,unico,False,0,0,0,0,,,,,,,1,
19573,PUERTO TEJADA,CAUCA,109.218657022,109,celdas,6.5,6.261467933654785,6.199999809265137,16.559999465942383,225.65687561035156,184.3000030517578,1.0,0.0,0.0,1.0,0.0275229357798165,0.0,1.8013091087341309,37405.0,6304.0,43709.0,2.9971492290496826,25.69535446166992,28.692503690719604,78733.41983366013,1.286925036907196,101324.00922526282,43709,43709,0,1203,0,0,49,puerto tejada,cauca,unico,False,1,1,0,1,,,,,,,1,
76403,LA VICTORIA,VALLE DEL CAUCA,264.697798296,265,celdas,7.300000190734863,7.0128302574157715,6.400000095367432,39.349998474121094,409.8849182128906,195.0,1.0,0.6,0.0,1.0,0.9962264150943396,0.0,5.849287986755371,9883.0,2882.0,12765.0,2.677677631378174,30.455455780029297,33.13313341140747,74666.16115093231,1.331331334114075,99405.3999382472,12765,12765,7659,12717,0,0,50,la victoria,valle del cauca,palabra_riesgosa,True,0,0,0,0,,,,,,,1,
76318,GUACARÍ,VALLE DEL CAUCA,162.487145862,161,celdas,6.699999809265137,6.208695411682129,5.5,24.709999084472656,476.1689758300781,209.6999969482422,0.6956521739130435,0.0,0.0,1.0,0.5031055900621118,0.0,1.972954273223877,22272.0,12467.0,34739.0,5.437006950378418,38.848289489746094,44.28529644012451,68538.45849752426,1.442852964401245,98890.9180186446,24166,34739,0,17477,0,0,51,guacari,valle del cauca,unico,False,0,0,0,0,,,,,,,1,
27205,CONDOTO,CHOCÓ,467.717404777,469,celdas,7.0,6.734541893005371,6.099999904632568,39.29999923706055,465.525390625,226.3999938964844,1.0,0.2217484008528784,0.0,1.0,0.8017057569296375,0.0,4.146272659301758,9710.0,2910.0,12620.0,18.761384963989254,64.79312896728516,83.55451393127441,52325.96096038818,1.835545139312744,96046.66330070894,12620,12620,2798,10118,0,0,52,condoto,choco,unico,False,2,2,2,0,,,,,,,1,
17486,NEIRA,CALDAS,369.332102773,374,celdas,7.199999809265137,6.552138805389404,5.900000095367432,33.63999938964844,676.39599609375,367.3999938964844,0.9946524064171124,0.1203208556149732,0.0,1.0,0.606951871657754,0.0,3.263369083404541,12752.0,8740.0,21492.0,7.566557884216309,29.05184555053711,36.61840343475342,70136.3283405304,1.3661840343475342,95819.13200658912,21377,21492,2586,13045,0,0,53,neira,caldas,unico,False,1,1,0,1,,,,,,,1,
66088,BELÉN DE UMBRÍA,RISARALDA,180.600438729,182,celdas,7.099999904632568,6.454395294189453,6.099999904632568,37.56999969482422,709.2296752929688,375.3999938964844,1.0,0.0329670329670329,0.0,1.0,0.4835164835164835,0.0,2.692709445953369,13413.0,11864.0,25277.0,3.586862564086914,35.767791748046875,39.35465431213379,68063.61666536331,1.393546543121338,94849.81771635292,25277,25277,833,12222,0,0,54,belen de umbria,risaralda,unico,False,4,2,4,0,,,,,,,1,
76823,TORO,VALLE DEL CAUCA,175.763653401,176,celdas,7.5,6.773863315582275,6.199999809265137,41.25,618.098876953125,188.1000061035156,1.0,0.3295454545454545,0.0,1.0,0.7613636363636364,0.0056818181818181,4.569630146026611,10513.0,4409.0,14922.0,3.623710155487061,34.02927780151367,37.65298795700073,68188.0210390091,1.3765298795700074,93862.84838894432,14922,14922,4917,11361,0,85,55,toro,valle del cauca,corto,True,1,1,0,1,,,,,,,1,
17877,VITERBO,CALDAS,112.875981944,114,celdas,7.5,7.019298553466797,6.300000190734863,39.93000030517578,484.62017822265625,256.20001220703125,1.0,0.6491228070175439,0.0,1.0,0.9649122807017544,0.0350877192982456,6.040055751800537,10818.0,1795.0,12613.0,2.3352999687194824,19.051130294799805,21.386430263519287,76183.22319746017,1.213864302635193,92476.09509908623,12613,12613,8187,12170,0,443,56,viterbo,caldas,unico,False,1,1,1,0,,,,,,,1,
11001,"BOGOTÁ, D.C.","BOGOTÁ, D.C.",1622.8529796,1628,celdas,5.699999809265137,4.619656085968018,3.700000047683716,8.74899959564209,588.860107421875,182.6999969482422,0.0,0.0,0.0,0.0202702702702702,0.0,0.0,0.0100934887304902,7914911.0,31085.0,7945996.0,3.856065511703491,10.207573890686035,14.063639402389526,80202.82107852027,1.1406363940238953,91482.25662554702,0,161067,0,0,0,0,57,bogota d c,bogota d c,palabra_riesgosa,True,0,0,0,0,,,,,,,0,
27025,ALTO BAUDÓ,CHOCÓ,2050.39821122,2054,celdas,6.900000095367432,6.071567535400391,5.099999904632568,30.100000381469727,474.02093505859375,225.8000030517578,0.6426484907497566,0.0,0.0,0.9547224926971762,0.1577409931840311,0.0,1.409371018409729,3149.0,26209.0,29358.0,96.57938385009766,2.9959895610809326,99.5753734111786,41376.314358472824,1.995753734111786,82576.93388470524,18867,28029,0,4631,0,0,58,alto baudo,choco,unico,False,1,1,1,0,,,,,,,1,
27050,ATRATO,CHOCÓ,421.566676409,422,celdas,7.5,7.093838691711426,6.800000190734863,33.66999816894531,293.64764404296875,211.6999969482422,1.0,0.95260663507109,0.0,1.0,1.0,0.0023696682464454,6.3770365715026855,2987.0,3545.0,6532.0,36.15560531616211,61.899314880371094,98.0549201965332,41654.80288505554,1.980549201965332,82499.38661201995,6532,6532,6222,6532,0,15,59,atrato,choco,unico,False,7,3,1,6,,,,,,,1,
27810,UNIÓN PANAMERICANA,CHOCÓ,177.759841177,174,celdas,7.0,6.960345268249512,6.800000190734863,36.5099983215332,284.37872314453125,214.6000061035156,1.0,0.6494252873563219,0.0,1.0,1.0,0.0,5.389253616333008,3033.0,4289.0,7322.0,25.996015548706055,69.52191162109375,95.5179271697998,39460.11497879028,1.955179271697998,77151.59886535045,7322,7322,4755,7322,0,0,60,union panamericana,choco,unico,False,0,0,0,0,,,,,,,1,
66594,QUINCHÍA,RISARALDA,140.142967046,142,celdas,6.699999809265137,6.2105631828308105,5.900000095367432,30.760000228881836,758.4513549804688,448.0,0.9647887323943662,0.0,0.0,1.0,0.0985915492957746,0.0,1.6737772226333618,8208.0,19845.0,28053.0,11.291386604309082,46.893550872802734,58.184937477111816,46954.4724265337,1.5818493747711182,74274.90285062004,27065,28053,0,2766,0,0,61,quinchia,risaralda,unico,False,0,0,0,0,,,,,,,1,
76845,ULLOA,VALLE DEL CAUCA,41.8608774424,42,celdas,7.800000190734863,7.478570938110352,7.199999809265137,39.40999984741211,415.0499572753906,235.6999969482422,1.0,1.0,0.0,1.0,1.0,0.5476190476190477,9.758136749267578,2697.0,2904.0,5601.0,9.77397632598877,26.084300994873047,35.858277320861816,54655.323932647705,1.3585827732086182,74253.78155903188,5601,5601,5601,5601,0,3067,62,ulloa,valle del cauca,unico,False,2,2,2,0,,,,,,,1,
27600,RÍO QUITO,CHOCÓ,698.956779013,706,celdas,7.699999809265137,6.825212478637695,5.900000095367432,32.16999816894531,330.4596252441406,205.3999938964844,0.9985835694050992,0.3342776203966006,0.0,1.0,0.8739376770538244,0.018413597733711,4.716444969177246,2190.0,6287.0,8477.0,49.50445938110352,31.615461349487305,81.11992073059082,39981.304003715515,1.811199207305908,72414.10611858607,8465,8477,2834,7408,0,156,63,rio quito,choco,unico,False,0,0,0,0,,,,,,,1,
27491,NÓVITA,CHOCÓ,945.277155653,950,celdas,7.0,6.669684410095215,6.0,38.959999084472656,486.6629333496094,212.1000061035156,1.0,0.2021052631578947,0.0,1.0,0.72,0.0,3.849013090133667,3721.0,6295.0,10016.0,49.66518020629883,37.76041793823242,87.42559814453125,38551.71511077881,1.8742559814453124,72255.78264135281,10016,10016,2024,7212,0,0,64,novita,choco,unico,False,15,6,15,0,,,,,,,1,
27413,LLORÓ,CHOCÓ,842.895812201,846,celdas,7.099999904632568,6.58167839050293,5.699999809265137,34.22999954223633,484.8683166503906,224.1000061035156,0.9101654846335696,0.2281323877068558,0.0,1.0,0.6548463356973995,0.0,3.4741907119750977,3428.0,7057.0,10485.0,50.61659240722656,41.47982025146485,92.0964126586914,36426.8896150589,1.920964126586914,69974.74819366954,9543,10485,2392,6866,0,0,65,lloro,choco,unico,False,0,0,0,0,,,,,,,1,
17616,RISARALDA,CALDAS,89.9226284163,88,celdas,7.199999809265137,6.6875,6.300000190734863,36.970001220703125,674.2715454101562,390.7000122070313,1.0,0.1818181818181818,0.0,1.0,0.8181818181818182,0.0,3.842393636703491,4944.0,6135.0,11079.0,7.729468822479248,46.286231994628906,54.015700817108154,42569.87910103798,1.5401570081710816,65564.2976344593,11079,11079,2014,9065,0,0,66,risaralda,caldas,palabra_riesgosa,True,60,39,57,3,,,,,,,1,
66687,SANTUARIO,RISARALDA,190.842757017,197,celdas,7.5,6.564974784851074,6.199999809265137,40.349998474121094,728.2142333984375,263.20001220703125,1.0,0.116751269035533,0.0,1.0,0.5279187817258884,0.0456852791878172,3.348046064376831,6836.0,6132.0,12968.0,5.952989101409912,40.39345932006836,46.34644842147827,43417.461362838745,1.4634644842147826,63539.91269928205,12968,12968,1514,6846,0,592,67,santuario,risaralda,unico,False,0,0,0,0,,,,,,,1,
17088,BELALCÁZAR,CALDAS,113.381379767,113,celdas,7.300000190734863,6.743363380432129,6.400000095367432,39.349998474121094,722.5628662109375,376.6000061035156,1.0,0.1946902654867256,0.0,1.0,0.9734513274336284,0.0,4.135868549346924,4897.0,5430.0,10327.0,7.836570739746094,37.77629089355469,45.61286163330078,42711.11450910568,1.4561286163330078,62192.876072184714,10327,10327,2011,10053,0,0,68,belalcazar,caldas,unico,False,0,0,0,0,,,,,,,1,
73319,GUAMO,TOLIMA,505.743827121,510,celdas,6.199999809265137,6.053529262542725,5.199999809265137,17.639999389648438,284.87371826171875,209.3000030517578,0.9019607843137256,0.0,0.0,0.9882352941176472,0.0,0.0,1.172300100326538,17284.0,16650.0,33934.0,4.515599250793457,42.82065200805664,47.3362512588501,39780.83160448074,1.473362512588501,58611.5860056378,30607,33535,0,0,0,0,69,guamo,tolima,unico,False,0,0,0,0,,,,,,,1,
17380,LA DORADA,CALDAS,549.236341056,548,celdas,6.099999904632568,5.802372455596924,5.199999809265137,15.40999984741211,313.14581298828125,191.1000061035156,0.1551094890510949,0.0,0.0,0.9762773722627736,0.0,0.0,0.6127548217773438,63028.0,8452.0,71480.0,9.143327713012695,21.824329376220703,30.9676570892334,43799.71466064453,1.309676570892334,57363.46010281562,11087,69784,0,0,0,0,70,la dorada,caldas,unico,False,0,0,0,0,,,,,,,1,
27135,EL CANTÓN DEL SAN PABLO,CHOCÓ,380.495730952,383,celdas,7.0,6.82611083984375,6.300000190734863,34.9900016784668,320.6253356933594,216.6000061035156,1.0,0.1148825065274151,0.0,1.0,0.9817232375979112,0.0,4.5470428466796875,2956.0,3629.0,6585.0,28.47262191772461,59.48126983642578,87.95389175415039,29942.277145385742,1.879538917541504,56277.67517456603,6585,6585,757,6465,0,0,71,el canton del san pablo,choco,unico,False,0,0,0,0,,,,,,,1,
76670,SAN PEDRO,VALLE DEL CAUCA,202.128604639,206,celdas,6.800000190734863,6.272329807281494,5.599999904632568,29.959999084472656,522.957275390625,187.0,0.7427184466019418,0.0,0.0,1.0,0.3689320388349514,0.0,2.167387008666992,8466.0,8778.0,17244.0,4.339777946472168,45.78362655639648,50.12340450286865,37374.42157745361,1.5012340450286863,56107.75408532811,12807,17244,0,6362,0,0,72,san pedro,valle del cauca,palabra_riesgosa,True,0,0,0,0,,,,,,,1,
05615,RIONEGRO,ANTIOQUIA,195.910972272,199,celdas,6.0,5.546231746673584,4.900000095367432,12.380000114440918,400.0079956054687,233.1000061035156,0.0050251256281407,0.0,0.0,0.7035175879396985,0.0,0.0,0.3013801276683807,98864.0,57439.0,156303.0,2.003730297088623,16.546525955200195,18.55025625228882,47106.618094950914,1.185502562522888,55845.01646335136,785,109962,0,0,0,0,73,rionegro,antioquia,nombre_repetido,True,0,0,0,0,,,,,,,1,
19845,VILLA RICA,CAUCA,81.5490176732,78,celdas,6.300000190734863,6.149999618530273,5.900000095367432,15.369999885559082,224.8333282470703,190.1999969482422,0.9871794871794872,0.0,0.0,1.0,0.0,0.0,1.433488368988037,16186.0,7723.0,23909.0,2.170179605484009,57.548789978027344,59.71896958351135,34273.27341413498,1.5971896958351135,54740.91913959593,23602,23909,0,0,0,0,74,villa rica,cauca,palabra_riesgosa,True,0,0,0,0,,,,,,,1,
05034,ANDES,ANTIOQUIA,402.465966314,402,celdas,6.5,5.875124454498291,5.5,29.09000015258789,777.5492553710938,474.7999877929687,0.3432835820895522,0.0,0.0,1.0,0.0024875621890547,0.0,0.7773627042770386,22394.0,23042.0,45436.0,2.3594954013824463,52.54792785644531,54.90742325782776,35320.251831531525,1.5490742325782776,54713.6920004012,15597,45436,0,113,0,0,75,andes,antioquia,unico,False,0,0,0,0,,,,,,,1,
27160,CÉRTEGUI,CHOCÓ,423.367304096,422,celdas,7.099999904632568,6.946682929992676,6.099999904632568,36.20000076293945,317.1054382324219,218.0,1.0,0.5616113744075829,0.0,1.0,0.9928909952606636,0.0,5.305913925170898,3455.0,2608.0,6063.0,30.708091735839844,39.306358337402344,70.01445007324219,32169.756128311157,1.7001445007324218,54693.233971451344,6063,6063,3405,6020,0,0,76,certegui,choco,unico,False,1,1,1,0,,,,,,,1,
05001,MEDELLÍN,ANTIOQUIA,374.834004538,380,celdas,5.800000190734863,4.823157787322998,4.199999809265137,9.531999588012695,726.828125,300.1000061035156,0.0,0.0,0.0,0.0447368421052631,0.0,0.0,0.018711507320404,2478217.0,48578.0,2526795.0,2.024744749069214,12.979388236999512,15.004132986068726,47280.14313966036,1.1500413298606873,54374.11869233865,0,113041,0,0,0,0,77,medellin,antioquia,unico,False,48,32,47,1,,,,,,,1,
66572,PUEBLO RICO,RISARALDA,613.767813188,620,celdas,6.800000190734863,6.218387126922607,5.900000095367432,35.209999084472656,788.5924682617188,414.3999938964844,0.9983870967741936,0.0,0.0,1.0,0.1161290322580645,0.0,1.6985725164413452,3657.0,14887.0,18544.0,36.3548698425293,33.84763717651367,70.20250701904297,31498.328744888306,1.7020250701904298,53610.94519289975,18514,18544,0,2153,0,0,78,pueblo rico,risaralda,unico,False,0,0,0,0,,,,,,,1,
66075,BALBOA,RISARALDA,119.485984872,119,celdas,7.599999904632568,6.913444995880127,6.400000095367432,41.099998474121094,612.9403076171875,209.3000030517578,1.0,0.3529411764705882,0.0,1.0,0.9915966386554622,0.1428571428571428,5.347308158874512,1738.0,4863.0,6601.0,8.548083305358887,40.10056686401367,48.64865016937256,35297.58115673065,1.4864865016937256,52469.37793191892,6601,6601,2330,6546,0,943,79,balboa,risaralda,nombre_repetido,True,0,0,0,0,,,,,,,1,
25307,GIRARDOT,CUNDINAMARCA,130.15668066,132,celdas,6.099999904632568,5.53636360168457,4.900000095367432,15.859999656677246,504.8666687011719,225.6999969482422,0.1666666666666666,0.0,0.0,0.553030303030303,0.0,0.0,0.3816681206226349,100704.0,3622.0,104326.0,5.963433265686035,16.480606079101562,22.4440393447876,39817.90835207701,1.224440393447876,48754.65536888864,17388,57695,0,0,0,0,80,girardot,cundinamarca,unico,False,1,1,1,0,,,,,,,1,
27073,BAGADÓ,CHOCÓ,807.454205764,812,celdas,7.0,6.233621120452881,5.699999809265137,36.189998626708984,673.5552368164062,269.79998779296875,0.7253694581280788,0.0098522167487684,0.0,1.0,0.3066502463054187,0.0,1.922951579093933,2513.0,10423.0,12936.0,57.74760437011719,30.591054916381836,88.33865928649902,24875.30162715912,1.8833865928649904,46849.80957806416,9383,12936,127,3967,0,0,81,bagado,choco,unico,False,0,0,0,0,,,,,,,1,
19698,SANTANDER DE QUILICHAO,CAUCA,518.144383004,516,celdas,6.199999809265137,5.238372325897217,4.400000095367432,14.199999809265137,507.1765747070313,197.1000061035156,0.1162790697674418,0.0,0.0,0.3391472868217054,0.0,0.0,0.2492662817239761,60193.0,70575.0,130768.0,9.266938209533691,34.027896881103516,43.29483509063721,32596.05312848091,1.432948350906372,46708.460576513215,15206,44350,0,0,0,0,82,santander de quilichao,cauca,unico,False,2,2,2,0,,,,,,,1,
76828,TRUJILLO,VALLE DEL CAUCA,307.644892852,303,celdas,6.900000095367432,6.14488410949707,5.800000190734863,34.060001373291016,732.1151733398438,254.1000061035156,0.7326732673267327,0.0,0.0,1.0,0.1122112211221122,0.0,1.5116450786590576,10051.0,10007.0,20058.0,9.243072509765623,43.18393325805664,52.427005767822266,30320.576987743378,1.5242700576782229,46216.747633944586,14696,20058,0,2251,0,0,83,trujillo,valle del cauca,unico,False,12,6,10,2,,,,,,,1,
17777,SUPÍA,CALDAS,121.465013868,120,celdas,6.5,5.954167366027832,5.699999809265137,27.239999771118164,779.7666625976562,443.7000122070313,0.4,0.0,0.0,1.0,0.0333333333333333,0.0,0.9774028062820436,16130.0,15644.0,31774.0,2.095306396484375,41.7744255065918,43.86973190307617,31055.99676680565,1.4386973190307617,44680.17928823129,12710,31774,0,1059,0,0,84,supia,caldas,unico,False,0,0,0,0,,,,,,,1,
27425,MEDIO ATRATO,CHOCÓ,1812.93290127,1819,celdas,6.900000095367432,6.223803997039795,5.099999904632568,24.649999618530273,372.2623901367187,191.5,0.7751511819681144,0.0,0.0,0.9444749862561848,0.3227047828477185,0.0,1.9470970630645752,794.0,10547.0,11341.0,90.05186462402344,9.19377613067627,99.2456407546997,22082.027792215347,1.992456407546997,43997.47776623034,8791,10711,0,3660,0,0,85,medio atrato,choco,unico,False,0,0,0,0,,,,,,,1,
76100,BOLÍVAR,VALLE DEL CAUCA,743.572072478,743,celdas,7.099999904632568,6.194346904754639,5.900000095367432,36.810001373291016,755.9143676757812,230.6999969482422,0.8761776581426649,0.0053835800807537,0.0,1.0,0.1749663526244952,0.0,1.684123396873474,5013.0,10945.0,15958.0,6.715588092803955,52.36824417114258,59.08383226394653,26875.2411673069,1.5908383226394651,42754.163579129614,13982,15958,86,2792,0,0,86,bolivar,valle del cauca,palabra_riesgosa,True,0,0,0,0,,,,,,,1,
73275,FLANDES,TOLIMA,96.7971745122,98,celdas,6.199999809265137,6.055102348327637,5.699999809265137,16.329999923706055,259.4459228515625,210.1999969482422,0.9081632653061223,0.0,0.0,1.0,0.0,0.0,1.154335379600525,25209.0,3947.0,29156.0,4.5731706619262695,22.12543487548828,26.69860553741455,33655.802327632904,1.2669860553741454,42641.4322315396,26478,29156,0,0,0,0,87,flandes,tolima,unico,False,0,0,0,0,,,,,,,1,
66045,APÍA,RISARALDA,149.980513703,148,celdas,6.900000095367432,6.398648738861084,6.199999809265137,36.2400016784668,775.2216796875,505.0,1.0,0.0,0.0,1.0,0.3243243243243243,0.0,2.376358985900879,5919.0,6779.0,12698.0,5.264631748199463,35.900306701660156,41.16493844985962,30175.00640296936,1.4116493844985962,42596.529215992894,12698,12698,0,4118,0,0,88,apia,risaralda,corto,True,0,0,0,0,,,,,,,1,
76243,EL ÁGUILA,VALLE DEL CAUCA,187.813135642,189,celdas,7.0,6.475132465362549,6.300000190734863,37.970001220703125,814.3978271484375,537.0999755859375,1.0,0.0052910052910052,0.0,1.0,0.4497354497354497,0.0,2.7050039768218994,2732.0,6432.0,9164.0,13.187702178955078,54.24757385253906,67.43527603149414,24788.656443595886,1.6743527603149415,41504.955340833534,9164,9164,48,4121,0,0,89,el aguila,valle del cauca,palabra_riesgosa,True,0,0,0,0,,,,,,,1,
27580,RÍO IRÓ,CHOCÓ,325.108589755,323,celdas,7.0,6.628792762756348,6.099999904632568,38.369998931884766,530.3368530273438,257.1000061035156,1.0,0.0990712074303405,0.0,1.0,0.7368421052631579,0.0,3.574007749557495,1548.0,4300.0,5848.0,53.73797225952149,39.230201721191406,92.96817398071288,20900.79731941223,1.9296817398071289,40331.88693467957,5848,5848,579,4309,0,0,90,rio iro,choco,unico,False,0,0,0,0,,,,,,,1,
17272,FILADELFIA,CALDAS,192.596108362,192,celdas,7.099999904632568,6.390625,5.900000095367432,32.369998931884766,673.0380249023438,336.0,0.9895833333333334,0.0104166666666666,0.0,1.0,0.3854166666666667,0.0,2.4149653911590576,4180.0,6751.0,10931.0,2.4859426021575928,46.46345138549805,48.94939398765564,26397.98669075966,1.4894939398765563,39319.641200828504,10817,10931,114,4213,0,0,91,filadelfia,caldas,unico,False,0,0,0,0,,,,,,,1,
66318,GUÁTICA,RISARALDA,100.820639054,102,celdas,6.900000095367432,6.286274433135986,6.0,33.869998931884766,718.8019409179688,399.1000061035156,1.0,0.0,0.0,1.0,0.2254901960784313,0.0,1.973814845085144,4058.0,8403.0,12461.0,5.042225360870361,54.048683166503906,59.09090852737427,24595.70678460598,1.5909090852737426,39129.53338235869,12461,12461,0,2810,0,0,92,guatica,risaralda,unico,False,3,1,3,0,,,,,,,1,
76616,RIOFRÍO,VALLE DEL CAUCA,308.084996942,313,celdas,6.900000095367432,6.1297125816345215,5.699999809265137,32.45000076293945,678.40673828125,203.6999969482422,0.6261980830670927,0.0,0.0,1.0,0.1469648562300319,0.0,1.565440058708191,8159.0,8048.0,16207.0,8.451786041259766,45.27468490600586,53.726470947265625,25371.08703148365,1.537264709472656,39002.07673445919,10149,16207,0,2382,0,0,93,riofrio,valle del cauca,unico,False,1,1,1,0,,,,,,,1,
66383,LA CELIA,RISARALDA,92.4736614807,92,celdas,7.0,6.594565391540527,6.300000190734863,38.9900016784668,730.0479125976562,446.3999938964844,1.0,0.0108695652173913,0.0,1.0,0.7282608695652174,0.0,3.285656213760376,3145.0,4555.0,7700.0,12.446958541870115,40.35832214355469,52.805280685424805,25299.552845954895,1.528052806854248,38659.05273841876,7700,7700,84,5608,0,0,94,la celia,risaralda,unico,False,1,1,1,0,,,,,,,1,
63690,SALENTO,QUINDIO,347.281598057,350,celdas,7.199999809265137,6.390857219696045,5.900000095367432,32.150001525878906,747.88916015625,424.2000122070313,0.9828571428571428,0.06,0.0,1.0,0.38,0.0,2.514737606048584,4257.0,6115.0,10372.0,14.058721542358398,27.77202033996582,41.83074188232422,26082.858449935913,1.4183074188232423,36993.5116436606,10194,10372,622,3941,0,0,95,salento,quindio,unico,False,11,4,11,0,,,,,,,1,
19300,GUACHENÉ,CAUCA,100.659337002,101,celdas,6.199999809265137,6.001979827880859,5.5,14.970000267028809,260.02081298828125,206.8000030517578,0.693069306930693,0.0,0.0,1.0,0.0,0.0,1.052159547805786,6520.0,13917.0,20437.0,7.295156955718994,63.113006591796875,70.40816354751587,21502.98467850685,1.704081635475159,36642.84129854723,14164,20437,0,0,0,0,96,guachene,cauca,unico,False,0,0,0,0,,,,,,,1,
76233,DAGUA,VALLE DEL CAUCA,916.607613682,923,celdas,6.300000190734863,5.6314191818237305,5.199999809265137,20.31999969482422,761.2608642578125,391.1000061035156,0.0780065005417118,0.0,0.0,0.8223185265438786,0.0,0.0,0.380710631608963,13529.0,46509.0,60038.0,13.58042049407959,42.50650405883789,56.08692455291748,22857.10490053892,1.5608692455291748,35676.952081085394,4683,49370,0,0,0,0,97,dagua,valle del cauca,unico,False,1,1,1,0,,,,,,,1,
76563,PRADERA,VALLE DEL CAUCA,356.732011846,360,celdas,6.400000095367432,5.514166831970215,5.0,18.459999084472656,641.4358520507812,237.8999938964844,0.2833333333333333,0.0,0.0,0.4361111111111111,0.0,0.0,0.5308122038841248,44163.0,5904.0,50067.0,6.920616626739502,22.23756980895996,29.158186435699463,26576.17461186647,1.2915818643569947,34325.30515267153,14186,21835,0,0,0,0,98,pradera,valle del cauca,unico,False,0,0,0,0,,,,,,,1,
66456,MISTRATÓ,RISARALDA,564.743480197,565,celdas,6.599999904632568,6.064955711364746,5.800000190734863,31.5,806.8658447265625,506.6000061035156,0.6973451327433628,0.0,0.0,1.0,0.0247787610619469,0.0,1.229093313217163,4715.0,13800.0,18515.0,20.09207534790039,30.417625427246097,50.50970077514648,22756.662694215775,1.505097007751465,34250.98492747355,12911,18515,0,459,0,0,99,mistrato,risaralda,unico,False,0,0,0,0,,,,,,,1,
05266,ENVIGADO,ANTIOQUIA,79.5275859408,80,celdas,6.0,5.316249847412109,4.900000095367432,9.517000198364258,676.9837646484375,396.6000061035156,0.0125,0.0,0.0,0.2875,0.0,0.0,0.1184752732515335,257546.0,10835.0,268381.0,0.6902108192443848,6.636229515075684,7.326440334320068,31796.512310519814,1.0732644033432006,34126.06481334478,3355,77160,0,0,0,0,100,envigado,antioquia,unico,False,0,0,0,0,,,,,,,1,
76890,YOTOCO,VALLE DEL CAUCA,327.686397496,329,celdas,6.800000190734863,6.047720432281494,5.5,30.209999084472656,622.1775512695312,206.3999938964844,0.5714285714285714,0.0,0.0,1.0,0.1124620060790273,0.0,1.316224217414856,9223.0,7620.0,16843.0,7.336799621582031,37.6275749206543,44.96437454223633,22169.16449391842,1.4496437454223634,32137.39064984837,9625,16843,0,1894,0,0,101,yotoco,valle del cauca,unico,False,2,1,2,0,,,,,,,1,
73504,ORTEGA,TOLIMA,953.804324558,957,celdas,6.199999809265137,5.653814315795898,5.099999904632568,18.690000534057617,574.7561645507812,241.8999938964844,0.2528735632183908,0.0,0.0,0.6781609195402298,0.0,0.0,0.5056355595588684,7756.0,28848.0,36604.0,14.552396774291992,57.75350189208984,72.30589866638184,18508.28402209282,1.7230589866638184,31890.865111993393,9256,24823,0,0,0,0,102,ortega,tolima,unico,False,6,5,6,0,,,,,,,1,
76126,CALIMA,VALLE DEL CAUCA,793.497981824,791,celdas,6.900000095367432,5.983691215515137,5.599999904632568,27.200000762939453,706.3878784179688,275.3999938964844,0.4146649810366624,0.0,0.0,1.0,0.1314791403286978,0.0,1.2031278610229492,12804.0,6598.0,19402.0,14.475785255432127,20.61380195617676,35.08958721160889,23343.08675956726,1.3508958721160889,31534.07954594714,8045,19402,0,2551,0,0,103,calima,valle del cauca,unico,False,1,1,1,0,,,,,,,1,
17665,SAN JOSÉ,CALDAS,60.9111933363,60,celdas,7.300000190734863,6.701666355133057,6.300000190734863,39.0099983215332,678.9550170898438,366.3999938964844,1.0,0.2333333333333333,0.0,1.0,0.7666666666666667,0.0,3.9638068675994873,1533.0,3427.0,4960.0,4.953764915466309,51.387054443359375,56.34081935882568,19660.482063293457,1.563408193588257,30737.358747647948,4960,4960,1157,3803,0,0,104,san jose,caldas,palabra_riesgosa,True,0,0,0,0,,,,,,,1,
73217,COYAIMA,TOLIMA,669.055686997,665,celdas,6.199999809265137,5.778195381164551,4.800000190734863,16.8700008392334,381.7395629882813,208.1000061035156,0.4556390977443609,0.0,0.0,0.7864661654135339,0.0,0.0,0.6912787556648254,4300.0,19465.0,23765.0,4.804573059082031,78.94330596923828,83.74787902832031,16428.239628374577,1.8374787902832033,30186.5418788283,10828,18690,0,0,0,0,105,coyaima,tolima,unico,False,0,0,0,0,,,,,,,1,
76054,ARGELIA,VALLE DEL CAUCA,90.7960436773,89,celdas,7.0,6.677527904510498,6.300000190734863,39.9900016784668,655.6888427734375,464.7000122070313,1.0,0.0337078651685393,0.0,1.0,0.9213483146067416,0.0,3.707429409027099,3065.0,2473.0,5538.0,4.041570663452148,41.33949279785156,45.38106346130371,20531.74406719208,1.453810634613037,29849.267872036973,5538,5538,187,5102,0,0,106,argelia,valle del cauca,nombre_repetido,True,0,0,0,0,,,,,,,1,
76863,VERSALLES,VALLE DEL CAUCA,200.597259552,199,celdas,6.900000095367432,6.465325832366943,6.199999809265137,38.86000061035156,723.6678466796875,473.2000122070313,1.0,0.0,0.0,1.0,0.5226130653266332,0.0,2.6773712635040283,4471.0,2970.0,7441.0,8.757819175720215,36.41644287109375,45.174262046813965,19922.319571733475,1.4517426204681396,28922.08042087206,7441,7441,0,3889,0,0,107,versalles,valle del cauca,unico,False,2,2,1,1,,,,,,,1,
73671,SALDAÑA,TOLIMA,193.226780553,194,celdas,6.199999809265137,6.086082458496094,6.0,16.799999237060547,250.8783416748047,190.1999969482422,1.0,0.0,0.0,1.0,0.0,0.0,1.2348552942276,8751.0,6075.0,14826.0,5.366607666015625,51.413429260253906,56.78003692626953,18307.9645922184,1.5678003692626952,28703.233648128353,14826,14826,0,0,0,0,108,saldana,tolima,unico,False,0,0,0,0,,,,,,,1,
25430,MADRID,CUNDINAMARCA,119.581899459,120,celdas,5.599999904632568,5.364166259765625,4.599999904632568,10.130000114440918,298.3733215332031,216.6999969482422,0.0,0.0,0.0,0.6416666666666667,0.0,0.0,0.1597813665866851,139712.0,6923.0,146635.0,3.5163722038269043,15.924946784973145,19.44131898880005,23429.54068943858,1.1944131898880004,27984.552432483037,0,94091,0,0,0,0,109,madrid,cundinamarca,unico,False,2,2,2,0,,,,,,,1,
76250,EL DOVIO,VALLE DEL CAUCA,236.188128485,236,celdas,6.900000095367432,6.357203006744385,6.099999904632568,38.20000076293945,741.6787719726562,442.8999938964844,1.0,0.0,0.0,1.0,0.3177966101694915,0.0,2.25447940826416,6041.0,3271.0,9312.0,6.965174198150635,26.22601318359375,33.191187381744385,20993.71224975586,1.3319118738174438,27961.774620956552,9312,9312,0,2959,0,0,110,el dovio,valle del cauca,unico,False,2,1,2,0,,,,,,,1,
73124,CAJAMARCA,TOLIMA,508.490910806,508,celdas,6.699999809265137,5.941339015960693,5.5,26.479999542236328,793.1143798828125,371.2999877929687,0.4094488188976378,0.0,0.0,1.0,0.0196850393700787,0.0,0.9558313488960266,9878.0,9049.0,18927.0,10.335497856140137,43.95743179321289,54.29292964935303,18091.019940555096,1.5429292964935302,27913.1646697311,7750,18927,0,373,0,0,111,cajamarca,tolima,unico,False,2,2,0,2,,,,,,,1,
76306,GINEBRA,VALLE DEL CAUCA,268.744306429,270,celdas,6.599999904632568,5.734444618225098,5.400000095367432,23.280000686645508,713.3270263671875,246.1000061035156,0.2481481481481481,0.0,0.0,0.7333333333333333,0.1074074074074074,0.0,0.743682861328125,11874.0,12671.0,24545.0,13.071297645568848,36.56307220458984,49.63436985015869,18253.695831298828,1.496343698501587,27313.80273152869,6091,18000,0,2636,0,0,112,ginebra,valle del cauca,unico,False,0,0,0,0,,,,,,,1,
76275,FLORIDA,VALLE DEL CAUCA,401.55563165,404,celdas,6.300000190734863,5.319802284240723,4.800000190734863,16.68000030517578,669.1435546875,244.3000030517578,0.2054455445544554,0.0,0.0,0.292079207920792,0.0,0.0,0.3508288562297821,40906.0,16111.0,57017.0,5.361523151397705,30.45788955688477,35.81941270828247,20003.208895653486,1.3581941270828248,27168.240844887485,11714,16653,0,0,0,0,113,florida,valle del cauca,unico,False,1,1,1,0,,,,,,,1,
76606,RESTREPO,VALLE DEL CAUCA,137.218555357,138,celdas,6.5,6.080434799194336,5.5,24.15999984741211,558.6427612304688,339.70001220703125,0.7971014492753623,0.0,0.0,1.0,0.0434782608695652,0.0,1.3010421991348269,11017.0,5004.0,16021.0,5.815279483795166,20.980615615844727,26.795895099639893,20843.997072339054,1.2679589509963989,26429.33266241504,12770,16021,0,697,0,0,114,restrepo,valle del cauca,nombre_repetido,True,0,0,0,0,,,,,,,1,
73443,SAN SEBASTIÁN DE MARIQUITA,TOLIMA,293.343154156,292,celdas,6.199999809265137,5.716095924377441,5.199999809265137,17.559999465942383,507.2236328125,250.8000030517578,0.1541095890410959,0.0,0.0,0.910958904109589,0.0,0.0,0.4961547255516052,29925.0,10719.0,40644.0,8.605618476867676,22.294832229614254,30.900450706481937,20165.712665319443,1.3090045070648193,26397.00876707726,6264,37025,0,0,0,0,115,san sebastian de mariquita,tolima,unico,False,0,0,0,0,,,,,,,1,
17050,ARANZAZU,CALDAS,149.576756298,147,celdas,6.800000190734863,6.244217872619629,5.900000095367432,27.719999313354492,727.3857421875,413.7999877929687,0.9183673469387756,0.0,0.0,1.0,0.1564625850340136,0.0,1.8237327337265017,7349.0,3432.0,10781.0,2.5237529277801514,30.19596290588379,32.71971583366394,19661.662602305412,1.327197158336639,26094.902733953517,9901,10781,0,1687,0,0,116,aranzazu,caldas,unico,False,0,0,0,0,,,,,,,1,
76246,EL CAIRO,VALLE DEL CAUCA,214.203355217,215,celdas,6.800000190734863,6.404651165008545,6.199999809265137,37.619998931884766,793.2568359375,564.2000122070312,1.0,0.0,0.0,1.0,0.3534883720930232,0.0,2.38318133354187,3477.0,3533.0,7010.0,11.919286727905272,41.90520858764648,53.82449531555176,16706.10114812851,1.5382449531555176,25698.07577801428,7010,7010,0,2478,0,0,117,el cairo,valle del cauca,unico,False,8,3,8,0,,,,,,,1,
05631,SABANETA,ANTIOQUIA,15.659282936,16,celdas,5.900000095367432,5.449999809265137,5.199999809265137,10.050000190734863,713.375,434.7000122070313,0.0,0.0,0.0,0.4375,0.0,0.0,0.2058898508548736,94532.0,14728.0,109260.0,0.4595370888710022,12.97178554534912,13.431322634220123,22495.525104403496,1.134313226342201,25516.97165943791,0,47801,0,0,0,0,118,sabaneta,antioquia,unico,False,2,2,2,0,,,,,,,1,
76377,LA CUMBRE,VALLE DEL CAUCA,255.382640653,253,celdas,6.400000095367432,5.903162002563477,5.5,21.290000915527344,624.4995727539062,345.8999938964844,0.4466403162055335,0.0,0.0,1.0,0.0,0.0,0.8459131121635437,3928.0,14837.0,18765.0,12.0,43.452632904052734,55.452632904052734,15873.559549748898,1.5545263290405271,24675.86625567736,8381,18765,0,0,0,0,119,la cumbre,valle del cauca,palabra_riesgosa,True,0,0,0,0,,,,,,,1,
17653,SALAMINA,CALDAS,388.104169558,392,celdas,6.599999904632568,5.930612564086914,5.5,24.93000030517578,744.4130249023438,404.2999877929687,0.4336734693877551,0.0,0.0,1.0,0.0076530612244897,0.0,0.9114296436309814,11918.0,7336.0,19254.0,5.551747798919678,34.852638244628906,40.404386043548584,17548.666358470917,1.404043860435486,24639.097259441845,8350,19254,0,147,0,0,120,salamina,caldas,unico,False,0,0,0,0,,,,,,,1,
19455,MIRANDA,CAUCA,189.682645614,189,celdas,6.199999809265137,5.40846586227417,4.699999809265137,15.5600004196167,587.9846801757812,229.5,0.3492063492063492,0.0,0.0,0.4497354497354497,0.0,0.0,0.5345308184623718,18447.0,14253.0,32700.0,6.151339054107666,33.37406921386719,39.52540826797485,17479.15776371956,1.3952540826797486,24387.86623163314,11419,14706,0,0,0,0,121,miranda,cauca,unico,False,0,0,0,0,,,,,,,1,
05129,CALDAS,ANTIOQUIA,132.796551084,133,celdas,6.0,5.442105770111084,5.099999904632568,13.81999969482422,701.518798828125,393.1000061035156,0.0075187969924812,0.0,0.0,0.4661654135338345,0.0,0.0,0.2085828334093094,70829.0,18842.0,89671.0,1.6915910243988037,25.84783935546875,27.539430379867554,18703.831254646186,1.2753943037986757,23854.759841387375,674,41802,0,0,0,0,122,caldas,antioquia,palabra_riesgosa,True,3,3,3,0,,,,,,,1,
25286,FUNZA,CUNDINAMARCA,67.7527655161,68,celdas,5.599999904632568,5.47499942779541,5.300000190734863,9.383999824523926,223.04852294921875,194.0,0.0,0.0,0.0,0.7352941176470589,0.0,0.0,0.1597462445497512,121598.0,4282.0,125880.0,2.475611448287964,10.637444496154783,13.113055944442747,20108.85726392269,1.1311305594444274,22745.742966729013,0,92559,0,0,0,0,123,funza,cundinamarca,unico,False,1,1,1,0,,,,,,,1,
73168,CHAPARRAL,TOLIMA,2102.06323602,2112,celdas,6.400000095367432,5.476799011230469,4.900000095367432,24.719999313354492,699.957275390625,296.3999938964844,0.0411931818181818,0.0,0.0,0.5099431818181818,0.0,0.0,0.254386156797409,30467.0,22869.0,53336.0,11.363030433654783,41.451053619384766,52.81408405303955,13567.94005894661,1.5281408405303956,20733.723325944695,2197,27198,0,0,0,0,124,chaparral,tolima,unico,False,0,0,0,0,,,,,,,1,
73283,FRESNO,TOLIMA,219.661479159,223,celdas,6.300000190734863,5.653363227844238,5.199999809265137,19.770000457763672,669.2340087890625,341.6000061035156,0.0807174887892376,0.0,0.0,0.7937219730941704,0.0,0.0,0.4187856912612915,16246.0,15637.0,31883.0,23.38391876220703,27.56208038330078,50.94599914550781,13352.144194483755,1.509459991455078,20154.527461712423,2574,25306,0,0,0,0,125,fresno,tolima,unico,False,2,1,2,0,,,,,,,1,
27660,SAN JOSÉ DEL PALMAR,CHOCÓ,1582.20973626,1582,celdas,6.900000095367432,6.3327436447143555,6.099999904632568,40.36000061035156,791.0453491210938,430.8999938964844,1.0,0.0,0.0,1.0,0.231984829329962,0.0,2.1077892780303955,1163.0,3973.0,5136.0,53.9724235534668,27.183191299438477,81.15561485290527,10825.605731964111,1.8115561485290528,19611.192625290943,5136,5136,0,1191,0,0,126,san jose del palmar,choco,unico,False,82,42,80,2,,,,,,,1,
05440,MARINILLA,ANTIOQUIA,114.871191397,112,celdas,5.900000095367432,5.471428871154785,4.900000095367432,12.359999656677246,394.0652160644531,247.6999969482422,0.0,0.0,0.0,0.5535714285714286,0.0,0.0,0.2214775830507278,53581.0,21977.0,75558.0,3.428849935531616,13.51497745513916,16.943827390670776,16734.403220146894,1.1694382739067075,19569.851616627435,0,41827,0,0,0,0,127,marinilla,antioquia,unico,False,0,0,0,0,,,,,,,1,
19513,PADILLA,CAUCA,69.6834253751,69,celdas,6.199999809265137,6.085507392883301,5.900000095367432,15.130000114440918,247.7971038818359,212.6999969482422,0.9130434782608696,0.0,0.0,1.0,0.0,0.0,1.2424430847167969,4655.0,5967.0,10622.0,4.116907596588135,43.77750015258789,47.894407749176025,13197.230445861816,1.4789440774917604,19517.96580720128,9698,10622,0,0,0,0,128,padilla,cauca,unico,False,3,1,3,0,,,,,,,1,
25754,SOACHA,CUNDINAMARCA,187.445941935,191,celdas,5.5,4.738743305206299,4.099999904632568,8.986000061035156,547.73193359375,212.8000030517578,0.0,0.0,0.0,0.0523560209424083,0.0,0.0,0.0179057754576206,888398.0,7480.0,895878.0,3.0400683879852295,17.772232055664062,20.812300443649292,16041.390305422246,1.208123004436493,19379.972651125157,0,46905,0,0,0,0,129,soacha,cundinamarca,unico,False,2,2,2,0,,,,,,,1,
25473,MOSQUERA,CUNDINAMARCA,105.939522063,105,celdas,5.599999904632568,5.209523677825928,4.5,8.996000289916992,331.6695251464844,186.5,0.0,0.0,0.0,0.3619047619047619,0.0,0.0,0.0895338505506515,182389.0,3346.0,185735.0,4.285988807678223,10.666922569274902,14.952911376953123,16629.569732025266,1.1495291137695314,19116.174556423623,0,67218,0,0,0,0,130,mosquera,cundinamarca,nombre_repetido,True,1,1,1,0,,,,,,,1,
05364,JARDÍN,ANTIOQUIA,201.199157761,210,celdas,6.400000095367432,5.918095588684082,5.599999904632568,27.6200008392334,756.2662353515625,493.7000122070313,0.3952380952380952,0.0,0.0,1.0,0.0,0.0,0.8684414625167847,8504.0,7027.0,15531.0,6.869545936584473,31.57305908203125,38.44260501861572,13487.764354348184,1.3844260501861572,18672.812330931894,6138,15531,0,0,0,0,131,jardin,antioquia,unico,False,0,0,0,0,,,,,,,1,
27745,SIPÍ,CHOCÓ,1576.86504102,1578,celdas,7.0,6.449619770050049,5.900000095367432,38.95000076293945,622.0708618164062,210.5,0.982256020278834,0.0285171102661596,0.0,1.0,0.4816223067173637,0.0,2.768219470977783,712.0,2666.0,3378.0,57.967376708984375,40.65244674682617,98.61982345581056,9351.045372962952,1.9861982345581055,18573.02981105175,3318,3378,96,1627,0,0,132,sipi,choco,corto,True,15,6,15,0,,,,,,,1,
27495,NUQUÍ,CHOCÓ,704.098431422,701,celdas,6.300000190734863,5.704564571380615,5.099999904632568,20.170000076293945,532.592529296875,238.0,0.1326676176890157,0.0,0.0,0.8716119828815977,0.0,0.0,0.500249981880188,1332.0,17638.0,18970.0,58.260868072509766,36.5217399597168,94.78260803222656,9489.742156267166,1.9478260803222656,18484.36726751084,2517,16534,0,0,0,0,133,nuqui,choco,unico,False,0,0,0,0,,,,,,,1,
73585,PURIFICACIÓN,TOLIMA,402.203605522,400,celdas,6.199999809265137,5.504000186920166,4.5,15.760000228881836,449.8125,199.6999969482422,0.35,0.0,0.0,0.52,0.0,0.0,0.5169536471366882,13726.0,10423.0,24149.0,6.727585792541504,39.544429779052734,46.27201557159424,12483.913624703884,1.4627201557159424,18260.47208107124,8452,12557,0,0,0,0,134,purificacion,tolima,unico,False,0,0,0,0,,,,,,,1,
05376,LA CEJA,ANTIOQUIA,132.719285332,134,celdas,6.099999904632568,5.436567306518555,5.0,13.829999923706056,605.736572265625,266.20001220703125,0.0223880597014925,0.0,0.0,0.4701492537313433,0.0,0.0,0.2039039433002472,64591.0,9795.0,74386.0,1.8140714168548584,16.64093589782715,18.455007314682007,15167.598726332188,1.18455007314682,17966.78018073841,1665,34973,0,0,0,0,135,la ceja,antioquia,palabra_riesgosa,True,0,0,0,0,,,,,,,1,
73408,LÉRIDA,TOLIMA,271.954476347,271,celdas,6.300000190734863,5.784501552581787,5.199999809265137,18.649999618530273,523.5298461914062,249.0,0.4354243542435424,0.0,0.0,0.7896678966789668,0.0,0.0,0.7057397365570068,13719.0,4692.0,18411.0,7.741489410400391,28.25298118591309,35.99447059631348,12993.374289751053,1.3599447059631349,17670.270577944448,8017,14539,0,0,0,0,136,lerida,tolima,unico,False,0,0,0,0,,,,,,,1,
05101,CIUDAD BOLÍVAR,ANTIOQUIA,263.786647595,268,celdas,6.199999809265137,5.678358554840088,5.400000095367432,21.959999084472656,767.5004272460938,478.2000122070313,0.0783582089552238,0.0,0.0,0.9514925373134328,0.0,0.0,0.4224681556224823,17192.0,10528.0,27720.0,1.8835159540176392,44.923858642578125,46.80737459659576,11710.81727385521,1.4680737459659576,17192.343383551462,2172,26375,0,0,0,0,137,ciudad bolivar,antioquia,unico,False,1,1,1,0,,,,,,,1,
76869,VIJES,VALLE DEL CAUCA,112.933808779,115,celdas,6.599999904632568,5.903478145599365,5.5,24.18000030517578,638.9886474609375,306.29998779296875,0.4260869565217391,0.0,0.0,1.0,0.0347826086956521,0.0,0.911659836769104,9264.0,4862.0,14126.0,4.331823348999023,26.67044258117676,31.00226593017578,12878.106854200363,1.310022659301758,16870.611787911756,6019,14126,0,491,0,0,138,vijes,valle del cauca,unico,False,0,0,0,0,,,,,,,1,
05873,VIGÍA DEL FUERTE,ANTIOQUIA,1661.93586114,1664,celdas,6.400000095367432,5.695492267608643,4.599999904632568,18.760000228881836,388.0022888183594,192.1999969482422,0.328125,0.0,0.0,0.7584134615384616,0.0,0.0,0.6964291930198669,4273.0,7413.0,11686.0,96.09151458740234,3.5748331546783447,99.66634774208067,8138.471549630165,1.9966634774208067,16249.788905174868,3834,8863,0,0,0,0,139,vigia del fuerte,antioquia,unico,False,0,0,0,0,,,,,,,1,
73678,SAN LUIS,TOLIMA,412.226226939,407,celdas,6.300000190734863,5.789188861846924,5.099999904632568,18.719999313354492,471.4024963378906,235.3000030517578,0.339066339066339,0.0,0.0,0.8648648648648649,0.0,0.0,0.6776889562606812,4012.0,10042.0,14054.0,2.9732868671417236,62.81068420410156,65.78397107124329,9524.240591287611,1.657839710712433,15789.664266615868,4765,12155,0,0,0,0,140,san luis,tolima,palabra_riesgosa,True,0,0,0,0,,,,,,,1,
73411,LÍBANO,TOLIMA,282.372611911,286,celdas,6.099999904632568,5.571328639984131,5.300000190734863,19.63999938964844,740.6276245117188,385.5,0.0419580419580419,0.0,0.0,0.6188811188811189,0.0,0.0,0.3003908395767212,24178.0,13448.0,37626.0,17.58241844177246,21.9780216217041,39.56044006347656,11302.505729913712,1.3956044006347657,15773.82673486723,1579,23286,0,0,0,0,141,libano,tolima,unico,False,0,0,0,0,,,,,,,1,
17013,AGUADAS,CALDAS,475.732663988,474,celdas,6.300000190734863,5.680168628692627,5.300000190734863,21.61000061035156,737.9527587890625,420.7999877929687,0.1371308016877637,0.0,0.0,0.79957805907173,0.0,0.0,0.4630607366561889,12048.0,10253.0,22301.0,2.8616623878479004,39.09980010986328,41.96146249771118,10326.71748816967,1.4196146249771118,14659.959174212569,3058,17831,0,0,0,0,142,aguadas,caldas,unico,False,0,0,0,0,,,,,,,1,
05400,LA UNIÓN,ANTIOQUIA,167.739650136,173,celdas,6.099999904632568,5.682658672332764,5.199999809265137,15.300000190734863,474.34619140625,254.6000061035156,0.1156069364161849,0.0,0.0,0.8959537572254336,0.0,0.0,0.4460074305534363,15128.0,9246.0,24374.0,0.9017713069915771,31.40096664428711,32.30273795127869,10870.985112309456,1.323027379512787,14382.6109458613,2818,21838,0,0,0,0,143,la union,antioquia,palabra_riesgosa,True,0,0,0,0,,,,,,,1,
73055,ARMERO,TOLIMA,440.630843629,438,celdas,6.300000190734863,5.847260475158691,5.199999809265137,18.6299991607666,432.8764953613281,235.1999969482422,0.4063926940639269,0.0,0.0,0.9178082191780822,0.0,0.0,0.7700152397155762,8081.0,4714.0,12795.0,8.746073722839355,28.48514175415039,37.231215476989746,9852.344992160795,1.3723121547698975,13520.492785728591,5200,11743,0,0,0,0,144,armero,tolima,unico,False,0,0,0,0,,,,,,,1,
63212,CÓRDOBA,QUINDIO,92.9851288422,97,celdas,6.900000095367432,6.213401794433594,6.0,31.11000061035156,789.078369140625,435.0,1.0,0.0,0.0,1.0,0.1752577319587628,0.0,1.723616600036621,3470.0,2393.0,5863.0,6.8678460121154785,24.765869140625,31.63371515274048,10105.56412601471,1.3163371515274047,13302.32949621573,5863,5863,0,1028,0,0,145,cordoba,quindio,palabra_riesgosa,True,0,0,0,0,,,,,,,1,
05789,TÁMESIS,ANTIOQUIA,252.239744043,259,celdas,6.300000190734863,5.735134601593018,5.400000095367432,24.700000762939453,769.547119140625,435.2000122070313,0.193050193050193,0.0,0.0,0.9806949806949808,0.0,0.0,0.5331971645355225,7926.0,8720.0,16646.0,2.9266438484191895,45.93310546875,48.85974931716919,8875.600000858307,1.488597493171692,13212.19591167234,3214,16325,0,0,0,0,146,tamesis,antioquia,unico,False,0,0,0,0,,,,,,,1,
05368,JERICÓ,ANTIOQUIA,205.000675731,205,celdas,6.400000095367432,5.802439212799072,5.400000095367432,23.600000381469727,676.41064453125,382.6000061035156,0.3121951219512195,0.0,0.0,0.8634146341463415,0.0,0.0,0.6854169368743896,8403.0,6011.0,14414.0,2.133749723434448,27.270360946655273,29.40411067008972,9879.599728107452,1.2940411067008972,12784.60816592205,4500,12445,0,0,0,0,147,jerico,antioquia,unico,False,3,2,3,0,,,,,,,1,
73861,VENADILLO,TOLIMA,334.63277483,337,celdas,6.199999809265137,5.789910793304443,5.199999809265137,18.219999313354492,501.886962890625,254.6000061035156,0.3798219584569733,0.0,0.0,0.8397626112759644,0.0,0.0,0.6693985462188721,8943.0,4149.0,13092.0,11.845386505126951,32.56857681274414,44.413963317871094,8763.765767097473,1.4441396331787109,12656.101480160289,4973,10994,0,0,0,0,148,venadillo,tolima,unico,False,0,0,0,0,,,,,,,1,
05282,FREDONIA,ANTIOQUIA,253.760538519,254,celdas,6.300000190734863,5.548031806945801,5.199999809265137,20.780000686645508,731.553955078125,393.7999877929687,0.1181102362204724,0.0,0.0,0.5078740157480315,0.0,0.0,0.3288010656833648,9322.0,17200.0,26522.0,2.368105411529541,38.459232330322266,40.82733774185181,8720.461864054203,1.408273377418518,12280.794281940998,3133,13470,0,0,0,0,149,fredonia,antioquia,unico,False,1,1,1,0,,,,,,,1,
05088,BELLO,ANTIOQUIA,147.694282778,150,celdas,5.699999809265137,4.751999855041504,4.300000190734863,10.720000267028809,698.2686157226562,254.0,0.0,0.0,0.0,0.04,0.0,0.0,0.0165788978338241,587840.0,21328.0,609168.0,4.1651716232299805,15.517924308776855,19.683095932006836,10099.334035634996,1.1968309593200683,12087.195642362847,0,24367,0,0,0,0,150,bello,antioquia,unico,False,4,3,3,1,,,,,,,1,
73347,HERVEO,TOLIMA,322.74343346,321,celdas,6.800000190734863,5.896261692047119,5.5,26.15999984741211,783.5772705078125,429.0,0.308411214953271,0.0,0.0,1.0,0.0591900311526479,0.0,0.8955428004264832,2348.0,5217.0,7565.0,28.20157241821289,45.44614028930664,73.64771270751953,6774.781285226345,1.7364771270751953,11764.252742732642,2333,7565,0,448,0,0,151,herveo,tolima,unico,False,0,0,0,0,,,,,,,1,
27245,EL CARMEN DE ATRATO,CHOCÓ,830.180929022,831,celdas,6.699999809265137,5.841756820678711,5.300000190734863,28.38999938964844,731.6802978515625,298.70001220703125,0.3008423586040915,0.0,0.0,0.9638989169675092,0.0445246690734055,0.0,0.7996662259101868,2543.0,6225.0,8768.0,21.559839248657227,43.030033111572266,64.58987236022949,7011.473468780518,1.6458987236022948,11540.175232837208,2638,8451,0,390,0,0,152,el carmen de atrato,choco,unico,False,3,1,3,0,,,,,,,1,
73624,ROVIRA,TOLIMA,739.476195254,741,celdas,6.5,5.566397190093994,5.199999809265137,25.399999618530273,762.4622802734375,386.7999877929687,0.0607287449392712,0.0,0.0,0.6167341430499326,0.0013495276653171,0.0,0.3214496970176697,10656.0,11735.0,22391.0,10.662604331970217,48.758567810058594,59.42117214202881,7197.580165922642,1.594211721420288,11474.466666376056,1360,13809,0,30,0,0,153,rovira,tolima,unico,False,0,0,0,0,,,,,,,1,
25612,RICAURTE,CUNDINAMARCA,128.204403281,129,celdas,6.099999904632568,5.634109020233154,5.0,15.670000076293944,413.11627197265625,211.8000030517578,0.2713178294573643,0.0,0.0,0.627906976744186,0.0,0.0,0.527782678604126,9623.0,6211.0,15834.0,8.526632308959961,28.200172424316406,36.72680473327637,8356.91093301773,1.3672680473327636,11426.137293120975,4296,9942,0,0,0,0,154,ricaurte,cundinamarca,unico,False,1,1,1,0,,,,,,,1,
63111,BUENAVISTA,QUINDIO,38.4580994642,41,celdas,6.900000095367432,6.443902969360352,6.099999904632568,31.670000076293945,654.5804443359375,416.8999938964844,1.0,0.0,0.0,1.0,0.4878048780487805,0.0,2.6429688930511475,1213.0,1952.0,3165.0,4.061470985412598,31.942920684814453,36.00439167022705,8364.996546506882,1.3600439167022704,11376.762666312185,3165,3165,0,1544,0,0,155,buenavista,quindio,nombre_repetido,True,0,0,0,0,,,,,,,1,
15572,PUERTO BOYACÁ,BOYACÁ,1513.60103663,1525,celdas,6.0,5.301705360412598,4.099999904632568,12.8100004196167,357.69403076171875,195.5,0.000655737704918,0.0,0.0,0.5291803278688525,0.0,0.0,0.1634748429059982,34705.0,13070.0,47775.0,17.633224487304688,26.17431640625,43.80754089355469,7810.010619834065,1.4380754089355468,11231.384215908836,31,25282,0,0,0,0,156,puerto boyaca,boyaca,unico,False,0,0,0,0,,,,,,,0,
05091,BETANIA,ANTIOQUIA,180.524926983,181,celdas,6.300000190734863,5.811049938201904,5.599999904632568,23.6299991607666,758.8971557617188,465.2000122070313,0.2486187845303867,0.0,0.0,1.0,0.0,0.0,0.6438854932785034,4033.0,6710.0,10743.0,4.05709981918335,57.0247917175293,61.08189153671265,6917.261854290962,1.6108189153671266,11142.456237439366,2671,10743,0,0,0,0,157,betania,antioquia,unico,False,0,0,0,0,,,,,,,1,
05380,LA ESTRELLA,ANTIOQUIA,36.8073404807,36,celdas,5.800000190734863,5.297222137451172,5.0,10.3100004196167,770.8804931640625,494.3999938964844,0.0,0.0,0.0,0.25,0.0,0.0,0.1112670600414276,71815.0,12253.0,84068.0,1.3001773357391355,15.983997344970703,17.28417468070984,9353.999203562737,1.1728417468070984,10970.760765538727,0,21017,0,0,0,0,158,la estrella,antioquia,unico,False,1,1,1,0,,,,,,,1,
73030,AMBALEMA,TOLIMA,238.037624924,235,celdas,6.300000190734863,6.042552471160889,5.699999809265137,17.899999618530273,314.42041015625,213.6000061035156,0.7489361702127659,0.0,0.0,1.0,0.0,0.0,1.1489472389221191,5358.0,1405.0,6763.0,7.263028144836426,32.41690444946289,39.67993259429931,7770.330176830292,1.3967993259429932,10853.59195335105,5065,6763,0,0,0,0,159,ambalema,tolima,unico,False,0,0,0,0,,,,,,,1,
05148,EL CARMEN DE VIBORAL,ANTIOQUIA,423.6550964,426,celdas,6.0,5.23615026473999,4.800000190734863,14.399999618530272,659.9193115234375,248.3999938964844,0.0046948356807511,0.0,0.0,0.2605633802816901,0.0,0.0,0.1216023936867713,42227.0,28507.0,70734.0,1.845389485359192,20.311113357543945,22.156502842903137,8601.423715040088,1.2215650284290314,10507.198404993089,332,18431,0,0,0,0,160,el carmen de viboral,antioquia,unico,False,0,0,0,0,,,,,,,1,
17513,PÁCORA,CALDAS,257.276774722,256,celdas,6.199999809265137,5.708202838897705,5.5,22.709999084472656,814.1437377929688,494.0,0.0703125,0.0,0.0,1.0,0.0,0.0,0.4574715495109558,8180.0,7477.0,15657.0,1.9731136560440063,41.8256721496582,43.79878580570221,7162.632050693035,1.437987858057022,10299.777920626651,1101,15657,0,0,0,0,161,pacora,caldas,unico,False,3,1,3,0,,,,,,,1,
05390,LA PINTADA,ANTIOQUIA,54.6360794393,60,celdas,6.400000095367432,5.833333492279053,5.400000095367432,21.68000030517578,620.1583251953125,335.8999938964844,0.3666666666666666,0.0,0.0,0.8833333333333333,0.0,0.0,0.7584871053695679,7811.0,911.0,8722.0,6.706631660461426,41.88834762573242,48.59497928619385,6615.524533033371,1.4859497928619383,9830.33730953401,3198,7704,0,0,0,0,162,la pintada,antioquia,unico,False,1,1,1,0,,,,,,,1,
17433,MANZANARES,CALDAS,197.911886544,195,celdas,6.099999904632568,5.62205171585083,5.300000190734863,19.290000915527344,776.5574340820312,504.0,0.0358974358974358,0.0,0.0,0.8717948717948718,0.0,0.0,0.3434748649597168,11208.0,7102.0,18310.0,18.148914337158203,35.935882568359375,54.08479690551758,6289.024777412415,1.5408479690551755,9690.431055613595,657,15963,0,0,0,0,163,manzanares,caldas,unico,False,0,0,0,0,,,,,,,1,
17442,MARMATO,CALDAS,36.8632990693,41,celdas,6.199999809265137,5.775609970092773,5.699999809265137,22.950000762939453,837.743896484375,589.0,0.073170731707317,0.0,0.0,1.0,0.0,0.0,0.5531630516052246,1446.0,7917.0,9363.0,4.983139514923096,77.78194427490234,82.76508378982544,5179.265652179718,1.8276508378982543,9465.889208903913,685,9363,0,0,0,0,164,marmato,caldas,unico,False,0,0,0,0,,,,,,,1,
19142,CALOTO,CAUCA,264.8013835,265,celdas,6.199999809265137,5.108301639556885,4.5,14.779999732971191,614.872802734375,219.8999938964844,0.0830188679245283,0.0,0.0,0.2792452830188679,0.0,0.0,0.1872313022613525,5118.0,26079.0,31197.0,14.354463577270508,46.780616760253906,61.135080337524414,5841.054936647415,1.6113508033752442,9411.988564725749,2590,8712,0,0,0,0,165,caloto,cauca,unico,False,0,0,0,0,,,,,,,1,
17388,LA MERCED,CALDAS,88.600359214,89,celdas,6.5,5.993258476257324,5.800000190734863,26.530000686645508,775.2652587890625,516.5999755859375,0.5056179775280899,0.0,0.0,1.0,0.0112359550561797,0.0,1.031490683555603,2318.0,3361.0,5679.0,15.08937931060791,41.58780288696289,56.6771821975708,5857.83559191227,1.566771821975708,9177.891743174538,2871,5679,0,64,0,0,166,la merced,caldas,palabra_riesgosa,True,0,0,0,0,,,,,,,1,
63302,GÉNOVA,QUINDIO,294.937718568,293,celdas,6.5,5.880204677581787,5.699999809265137,28.399999618530273,820.108154296875,462.7000122070313,0.2525597269624573,0.0,0.0,1.0,0.0068259385665529,0.0,0.7827292680740356,4318.0,3376.0,7694.0,12.680710792541504,35.19207000732422,47.87278079986572,6022.31898856163,1.4787278079986572,8905.37055702443,1943,7694,0,53,0,0,167,genova,quindio,unico,False,1,1,1,0,,,,,,,1,
73349,HONDA,TOLIMA,304.886912256,307,celdas,6.0,5.557329177856445,5.099999904632568,16.31999969482422,512.0531005859375,274.29998779296875,0.01628664495114,0.0,0.0,0.7263843648208469,0.0,0.0,0.2792102992534637,23683.0,1290.0,24973.0,5.5200395584106445,20.19916343688965,25.719202995300293,6972.71880325675,1.257192029953003,8766.046506557828,407,18140,0,0,0,0,168,honda,tolima,unico,False,0,0,0,0,,,,,,,1,
73520,PALOCABILDO,TOLIMA,65.0111294606,65,celdas,6.099999904632568,5.730769157409668,5.400000095367432,18.61000061035156,608.9769287109375,429.2999877929687,0.1692307692307692,0.0,0.0,0.8769230769230769,0.0,0.0,0.520776629447937,3242.0,6970.0,10212.0,35.61457443237305,27.54511451721191,63.15968894958496,5318.170939922333,1.6315968894958497,8677.111163384496,1728,8955,0,0,0,0,169,palocabildo,tolima,unico,False,0,0,0,0,,,,,,,1,
73547,PIEDRAS,TOLIMA,354.425320126,354,celdas,6.199999809265137,5.85113000869751,5.199999809265137,18.229999542236328,417.1810607910156,250.8000030517578,0.4830508474576271,0.0,0.0,0.9378531073446328,0.0,0.0,0.7562277317047119,2621.0,4944.0,7565.0,7.95880126953125,42.13483047485352,50.093631744384766,5720.862790346146,1.5009363174438477,8586.65072914368,3654,7095,0,0,0,0,170,piedras,tolima,unico,False,0,0,0,0,,,,,,,1,
63548,PIJAO,QUINDIO,248.582616714,248,celdas,6.800000190734863,6.0201616287231445,5.800000190734863,31.1200008392334,813.6895141601562,399.6000061035156,0.5040322580645161,0.0,0.0,1.0,0.0483870967741935,0.0,1.1352711915969849,3006.0,2341.0,5347.0,4.900744438171387,36.16625213623047,41.066996574401855,6070.295061469078,1.4106699657440185,8563.182926418669,2695,5347,0,259,0,0,171,pijao,quindio,unico,False,0,0,0,0,,,,,,,1,
73026,ALVARADO,TOLIMA,344.33559262,345,celdas,6.199999809265137,5.719419956207275,5.199999809265137,18.420000076293945,549.0127563476562,281.79998779296875,0.3594202898550724,0.0,0.0,0.7565217391304347,0.0,0.0,0.5846892595291138,3375.0,5467.0,8842.0,6.2964582443237305,49.7595100402832,56.055968284606934,5169.822432756424,1.5605596828460695,8067.8164560328605,3178,6689,0,0,0,0,172,alvarado,tolima,unico,False,24,3,24,0,,,,,,,1,
73686,SANTA ISABEL,TOLIMA,270.186622858,272,celdas,6.699999809265137,5.785294532775879,5.300000190734863,26.13999938964844,749.1978149414062,388.2999877929687,0.3676470588235294,0.0,0.0,0.7904411764705882,0.0404411764705882,0.0,0.7500302195549011,2270.0,3706.0,5976.0,47.661338806152344,29.603315353393555,77.2646541595459,4482.180592060089,1.772646541595459,7945.321925321604,2197,4724,0,242,0,0,173,santa isabel,tolima,unico,False,0,0,0,0,,,,,,,1,
05591,PUERTO TRIUNFO,ANTIOQUIA,369.585662398,373,celdas,5.800000190734863,5.500268459320068,5.0,11.699999809265137,340.42999267578125,208.8000030517578,0.0,0.0,0.0,0.67828418230563,0.0,0.0,0.2171888947486877,3985.0,16337.0,20322.0,10.26871395111084,68.21497344970703,78.48368740081787,4413.712719082832,1.7848368740081786,7877.757212297941,0,13784,0,0,0,0,174,puerto triunfo,antioquia,unico,False,0,0,0,0,,,,,,,1,
25572,PUERTO SALGAR,CUNDINAMARCA,515.94145458,513,celdas,6.0,5.482845783233643,4.599999904632568,14.029999732971191,393.1512451171875,184.8000030517578,0.0760233918128654,0.0,0.0,0.6140350877192983,0.0,0.0,0.3599824905395508,12046.0,3750.0,15796.0,11.29875373840332,23.18053817749023,34.479291915893555,5686.283420562744,1.3447929191589356,7646.87368030363,1201,9699,0,0,0,0,175,puerto salgar,cundinamarca,unico,False,0,0,0,0,,,,,,,1,
05756,SONSÓN,ANTIOQUIA,1346.39149966,1350,celdas,6.0,5.338814735412598,4.800000190734863,17.690000534057617,648.2171630859375,220.1000061035156,0.0014814814814814,0.0,0.0,0.3348148148148148,0.0,0.0,0.1361183226108551,17640.0,18110.0,35750.0,8.51443862915039,46.34315872192383,54.85759735107422,4866.23003333807,1.5485759735107425,7535.726911203714,53,11970,0,0,0,0,176,sonson,antioquia,unico,False,0,0,0,0,,,,,,,1,
73043,ANZOÁTEGUI,TOLIMA,469.711325417,474,celdas,6.400000095367432,5.611814498901367,5.300000190734863,23.56999969482422,777.42578125,446.5,0.1139240506329113,0.0,0.0,0.679324894514768,0.0,0.0,0.3968168795108795,1623.0,9020.0,10643.0,26.25868034362793,51.60590362548828,77.86458396911621,4223.322048634291,1.778645839691162,7511.794191479336,1212,7230,0,0,0,0,177,anzoategui,tolima,unico,False,0,0,0,0,,,,,,,1,
73870,VILLAHERMOSA,TOLIMA,279.215549306,279,celdas,6.300000190734863,5.673835277557373,5.300000190734863,21.600000381469727,808.0283203125,512.4000244140625,0.089605734767025,0.0,0.0,0.8888888888888888,0.0,0.0,0.4263556003570556,3547.0,6056.0,9603.0,42.60515594482422,29.850746154785156,72.45590209960938,4094.2928302288055,1.7245590209960937,7060.849634970715,860,8536,0,0,0,0,178,villahermosa,tolima,unico,False,0,0,0,0,,,,,,,1,
05679,SANTA BÁRBARA,ANTIOQUIA,196.169746176,194,celdas,6.300000190734863,5.4257731437683105,5.099999904632568,20.270000457763672,770.1174926757812,347.1000061035156,0.0257731958762886,0.0,0.0,0.3917525773195876,0.0,0.0,0.1707638353109359,14267.0,15470.0,29737.0,1.2852789163589478,36.33231735229492,37.61759626865387,5078.004170641303,1.3761759626865386,6988.227278058554,766,11650,0,0,0,0,179,santa barbara,antioquia,palabra_riesgosa,True,0,0,0,0,,,,,,,1,
73622,RONCESVALLES,TOLIMA,775.849528554,775,celdas,6.599999904632568,5.813806533813477,5.400000095367432,27.15999984741211,711.5752563476562,389.2000122070313,0.3070967741935483,0.0,0.0,0.9264516129032258,0.0077419354838709,0.0,0.7002590894699097,1959.0,3693.0,5652.0,57.685665130615234,18.8255615234375,76.51122665405273,3957.8643736839294,1.7651122665405272,6986.074955293245,1736,5236,0,44,0,0,180,roncesvalles,tolima,unico,False,2,1,2,0,,,,,,,1,
73449,MELGAR,TOLIMA,202.198803349,205,celdas,6.0,5.108780860900879,4.5,14.359999656677246,614.46044921875,236.8999938964844,0.0146341463414634,0.0,0.0,0.2829268292682926,0.0,0.0,0.1304659098386764,32393.0,7398.0,39791.0,4.2035064697265625,27.708677291870117,31.91218376159668,5191.369018390775,1.3191218376159668,6848.048239282237,582,11258,0,0,0,0,181,melgar,tolima,unico,False,0,0,0,0,,,,,,,1,
05607,RETIRO,ANTIOQUIA,242.018938682,242,celdas,6.0,5.462810039520264,5.0,13.31999969482422,605.0925903320312,322.0,0.0041322314049586,0.0,0.0,0.5082644628099173,0.0,0.0,0.1955042481422424,15260.0,12362.0,27622.0,2.8102710247039795,23.124109268188477,25.934380292892456,5400.21834218502,1.2593438029289246,6800.731503693816,114,14039,0,0,0,0,182,retiro,antioquia,unico,False,3,3,2,1,,,,,,,1,
73152,CASABIANCA,TOLIMA,174.930571189,180,celdas,6.400000095367432,5.759444713592529,5.300000190734863,23.010000228881836,803.3577880859375,536.4000244140625,0.1555555555555555,0.0,0.0,0.9166666666666666,0.0,0.0,0.5852282047271729,1784.0,4831.0,6615.0,43.49403762817383,27.26801490783691,70.76205253601074,3871.284574270248,1.707620525360107,6610.684998533841,1029,6064,0,0,0,0,183,casabianca,tolima,unico,False,0,0,0,0,,,,,,,1,
41001,NEIVA,HUILA,1269.81321676,1265,celdas,5.699999809265137,4.699446678161621,4.099999904632568,10.510000228881836,644.3615112304688,224.1000061035156,0.0,0.0,0.0,0.025296442687747,0.0,0.0,0.0130699342116713,382081.0,26137.0,408218.0,5.6345930099487305,16.615304946899414,22.249897956848145,5335.382404020056,1.2224989795684815,6522.49954452215,0,10326,0,0,0,0,184,neiva,huila,unico,False,1,1,1,0,,,,,,,1,
05697,EL SANTUARIO,ANTIOQUIA,83.4510165464,86,celdas,5.800000190734863,5.36860466003418,4.699999809265137,12.239999771118164,477.8860473632813,271.6000061035156,0.0,0.0,0.0,0.313953488372093,0.0,0.0,0.1305194646120071,29278.0,11260.0,40538.0,1.445864200592041,21.62071228027344,23.06657648086548,5290.9980564415455,1.2306657648086547,6511.45016973174,0,12727,0,0,0,0,185,el santuario,antioquia,unico,False,0,0,0,0,,,,,,,1,
05642,SALGAR,ANTIOQUIA,288.234941947,290,celdas,6.0,5.496206760406494,5.199999809265137,18.829999923706055,776.5916748046875,491.8999938964844,0.0068965517241379,0.0,0.0,0.5482758620689655,0.0,0.0,0.210040733218193,7570.0,11340.0,18910.0,2.522115468978882,61.00131607055664,63.52343153953552,3971.87026515603,1.6352343153953552,6494.9385538815895,130,10368,0,0,0,0,186,salgar,antioquia,unico,False,0,0,0,0,,,,,,,1,
17541,PENSILVANIA,CALDAS,499.226477715,502,celdas,6.199999809265137,5.44840669631958,5.099999904632568,21.1200008392334,812.539306640625,472.7000122070313,0.0258964143426294,0.0,0.0,0.3844621513944223,0.0,0.0,0.1861802041530609,8917.0,11487.0,20404.0,43.5323371887207,26.451078414916992,69.9834156036377,3798.820885539055,1.699834156036377,6457.365493903641,528,7845,0,0,0,0,187,pensilvania,caldas,unico,False,0,0,0,0,,,,,,,1,
05856,VALPARAÍSO,ANTIOQUIA,126.195338815,124,celdas,6.199999809265137,5.852418422698975,5.599999904632568,22.059999465942383,684.3653564453125,430.6000061035156,0.3870967741935484,0.0,0.0,1.0,0.0,0.0,0.7453688383102417,3946.0,2771.0,6717.0,1.8537590503692627,25.231719970703125,27.085479021072388,5006.6424869298935,1.270854790210724,6362.715587387387,2600,6717,0,0,0,0,188,valparaiso,antioquia,unico,False,0,0,0,0,,,,,,,1,
17867,VICTORIA,CALDAS,558.885284791,565,celdas,6.099999904632568,5.635044097900391,5.0,16.440000534057617,464.9387817382813,233.6000061035156,0.0814159292035398,0.0,0.0,0.784070796460177,0.0,0.0,0.3951503038406372,5095.0,5920.0,11015.0,7.8382248878479,33.71510314941406,41.55332803726196,4352.580596804619,1.4155332803726195,6161.222690281057,897,8637,0,0,0,0,189,victoria,caldas,unico,False,15,7,12,3,,,,,,,1,
05002,ABEJORRAL,ANTIOQUIA,507.141094544,508,celdas,6.099999904632568,5.447047233581543,5.099999904632568,18.170000076293945,740.2485961914062,331.29998779296875,0.0118110236220472,0.0,0.0,0.4173228346456692,0.0,0.0,0.1915335804224014,8520.0,12606.0,21126.0,1.410320281982422,49.991703033447266,51.40202331542969,4046.3384200036526,1.514020233154297,6126.23823807512,250,8816,0,0,0,0,190,abejorral,antioquia,unico,False,0,0,0,0,,,,,,,1,
25269,FACATATIVÁ,CUNDINAMARCA,157.995539265,157,celdas,5.599999904632568,4.969427108764648,4.400000095367432,10.09000015258789,517.6222534179688,239.1000061035156,0.0,0.0,0.0,0.0955414012738853,0.0,0.0,0.0299993529915809,157606.0,10865.0,168471.0,5.503785610198975,14.356435775756836,19.86022138595581,5054.020997844636,1.1986022138595582,6057.760756909275,0,16096,0,0,0,0,191,facatativa,cundinamarca,unico,False,1,1,1,0,,,,,,,1,
27099,BOJAYÁ,CHOCÓ,3630.57160546,3649,celdas,6.199999809265137,5.381035327911377,4.199999809265137,15.640000343322754,427.9884338378906,193.1000061035156,0.0265826253768155,0.0,0.0,0.4351877226637435,0.0,0.0,0.2149704396724701,1000.0,12290.0,13290.0,87.53491973876953,10.12569808959961,97.66061782836914,2856.9571432471275,1.9766061782836917,5647.079140433998,353,5784,0,0,0,0,192,bojaya,choco,unico,False,0,0,0,0,,,,,,,1,
05847,URRAO,ANTIOQUIA,2563.39722732,2579,celdas,6.099999904632568,5.258084297180176,4.599999904632568,17.850000381469727,678.6644287109375,283.0,0.0050407134548274,0.0,0.0,0.2780147343931756,0.0,0.0,0.116742193698883,17764.0,14384.0,32148.0,18.51361846923828,31.35957717895508,49.87319564819336,3753.028043031693,1.4987319564819337,5624.7830616644505,162,8938,0,0,0,0,193,urrao,antioquia,unico,False,0,0,0,0,,,,,,,1,
05576,PUEBLORRICO,ANTIOQUIA,75.4328596734,75,celdas,6.0,5.661333084106445,5.400000095367432,20.579999923706055,756.8200073242188,549.5999755859375,0.0666666666666666,0.0,0.0,0.88,0.0,0.0,0.4040667116641998,4893.0,4180.0,9073.0,2.0745131969451904,50.0,52.07451319694519,3666.097274929285,1.520745131969452,5575.199584175184,605,7984,0,0,0,0,194,pueblorrico,antioquia,unico,False,0,0,0,0,,,,,,,1,
19212,CORINTO,CAUCA,325.915580666,328,celdas,6.099999904632568,5.040548801422119,4.599999904632568,14.65999984741211,706.675048828125,255.8999938964844,0.0518292682926829,0.0,0.0,0.1890243902439024,0.0,0.0,0.1293234527111053,13340.0,14160.0,27500.0,10.36388111114502,42.11590194702149,52.479783058166504,3556.394949555397,1.5247978305816652,5422.78330377366,1425,5198,0,0,0,0,195,corinto,cauca,unico,False,0,0,0,0,,,,,,,1,
73461,MURILLO,TOLIMA,423.932176673,426,celdas,6.5,5.846949100494385,5.400000095367432,24.1200008392334,754.7173461914062,430.0,0.3356807511737089,0.0,0.0,0.9788732394366196,0.0023474178403755,0.0,0.7565963864326477,1836.0,2386.0,4222.0,36.3636360168457,29.43294334411621,65.79657936096191,3194.3499435186386,1.6579657936096193,5296.122939172722,1417,4133,0,10,0,0,196,murillo,tolima,unico,False,4,4,4,0,,,,,,,1,
05030,AMAGÁ,ANTIOQUIA,84.1324771488,83,celdas,5.900000095367432,5.3433732986450195,5.099999904632568,15.6899995803833,782.4204711914062,462.0,0.0,0.0,0.0,0.2891566265060241,0.0,0.0,0.1102322489023208,16361.0,16731.0,33092.0,2.1614320278167725,42.74456787109375,44.90599989891052,3647.805580675602,1.449059998989105,5285.889151046241,0,9569,0,0,0,0,197,amaga,antioquia,unico,False,0,0,0,0,,,,,,,1,
25320,GUADUAS,CUNDINAMARCA,763.675863918,770,celdas,6.099999904632568,5.144415378570557,4.599999904632568,16.1299991607666,647.0240478515625,246.0,0.0116883116883116,0.0,0.0,0.2051948051948052,0.0,0.0,0.1096473410725593,16016.0,14653.0,30669.0,5.532742500305176,48.67084503173828,54.20358753204346,3362.774303354323,1.5420358753204346,5185.518616378048,358,6293,0,0,0,0,198,guaduas,cundinamarca,unico,False,0,0,0,0,,,,,,,1,
05353,HISPANIA,ANTIOQUIA,54.1821206889,54,celdas,6.199999809265137,5.794444561004639,5.5,21.90999984741211,707.50927734375,486.0,0.2222222222222222,0.0,0.0,1.0,0.0,0.0,0.6268993020057678,3888.0,2078.0,5966.0,1.1655011177062988,35.25640869140625,36.42190980911255,3740.081235766411,1.3642190980911255,5102.290250244795,1326,5966,0,0,0,0,199,hispania,antioquia,unico,False,0,0,0,0,,,,,,,1,
73483,NATAGAIMA,TOLIMA,859.830024784,867,celdas,6.099999904632568,5.259515762329102,4.5,14.850000381469728,551.2314453125,212.1999969482422,0.0392156862745098,0.0,0.0,0.3552479815455594,0.0,0.0,0.1944376230239868,8981.0,7008.0,15989.0,5.104793548583984,52.500518798828125,57.60531234741211,3108.863154530525,1.576053123474121,4899.733485151443,627,5680,0,0,0,0,200,natagaima,tolima,unico,False,0,0,0,0,,,,,,,1,
05318,GUARNE,ANTIOQUIA,151.843009904,156,celdas,5.699999809265137,5.13205099105835,4.5,10.489999771118164,509.8114929199219,273.5,0.0,0.0,0.0,0.141025641025641,0.0,0.0,0.0547420717775821,23576.0,42582.0,66158.0,2.455289363861084,26.34131622314453,28.796605587005615,3621.625984661281,1.287966055870056,4664.531335300699,0,9330,0,0,0,0,201,guarne,antioquia,unico,False,0,0,0,0,,,,,,,1,
73270,FALAN,TOLIMA,181.322213416,185,celdas,6.199999809265137,5.612432479858398,5.300000190734863,18.3799991607666,623.8643188476562,280.5,0.0756756756756756,0.0,0.0,0.7351351351351352,0.0,0.0,0.3620328307151794,1958.0,6036.0,7994.0,30.896860122680664,26.68161392211914,57.578474044799805,2894.0904487371445,1.575784740447998,4560.4635665962915,605,5877,0,0,0,0,202,falan,tolima,unico,False,0,0,0,0,,,,,,,1,
17444,MARQUETALIA,CALDAS,90.3330373415,90,celdas,6.0,5.483333110809326,5.099999904632568,17.940000534057617,726.7921752929688,462.7999877929687,0.0111111111111111,0.0,0.0,0.5333333333333333,0.0,0.0,0.2201496958732605,7081.0,6477.0,13558.0,12.822283744812012,38.81215286254883,51.63443660736084,2984.789576649666,1.5163443660736085,4525.968858467952,151,7231,0,0,0,0,203,marquetalia,caldas,unico,False,0,0,0,0,,,,,,,1,
25001,AGUA DE DIOS,CUNDINAMARCA,85.9587073033,84,celdas,6.0,5.49761962890625,4.699999809265137,14.579999923706056,455.64886474609375,266.79998779296875,0.0119047619047619,0.0,0.0,0.6309523809523809,0.0,0.0,0.2901589572429657,9529.0,2289.0,11818.0,3.380825996398926,19.80198097229004,23.182806968688965,3429.0985566973686,1.2318280696868895,4224.059855862619,141,7457,0,0,0,0,204,agua de dios,cundinamarca,unico,False,0,0,0,0,,,,,,,1,
19110,BUENOS AIRES,CAUCA,434.914126525,441,celdas,6.099999904632568,5.056009292602539,4.5,13.510000228881836,612.1421508789062,222.0,0.0113378684807256,0.0,0.0,0.1337868480725623,0.0,0.0,0.0680592283606529,828.0,32514.0,33342.0,18.98813247680664,66.30855560302734,85.29668807983398,2269.23079200089,1.85296688079834,4204.809502465435,378,4461,0,0,0,0,205,buenos aires,cauca,palabra_riesgosa,True,0,0,0,0,,,,,,,1,
73675,SAN ANTONIO,TOLIMA,383.406969907,388,celdas,6.0,5.442010402679443,5.199999809265137,19.969999313354492,807.993896484375,488.2000122070313,0.0077319587628865,0.0,0.0,0.3685567010309278,0.0,0.0,0.1716789901256561,4583.0,8768.0,13351.0,18.824193954467773,52.402488708496094,71.22668266296387,2292.086197167635,1.7122668266296386,3924.663159185822,103,4921,0,0,0,0,206,san antonio,tolima,palabra_riesgosa,True,1,1,1,0,,,,,,,1,
17446,MARULANDA,CALDAS,376.263317461,381,celdas,6.900000095367432,5.880577564239502,5.5,27.229999542236328,760.699462890625,429.2999877929687,0.2860892388451443,0.0,0.0,1.0,0.0341207349081364,0.0,0.8286132216453552,934.0,1742.0,2676.0,40.482574462890625,32.43967819213867,72.9222526550293,2217.3689811229706,1.729222526550293,3834.324391831712,766,2676,0,91,0,0,207,marulanda,caldas,unico,False,0,0,0,0,,,,,,,1,
25815,TOCAIMA,CUNDINAMARCA,245.766812873,247,celdas,6.0,5.261943340301514,4.599999904632568,15.06999969482422,572.044921875,225.6999969482422,0.0080971659919028,0.0,0.0,0.3360323886639676,0.0,0.0,0.1547127366065979,10691.0,5392.0,16083.0,4.177419185638428,39.59677505493164,43.77419424057007,2488.244942843914,1.4377419424057007,3577.454117305571,130,5404,0,0,0,0,208,tocaima,cundinamarca,unico,False,1,1,1,0,,,,,,,1,
05209,CONCORDIA,ANTIOQUIA,247.880390496,251,celdas,5.900000095367432,5.321513652801514,5.0,16.809999465942383,806.5354614257812,451.1000061035156,0.0,0.0,0.0,0.2350597609561753,0.0,0.0,0.1044630333781242,8173.0,13972.0,22145.0,1.9017133712768557,51.440406799316406,53.34212017059326,2313.3338741585612,1.5334212017059323,3547.3152092592613,0,5205,0,0,0,0,209,concordia,antioquia,unico,False,0,0,0,0,,,,,,,1,
05861,VENECIA,ANTIOQUIA,143.64602176,144,celdas,6.0,5.471528053283691,5.199999809265137,16.850000381469727,761.477783203125,462.2999877929687,0.0069444444444444,0.0,0.0,0.4861111111111111,0.0,0.0,0.1900758147239685,5819.0,6675.0,12494.0,1.8992568254470823,44.563720703125,46.46297752857208,2374.8072291612625,1.464629775285721,3478.2133783933655,87,6073,0,0,0,0,210,venecia,antioquia,nombre_repetido,True,0,0,0,0,,,,,,,1,
05541,PEÑOL,ANTIOQUIA,118.314349822,120,celdas,5.900000095367432,5.239166259765625,4.599999904632568,12.0600004196167,498.5008544921875,215.8999938964844,0.0,0.0,0.0,0.3,0.0,0.0,0.1130881533026695,13237.0,10884.0,24121.0,1.127450942993164,23.69281005859375,24.82026100158691,2727.7993458136916,1.2482026100158692,3404.8462630442305,0,7236,0,0,0,0,211,penol,antioquia,unico,False,0,0,0,0,,,,,,,1,
17662,SAMANÁ,CALDAS,758.175286414,768,celdas,6.0,5.300390243530273,4.800000190734863,17.25,708.1838989257812,373.2999877929687,0.0013020833333333,0.0,0.0,0.2356770833333333,0.0,0.0,0.0925752744078636,7287.0,13717.0,21004.0,21.931907653808594,47.34758377075195,69.27949142456055,1944.4510636627672,1.6927949142456056,3291.556871567791,27,4950,0,0,0,0,212,samana,caldas,unico,False,0,0,0,0,,,,,,,1,
73200,COELLO,TOLIMA,343.5981075,348,celdas,6.099999904632568,5.482758522033691,5.099999904632568,17.010000228881836,573.7037353515625,265.1000061035156,0.0316091954022988,0.0,0.0,0.5229885057471264,0.0,0.0,0.2251022011041641,1623.0,6970.0,8593.0,6.306991100311279,58.01671600341797,64.32370710372925,1934.3032140880823,1.6432370710372926,3178.518748016121,272,4494,0,0,0,0,213,coello,tolima,unico,False,0,0,0,0,,,,,,,1,
05321,GUATAPÉ,ANTIOQUIA,83.3268891642,83,celdas,6.0,5.40602445602417,4.699999809265137,12.34000015258789,416.24462890625,196.0,0.0120481927710843,0.0,0.0,0.5180722891566265,0.0,0.0,0.2683617770671844,6533.0,3309.0,9842.0,0.7695423364639282,17.982988357543945,18.752530694007874,2641.2166098952293,1.1875253069400786,3136.511565361066,119,5099,0,0,0,0,214,guatape,antioquia,palabra_riesgosa,True,0,0,0,0,,,,,,,1,
73854,VALLE DE SAN JUAN,TOLIMA,197.846407685,197,celdas,6.199999809265137,5.568527698516846,5.199999809265137,18.760000228881836,634.4319458007812,326.8999938964844,0.0913705583756345,0.0,0.0,0.6345177664974619,0.0,0.0,0.3424240052700043,2212.0,3303.0,5515.0,3.232876777648926,58.79452133178711,62.027398109436035,1888.4683890640736,1.6202739810943605,3059.8361949197,504,3499,0,0,0,0,215,valle de san juan,tolima,unico,False,0,0,0,0,,,,,,,1,
27150,CARMEN DEL DARIÉN,CHOCÓ,3180.69440103,3200,celdas,5.699999809265137,5.147343635559082,4.099999904632568,10.06999969482422,339.5155334472656,182.6999969482422,0.0,0.0,0.0,0.2246875,0.0,0.0,0.0720960199832916,2204.0,19469.0,21673.0,90.63027954101562,4.305008411407471,94.9352879524231,1562.5370410978794,1.949352879524231,3045.936080427423,0,4870,0,0,0,0,216,carmen del darien,choco,unico,False,0,0,0,0,,,,,,,1,
25214,COTA,CUNDINAMARCA,53.7106060256,52,celdas,5.5,4.926922798156738,4.099999904632568,7.920000076293945,429.4268798828125,207.5,0.0,0.0,0.0,0.1538461538461538,0.0,0.0,0.0510364510118961,29333.0,19465.0,48798.0,3.1183342933654785,17.82630729675293,20.944641590118408,2490.4767364785075,1.209446415901184,3012.0981628192085,0,7507,0,0,0,0,217,cota,cundinamarca,corto,True,0,0,0,0,,,,,,,1,
73148,CARMEN DE APICALÁ,TOLIMA,190.836135623,188,celdas,6.0,5.303191661834717,4.699999809265137,14.270000457763672,553.0579833984375,230.1999969482422,0.0053191489361702,0.0,0.0,0.3351063829787234,0.0,0.0,0.2030715197324752,8351.0,2740.0,11091.0,4.947097301483154,22.590791702270508,27.537889003753666,2252.2662253528833,1.275378890037537,2872.4927985595928,59,3717,0,0,0,0,218,carmen de apicala,tolima,unico,False,0,0,0,0,,,,,,,1,
05792,TARSO,ANTIOQUIA,120.479062257,121,celdas,6.0,5.5685954093933105,5.400000095367432,18.459999084472656,769.6851806640625,502.2999877929687,0.024793388429752,0.0,0.0,0.768595041322314,0.0,0.0,0.2764397859573364,3736.0,2861.0,6597.0,4.3620500564575195,47.76445007324219,52.12650012969971,1823.6732679605484,1.521265001296997,2774.2903163493024,164,5070,0,0,0,0,219,tarso,antioquia,unico,False,0,0,0,0,,,,,,,1,
05674,SAN VICENTE FERRER,ANTIOQUIA,230.49117426,231,celdas,5.599999904632568,5.268398761749268,4.5,10.390000343322754,446.0658264160156,282.5,0.0,0.0,0.0,0.2207792207792207,0.0,0.0,0.0775096863508224,7188.0,17796.0,24984.0,2.6063101291656494,38.20301818847656,40.80932831764221,1936.502003788948,1.408093283176422,2726.7754643929,0,5516,0,0,0,0,220,san vicente ferrer,antioquia,unico,False,0,0,0,0,,,,,,,1,
05145,CARAMANTA,ANTIOQUIA,92.083683052,90,celdas,6.0,5.693333625793457,5.599999904632568,21.61000061035156,854.7088623046875,682.5,0.0222222222222222,0.0,0.0,1.0,0.0,0.0,0.414377897977829,2140.0,2304.0,4444.0,1.5081967115402222,42.16393280029297,43.67212951183319,1841.495378613472,1.436721295118332,2645.7156253159706,99,4444,0,0,0,0,221,caramanta,antioquia,unico,False,0,0,0,0,,,,,,,1,
73616,RIOBLANCO,TOLIMA,2046.21901768,2046,celdas,6.099999904632568,5.147213459014893,4.699999809265137,19.829999923706055,795.1766967773438,416.6000061035156,0.0034213098729227,0.0,0.0,0.1070381231671554,0.0,0.0,0.050171710550785,4520.0,19632.0,24152.0,21.436132431030273,60.39167404174805,81.82780647277832,1211.7471532225609,1.8182780647277832,2203.2932687009184,83,2585,0,0,0,0,222,rioblanco,tolima,unico,False,0,0,0,0,,,,,,,1,
05475,MURINDÓ,ANTIOQUIA,1266.20156043,1274,celdas,5.900000095367432,5.18312406539917,4.099999904632568,12.15999984741211,443.7346801757813,193.1999969482422,0.0,0.0,0.0,0.4646781789638932,0.0,0.0,0.1717090308666229,2239.0,3784.0,6023.0,95.30516052246094,3.4037559032440186,98.70891642570496,1034.20349290967,1.9870891642570496,2055.0545543975973,0,2799,0,0,0,0,223,murindo,antioquia,unico,False,0,0,0,0,,,,,,,1,
05585,PUERTO NARE,ANTIOQUIA,579.559844285,579,celdas,5.800000190734863,5.173229694366455,4.400000095367432,10.81999969482422,428.54730224609375,199.0,0.0,0.0,0.0,0.2227979274611398,0.0,0.0,0.074183702468872,5410.0,10265.0,15675.0,15.466727256774902,55.96184539794922,71.42857265472412,1162.8295361995697,1.714285726547241,1993.422076314471,0,3492,0,0,0,0,224,puerto nare,antioquia,unico,False,0,0,0,0,,,,,,,1,
73563,PRADO,TOLIMA,423.013002826,423,celdas,6.099999904632568,5.127186298370361,4.5,14.4399995803833,586.6813354492188,212.1000061035156,0.0685579196217494,0.0,0.0,0.226950354609929,0.0,0.0,0.1514957547187805,3875.0,4750.0,8625.0,7.729290008544922,40.38461685180664,48.11390686035156,1306.650884449482,1.4811390686035155,1935.3316739834656,591,1957,0,0,0,0,225,prado,tolima,unico,False,2,2,2,0,,,,,,,1,
05483,NARIÑO,ANTIOQUIA,316.767418238,317,celdas,5.900000095367432,5.341009616851807,5.099999904632568,17.18000030517578,801.7898559570312,446.7999877929687,0.0,0.0,0.0,0.1798107255520504,0.0,0.0,0.0995994135737419,3757.0,7302.0,11059.0,4.9335198402404785,62.07137680053711,67.00489664077759,1101.4699147120118,1.670048966407776,1839.5086925940568,0,1989,0,0,0,0,226,narino,antioquia,palabra_riesgosa,True,0,0,0,0,,,,,,,1,
05686,SANTA ROSA DE OSOS,ANTIOQUIA,864.790420565,868,celdas,5.599999904632568,5.043202877044678,4.300000190734863,10.149999618530272,477.3485107421875,254.1999969482422,0.0,0.0,0.0,0.0506912442396313,0.0,0.0,0.0297703724354505,23351.0,17346.0,40697.0,1.204296350479126,46.43593215942383,47.640228509902954,1211.5648470055312,1.4764022850990297,1788.7571086646224,0,2063,0,0,0,0,227,santa rosa de osos,antioquia,unico,False,0,0,0,0,,,,,,,1,
41872,VILLAVIEJA,HUILA,543.926921489,552,celdas,5.900000095367432,5.302898406982422,4.5,12.489999771118164,427.1130676269531,241.5,0.0,0.0,0.0,0.3713768115942029,0.0,0.0,0.1224190667271614,2459.0,5005.0,7464.0,6.900726318359375,71.46892547607422,78.3696517944336,913.7359140515327,1.7836965179443358,1629.8275682144038,0,2772,0,0,0,0,228,villavieja,huila,unico,False,0,0,0,0,,,,,,,1,
41016,AIPE,HUILA,795.630624965,798,celdas,5.900000095367432,5.101253032684326,4.5,12.479999542236328,574.5233154296875,243.3999938964844,0.0,0.0,0.0,0.1854636591478696,0.0,0.0,0.0616218261420726,11500.0,6010.0,17510.0,8.97240924835205,39.539432525634766,48.511841773986816,1078.9981757476926,1.4851184177398682,1602.4400635106174,0,3247,0,0,0,0,229,aipe,huila,corto,True,0,0,0,0,,,,,,,1,
17495,NORCASIA,CALDAS,227.546688896,228,celdas,5.900000095367432,5.438157558441162,4.900000095367432,13.880000114440918,515.7342529296875,259.8999938964844,0.0,0.0,0.0,0.4780701754385965,0.0,0.0,0.1697453558444976,4282.0,1858.0,6140.0,21.26903533935547,24.51776695251465,45.78680229187012,1042.2364848852158,1.457868022918701,1519.443243633346,0,2935,0,0,0,0,230,norcasia,caldas,unico,False,0,0,0,0,,,,,,,1,
19418,LÓPEZ DE MICAY,CAUCA,3367.63505749,3367,celdas,5.699999809265137,4.93501615524292,4.099999904632568,10.75,545.4224853515625,199.5,0.0,0.0,0.0,0.0962280962280962,0.0,0.0,0.0379826463758945,1718.0,18039.0,19757.0,82.9610366821289,14.46753215789795,97.42856884002686,750.4231444485486,1.9742856884002684,1481.549674329097,0,1901,0,0,0,0,231,lopez de micay,cauca,unico,False,0,0,0,0,,,,,,,1,
25799,TENJO,CUNDINAMARCA,114.208773075,119,celdas,5.5,4.896639347076416,3.900000095367432,8.569000244140625,412.1899108886719,201.3000030517578,0.0,0.0,0.0,0.1092436974789916,0.0,0.0,0.0430291630327701,12387.0,12998.0,25385.0,6.045340061187744,22.963895797729492,29.009235858917236,1092.2953035868704,1.2900923585891724,1409.1618244802617,0,2773,0,0,0,0,232,tenjo,cundinamarca,unico,False,1,1,1,0,,,,,,,1,
73067,ATACO,TOLIMA,1017.65981101,1021,celdas,6.0,5.064055442810059,4.699999809265137,15.899999618530272,714.4854736328125,280.8999938964844,0.0019588638589618,0.0,0.0,0.0744368266405484,0.0,0.0,0.036064077168703,5668.0,14921.0,20589.0,13.71540069580078,71.41590118408203,85.13130187988281,742.5232848264277,1.851313018798828,1374.6430239604358,40,1533,0,0,0,0,233,ataco,tolima,unico,False,0,0,0,0,,,,,,,1,
73770,SUÁREZ,TOLIMA,190.078186695,189,celdas,6.099999904632568,5.342857360839844,4.699999809265137,15.229999542236328,548.3978881835938,245.6999969482422,0.0582010582010582,0.0,0.0,0.3862433862433862,0.0,0.0,0.2341537624597549,1628.0,2298.0,3926.0,10.850897789001465,37.70491790771485,48.55581569671631,919.287671416998,1.485558156967163,1365.6552988728704,228,1516,0,0,0,0,234,suarez,tolima,nombre_repetido,True,0,0,0,0,,,,,,,1,
05664,SAN PEDRO DE LOS MILAGROS,ANTIOQUIA,220.923896292,226,celdas,5.699999809265137,5.1646013259887695,4.5,10.600000381469728,480.15667724609375,272.8999938964844,0.0,0.0,0.0,0.1017699115044247,0.0,0.0,0.0475997701287269,12692.0,9560.0,22252.0,1.3521233797073364,27.004379272460938,28.35650265216827,1059.1900849044323,1.2835650265216827,1359.539349421861,0,2265,0,0,0,0,235,san pedro de los milagros,antioquia,unico,False,0,0,0,0,,,,,,,1,
25086,BELTRÁN,CUNDINAMARCA,176.85320006,176,celdas,6.199999809265137,5.440909385681152,4.800000190734863,17.459999084472656,586.4170532226562,231.1999969482422,0.1988636363636363,0.0,0.0,0.4715909090909091,0.0,0.0,0.3904362618923187,478.0,1291.0,1769.0,3.3639144897460938,79.66361236572266,83.02752685546875,690.6817472875118,1.8302752685546877,1264.1377205024714,352,834,0,0,0,0,236,beltran,cundinamarca,unico,False,28,10,28,0,,,,,,,1,
27075,BAHÍA SOLANO,CHOCÓ,895.273169837,896,celdas,6.099999904632568,5.051339149475098,4.199999809265137,14.550000190734863,591.0133666992188,212.8000030517578,0.0145089285714285,0.0,0.0,0.0993303571428571,0.0,0.0,0.0621239319443702,6573.0,4370.0,10943.0,55.71600341796875,26.514240264892575,82.23024368286133,679.8221872672439,1.8223024368286136,1238.8416284672564,159,1087,0,0,0,0,237,bahia solano,choco,unico,False,11,1,11,0,,,,,,,1,
05093,BETULIA,ANTIOQUIA,262.367502259,264,celdas,5.699999809265137,5.1954545974731445,4.900000095367432,14.59000015258789,794.1455078125,481.7999877929687,0.0,0.0,0.0,0.0795454545454545,0.0,0.0,0.0422969236969947,5204.0,11864.0,17068.0,2.7140753269195557,66.96823120117188,69.68230652809143,721.9238936603069,1.6968230652809142,1224.9771141402148,0,1358,0,0,0,0,238,betulia,antioquia,nombre_repetido,True,0,0,0,0,,,,,,,1,
25662,SAN JUAN DE RIOSECO,CUNDINAMARCA,314.087273955,315,celdas,6.099999904632568,5.05396842956543,4.699999809265137,16.209999084472656,728.626708984375,276.70001220703125,0.0317460317460317,0.0,0.0,0.1238095238095238,0.0,0.0,0.0887668877840042,3587.0,4856.0,8443.0,4.526015758514404,55.2031364440918,59.7291522026062,749.4588335603476,1.5972915220260622,1197.1042409534848,268,1045,0,0,0,0,239,san juan de rioseco,cundinamarca,unico,False,0,0,0,0,,,,,,,1,
05579,PUERTO BERRÍO,ANTIOQUIA,1220.10917456,1230,celdas,5.599999904632568,4.923902988433838,4.099999904632568,8.857000350952148,396.40435791015625,197.6999969482422,0.0,0.0,0.0,0.0268292682926829,0.0,0.0,0.0184476319700479,33521.0,5640.0,39161.0,21.48493003845215,27.031719207763672,48.51664924621582,722.4277155790478,1.485166492462158,1072.925436403984,0,1051,0,0,0,0,240,puerto berrio,antioquia,unico,False,0,0,0,0,,,,,,,1,
05809,TITIRIBÍ,ANTIOQUIA,140.345788055,141,celdas,5.800000190734863,5.260283470153809,5.099999904632568,15.140000343322754,824.1673583984375,542.2000122070312,0.0,0.0,0.0,0.0992907801418439,0.0,0.0,0.056389607489109,5420.0,6162.0,11582.0,1.2583012580871582,36.42083358764648,37.67913484573364,653.1044339388609,1.3767913484573364,899.1885342861497,0,1150,0,0,0,0,241,titiribi,antioquia,unico,False,0,0,0,0,,,,,,,1,
25488,NILO,CUNDINAMARCA,224.643775256,228,celdas,5.699999809265137,5.100877285003662,4.5,12.43000030517578,611.0171508789062,335.3999938964844,0.0,0.0,0.0,0.1491228070175438,0.0,0.0,0.053998839110136,3742.0,7327.0,11069.0,5.040535926818848,45.08283233642578,50.12336826324463,597.7131501100957,1.5012336826324462,897.3071134976191,0,1651,0,0,0,0,242,nilo,cundinamarca,corto,True,2,1,2,0,,,,,,,1,
05837,TURBO,ANTIOQUIA,2921.8960841,1072,celdas,5.300000190734863,5.0048508644104,4.199999809265137,6.566999912261963,213.14273071289065,180.0,0.0,0.0,0.0,0.0,0.0,0.0,0.0031676592770963,54107.0,76179.0,130286.0,38.62577819824219,47.99462127685547,86.62039947509766,412.7016565757803,1.8662039947509763,770.1854801420669,0,0,0,0,0,0,243,turbo,antioquia,unico,False,1,1,0,1,,,,,,,1,
19473,MORALES,CAUCA,511.477727531,504,celdas,5.5,4.6579365730285645,4.199999809265137,9.314000129699709,669.7968139648438,267.0,0.0,0.0,0.0,0.0099206349206349,0.0,0.0,0.0096101406961679,2249.0,43752.0,46001.0,22.66312789916992,44.373416900634766,67.03654479980469,442.0760821644217,1.670365447998047,738.4286130337956,0,456,0,0,0,0,244,morales,cauca,unico,False,13,4,10,3,,,,,,,1,
68190,CIMITARRA,SANTANDER,3174.28853885,3197,celdas,5.599999904632568,4.956646919250488,3.900000095367432,8.928000450134277,313.7279052734375,190.6999969482422,0.0,0.0,0.0,0.0178292148889584,0.0,0.0,0.0139788249507546,16109.0,17698.0,33807.0,24.368427276611328,28.985857009887695,53.35428428649902,472.5821351101622,1.5335428428649902,724.7249509640451,0,603,0,0,0,0,245,cimitarra,santander,unico,False,0,0,0,0,,,,,,,0,
41524,PALERMO,HUILA,884.263211186,887,celdas,5.599999904632568,4.8063130378723145,4.099999904632568,9.845999717712402,580.7654418945312,230.3999938964844,0.0,0.0,0.0,0.040586245772266,0.0,0.0,0.0174030140042305,12650.0,14012.0,26662.0,8.17562484741211,47.93085861206055,56.106483459472656,463.9991593807936,1.561064834594727,724.3327709908707,0,1082,0,0,0,0,246,palermo,huila,unico,False,0,0,0,0,,,,,,,1,
19548,PIENDAMÓ - TUNÍA,CAUCA,181.266037393,183,celdas,5.5,4.9202189445495605,4.199999809265137,9.022000312805176,491.87652587890625,278.0,0.0,0.0,0.0,0.0054644808743169,0.0,0.0,0.0107376519590616,14339.0,28647.0,42986.0,12.01723861694336,37.22857666015625,49.24581527709961,461.5687071122229,1.492458152770996,688.8719799936051,0,235,0,0,0,0,247,piendamo tunia,cauca,unico,False,0,0,0,0,,,,,,,1,
25324,GUATAQUÍ,CUNDINAMARCA,90.9522029053,89,celdas,5.900000095367432,5.324719429016113,4.900000095367432,15.470000267028809,617.39208984375,342.8999938964844,0.0,0.0,0.0,0.2584269662921348,0.0,0.0,0.1269443184137344,1612.0,1583.0,3195.0,7.729468822479248,59.13043594360352,66.85990476608276,405.5870973318815,1.6685990476608277,676.762244351497,0,826,0,0,0,0,248,guataqui,cundinamarca,unico,False,0,0,0,0,,,,,,,1,
19001,POPAYÁN,CAUCA,480.181910541,482,celdas,5.300000190734863,4.690248966217041,4.0,7.302000045776367,489.4201354980469,250.6999969482422,0.0,0.0,0.0,0.0,0.0,0.0,0.0013981505762785,291391.0,63956.0,355347.0,12.991048812866213,17.981311798095703,30.97236061096191,496.82861282886006,1.3097236061096191,650.7081624126544,0,0,0,0,0,0,249,popayan,cauca,unico,False,8,4,6,2,,,,,,,1,
05264,ENTRERRÍOS,ANTIOQUIA,214.195945828,215,celdas,5.599999904632568,5.084186553955078,4.400000095367432,10.149999618530272,501.0055847167969,271.3999938964844,0.0,0.0,0.0,0.0744186046511627,0.0,0.0,0.0366046018898487,6834.0,6060.0,12894.0,0.9289031624794006,31.332618713378903,32.26152187585831,471.97973676770926,1.3226152187585831,624.2475827946422,0,960,0,0,0,0,250,entrerrios,antioquia,unico,False,0,0,0,0,,,,,,,1,
05467,MONTEBELLO,ANTIOQUIA,76.0214721126,76,celdas,5.699999809265137,5.251316070556641,5.099999904632568,14.850000381469728,831.2658081054688,507.7999877929687,0.0,0.0,0.0,0.1184210526315789,0.0,0.0,0.0593218244612216,2064.0,4413.0,6477.0,2.3879141807556152,49.85380172729492,52.24171590805054,384.2274570353329,1.5224171590805051,584.9544735804585,0,767,0,0,0,0,251,montebello,antioquia,unico,False,0,0,0,0,,,,,,,1,
05761,SOPETRÁN,ANTIOQUIA,219.071913637,219,celdas,5.699999809265137,4.815981388092041,4.5,11.270000457763672,732.5146484375,311.5,0.0,0.0,0.0,0.0547945205479452,0.0,0.0,0.0228814389556646,7566.0,9081.0,16647.0,1.9639934301376345,42.10311126708984,44.06710469722748,380.9073142949492,1.4406710469722748,548.7621392847018,0,912,0,0,0,0,252,sopetran,antioquia,unico,False,0,0,0,0,,,,,,,1,
05284,FRONTINO,ANTIOQUIA,1384.19329471,1394,celdas,5.800000190734863,4.860832214355469,4.300000190734863,12.279999732971191,677.6080322265625,254.5,0.0,0.0,0.0,0.0358680057388809,0.0,0.0,0.0163339842110872,9747.0,12061.0,21808.0,14.280381202697754,38.67836380004883,52.95874500274658,356.21152767539024,1.5295874500274658,544.8566822873883,0,782,0,0,0,0,253,frontino,antioquia,unico,False,5,3,5,0,,,,,,,1,
27615,RIOSUCIO,CHOCÓ,7609.28971911,7600,celdas,5.400000095367432,4.730829238891602,3.700000047683716,7.547999858856201,368.4631042480469,180.0,0.0,0.0,0.0,0.0,0.0,0.0,0.0081877186894416,14861.0,15525.0,30386.0,88.8105697631836,10.769230842590332,99.57980060577393,248.79202009737492,1.9957980060577392,496.53861763341786,0,0,0,0,0,0,254,riosucio,choco,nombre_repetido,True,0,0,0,0,,,,,,,1,
19130,CAJIBÍO,CAUCA,552.282204132,549,celdas,5.5,4.74772310256958,4.099999904632568,8.418999671936035,534.7293090820312,248.6999969482422,0.0,0.0,0.0,0.0018214936247723,0.0,0.0,0.0057396534830331,1830.0,45156.0,46986.0,14.154566764831545,67.57845306396484,81.73301982879639,269.683358553797,1.817330198287964,490.103711475536,0,86,0,0,0,0,255,cajibio,cauca,unico,False,1,1,1,0,,,,,,,1,
25260,EL ROSAL,CUNDINAMARCA,87.2381769505,89,celdas,5.400000095367432,4.869662761688232,4.199999809265137,8.987000465393066,480.82470703125,252.1000061035156,0.0,0.0,0.0,0.0,0.0,0.0,0.0135273495689034,25305.0,2349.0,27654.0,6.114425182342529,20.254880905151367,26.369306087493896,374.0853249784559,1.263693060874939,472.7290293504212,0,0,0,0,0,0,256,el rosal,cundinamarca,palabra_riesgosa,True,0,0,0,0,,,,,,,1,
68101,BOLÍVAR,SANTANDER,1010.1256814,1028,celdas,5.599999904632568,4.628015518188477,3.900000095367432,9.111000061035156,522.9226684570312,215.6999969482422,0.0,0.0,0.0,0.0894941634241245,0.0,0.0,0.023747282102704,2008.0,9565.0,11573.0,29.788576126098633,33.41748046875,63.20605659484863,274.82729577459395,1.6320605659484864,448.53479187997584,0,1036,0,0,0,0,257,bolivar,santander,palabra_riesgosa,True,0,0,0,0,,,,,,,0,
25035,ANAPOIMA,CUNDINAMARCA,123.955490124,122,celdas,5.5,5.036065578460693,4.599999904632568,11.3100004196167,608.56884765625,364.7999877929687,0.0,0.0,0.0,0.0163934426229508,0.0,0.0,0.0163898207247257,8148.0,9158.0,17306.0,6.631762504577637,39.41971969604492,46.05148220062256,283.64223746210337,1.4605148220062256,414.2636919604115,0,284,0,0,0,0,258,anapoima,cundinamarca,unico,False,0,0,0,0,,,,,,,1,
41799,TELLO,HUILA,530.416107464,532,celdas,5.599999904632568,4.698872089385986,4.099999904632568,10.329999923706056,607.3135375976562,264.1000061035156,0.0,0.0,0.0,0.0394736842105263,0.0,0.0,0.0207278952002525,5621.0,7032.0,12653.0,5.143966197967529,52.66904067993164,57.81300687789917,262.2700579687953,1.5781300687789916,413.89626462096504,0,499,0,0,0,0,259,tello,huila,unico,False,0,0,0,0,,,,,,,1,
05036,ANGELÓPOLIS,ANTIOQUIA,81.8763017651,83,celdas,5.599999904632568,5.212048053741455,5.0,11.81999969482422,798.428955078125,569.5,0.0,0.0,0.0,0.0843373493975903,0.0,0.0,0.0410861447453498,2556.0,3658.0,6214.0,3.484320640563965,47.73519134521485,51.21951198577881,255.30930344760415,1.512195119857788,386.0774827277582,0,524,0,0,0,0,260,angelopolis,antioquia,unico,False,0,0,0,0,,,,,,,1,
05042,SANTA FÉ DE ANTIOQUIA,ANTIOQUIA,525.583078416,527,celdas,5.699999809265137,4.817836761474609,4.5,11.68000030517578,761.666748046875,291.29998779296875,0.0,0.0,0.0,0.01707779886148,0.0,0.0,0.0096285203471779,18671.0,10002.0,28673.0,4.096027851104736,32.483604431152344,36.57963228225708,276.0785639146343,1.365796322822571,377.0670874047436,0,490,0,0,0,0,261,santa fe de antioquia,antioquia,unico,False,0,0,0,0,,,,,,,1,
05055,ARGELIA,ANTIOQUIA,245.341782336,245,celdas,5.699999809265137,5.122040748596191,4.800000190734863,14.970000267028809,808.839599609375,421.6000061035156,0.0,0.0,0.0,0.0653061224489796,0.0,0.0,0.0283474866300821,3934.0,4308.0,8242.0,10.291519165039062,49.02826690673828,59.319786071777344,233.63998480513692,1.5931978607177737,372.2347239696773,0,538,0,0,0,0,262,argelia,antioquia,nombre_repetido,True,0,0,0,0,,,,,,,1,
25168,CHAGUANÍ,CUNDINAMARCA,172.026722542,173,celdas,6.0,4.9803466796875,4.699999809265137,15.380000114440918,755.3889770507812,296.70001220703125,0.0115606936416184,0.0,0.0,0.1098265895953757,0.0,0.0,0.049664095044136,1304.0,3098.0,4402.0,6.007604598999023,61.36882019042969,67.37642478942871,218.62134638428688,1.6737642478942871,365.9205934045324,51,483,0,0,0,0,263,chaguani,cundinamarca,unico,False,0,0,0,0,,,,,,,1,
05660,SAN LUIS,ANTIOQUIA,516.175335233,514,celdas,5.599999904632568,4.985991954803467,4.599999904632568,11.56999969482422,655.3470458984375,333.8999938964844,0.0,0.0,0.0,0.0291828793774319,0.0,0.0,0.0171881970018148,8836.0,5757.0,14593.0,7.896160125732422,36.18172073364258,44.077880859375,250.827358847484,1.44077880859375,361.386743242995,0,426,0,0,0,0,264,san luis,antioquia,palabra_riesgosa,True,0,0,0,0,,,,,,,1,
05059,ARMENIA,ANTIOQUIA,110.434975069,111,celdas,5.800000190734863,5.196396350860596,5.0,14.43000030517578,771.2395629882812,480.5,0.0,0.0,0.0,0.0990990990990991,0.0,0.0,0.0458229482173919,1927.0,3365.0,5292.0,2.916930913925171,45.022193908691406,47.93912482261658,242.4950419664383,1.4793912482261655,358.7450428233856,0,524,0,0,0,0,265,armenia,antioquia,nombre_repetido,True,0,0,0,0,,,,,,,1,
41132,CAMPOALEGRE,HUILA,462.799337831,464,celdas,5.5,4.584051609039307,4.0,8.402000427246094,588.21142578125,229.6000061035156,0.0,0.0,0.0,0.0064655172413793,0.0,0.0,0.0078001520596444,24372.0,7598.0,31970.0,6.094514846801758,36.7369384765625,42.83145332336426,249.3708613468334,1.4283145332336429,356.1800254266738,0,207,0,0,0,0,266,campoalegre,huila,unico,False,0,0,0,0,,,,,,,1,
19137,CALDONO,CAUCA,354.738653348,353,celdas,5.400000095367432,4.7943339347839355,4.300000190734863,9.368000030517578,612.1747436523438,309.5,0.0,0.0,0.0,0.0,0.0,0.0,0.0048638517037034,1751.0,43380.0,45131.0,10.77669906616211,51.009708404541016,61.786407470703125,219.5104912398383,1.6178640747070312,355.13813779822686,0,0,0,0,0,0,267,caldono,cauca,unico,False,0,0,0,0,,,,,,,1,
05313,GRANADA,ANTIOQUIA,190.225121307,192,celdas,5.699999809265137,5.0255208015441895,4.599999904632568,12.239999771118164,648.0521240234375,336.0,0.0,0.0,0.0,0.046875,0.0,0.0,0.0245562884956598,5873.0,4629.0,10502.0,2.2967100143432617,34.916202545166016,37.21291255950928,257.8901417814195,1.3721291255950927,353.85857474213367,0,492,0,0,0,0,268,granada,antioquia,nombre_repetido,True,0,0,0,0,,,,,,,1,
05197,COCORNÁ,ANTIOQUIA,241.142177437,243,celdas,5.599999904632568,5.004115104675293,4.699999809265137,12.270000457763672,736.0020751953125,416.8999938964844,0.0,0.0,0.0,0.0164609053497942,0.0,0.0,0.0142546147108078,7397.0,8702.0,16099.0,4.34782600402832,47.33646774291992,51.68429374694824,229.4850422292948,1.5168429374694825,348.09276556039174,0,265,0,0,0,0,269,cocorna,antioquia,unico,False,0,0,0,0,,,,,,,1,
05652,SAN FRANCISCO,ANTIOQUIA,357.00930233,362,celdas,5.800000190734863,5.0872931480407715,4.699999809265137,13.520000457763672,677.934326171875,313.79998779296875,0.0,0.0,0.0,0.0911602209944751,0.0,0.0,0.0358169227838516,2820.0,3269.0,6089.0,16.391639709472656,35.8085823059082,52.20022201538086,218.08924283087256,1.5220022201538086,331.9323117802511,0,555,0,0,0,0,270,san francisco,antioquia,palabra_riesgosa,True,0,0,0,0,,,,,,,1,
19809,TIMBIQUÍ,CAUCA,2057.7061934,2055,celdas,5.400000095367432,4.740242958068848,3.900000095367432,8.008999824523926,455.1220703125,211.3999938964844,0.0,0.0,0.0,0.0,0.0,0.0,0.0048950496129691,6800.0,23135.0,29935.0,80.99293518066406,15.870378494262695,96.86331367492676,146.5333101642318,1.9686331367492675,288.470330026865,0,0,0,0,0,0,271,timbiqui,cauca,unico,False,0,0,0,0,,,,,,,1,
05237,DONMATÍAS,ANTIOQUIA,203.320803593,202,celdas,5.5,4.851485252380371,4.300000190734863,9.675000190734863,612.64404296875,327.0,0.0,0.0,0.0,0.0148514851485148,0.0,0.0,0.0115298358723521,13085.0,6764.0,19849.0,0.7204916477203369,23.903369903564453,24.62386155128479,228.8557122303173,1.246238615512848,285.2088259621174,0,295,0,0,0,0,272,donmatias,antioquia,unico,False,0,0,0,0,,,,,,,1,
25483,NARIÑO,CUNDINAMARCA,55.1626269067,53,celdas,5.900000095367432,5.254716396331787,4.900000095367432,14.93000030517578,652.6303100585938,362.1000061035156,0.0,0.0,0.0,0.1698113207547169,0.0,0.0,0.0789281204342842,1846.0,646.0,2492.0,3.720930337905884,40.69767379760742,44.418604135513306,196.68887612223625,1.444186041355133,284.0553293855625,0,423,0,0,0,0,273,narino,cundinamarca,palabra_riesgosa,True,0,0,0,0,,,,,,,1,
25599,APULO,CUNDINAMARCA,121.983485101,125,celdas,5.599999904632568,5.0447998046875,4.699999809265137,11.420000076293944,643.558349609375,333.70001220703125,0.0,0.0,0.0,0.024,0.0,0.0,0.0187848825007677,4215.0,4474.0,8689.0,12.5391845703125,40.19505310058594,52.73423767089844,163.2218440491706,1.5273423767089844,249.29563922088343,0,209,0,0,0,0,274,apulo,cundinamarca,unico,False,0,0,0,0,,,,,,,1,
73226,CUNDAY,TOLIMA,507.516484933,517,celdas,5.699999809265137,4.943907260894775,4.5,12.40999984741211,667.76171875,315.29998779296875,0.0,0.0,0.0,0.0193423597678916,0.0,0.0,0.0148130226880311,2608.0,6468.0,9076.0,11.991729736328123,58.27015686035156,70.26188659667969,134.44299391657114,1.702618865966797,228.90517783941337,0,176,0,0,0,0,275,cunday,tolima,unico,False,0,0,0,0,,,,,,,1,
05044,ANZÁ,ANTIOQUIA,255.923313888,259,celdas,5.599999904632568,5.033590793609619,4.800000190734863,12.81999969482422,783.8640747070312,497.7000122070313,0.0,0.0,0.0,0.0347490347490347,0.0,0.0,0.0172963757067918,1663.0,6074.0,7737.0,3.738759994506836,62.375770568847656,66.11453056335449,133.82205884344876,1.661145305633545,222.29788483801093,0,269,0,0,0,0,276,anza,antioquia,corto,True,0,0,0,0,,,,,,,1,
25175,CHÍA,CUNDINAMARCA,80.478078763,80,celdas,5.199999809265137,4.358750343322754,3.5999999046325684,7.61899995803833,501.9812622070313,200.1999969482422,0.0,0.0,0.0,0.0,0.0,0.0,0.0009734818595461,139448.0,38102.0,177550.0,4.224157810211182,19.873939514160156,24.098097324371334,172.84170416241977,1.2409809732437134,214.49326624858168,0,0,0,0,0,0,277,chia,cundinamarca,corto,True,2,2,2,0,,,,,,,1,
25745,SIMIJACA,CUNDINAMARCA,96.7155454997,95,celdas,5.400000095367432,4.577894687652588,4.0,7.117000102996826,512.9452514648438,190.1000061035156,0.0,0.0,0.0,0.0,0.0,0.0,0.0102411545813083,9597.0,5083.0,14680.0,3.500255584716797,24.57843589782715,28.078691482543945,150.3401492536068,1.2807869148254394,192.55369593692313,0,0,0,0,0,0,278,simijaca,cundinamarca,unico,False,0,0,0,0,,,,,,,1,
05887,YARUMAL,ANTIOQUIA,712.572036922,721,celdas,5.5,4.47128963470459,4.0,9.006999969482422,653.8197021484375,267.1000061035156,0.0,0.0,0.0,0.0041608876560332,0.0,0.0,0.0032941696699708,30156.0,11697.0,41853.0,3.149467706680298,34.20427703857422,37.35374474525452,137.87088319729082,1.3735374474525452,189.37082098483484,0,174,0,0,0,0,279,yarumal,antioquia,unico,False,0,0,0,0,,,,,,,1,
25099,BOJACÁ,CUNDINAMARCA,102.319881311,103,celdas,5.599999904632568,4.8194169998168945,4.300000190734863,9.972999572753906,585.0951538085938,240.5,0.0,0.0,0.0,0.0485436893203883,0.0,0.0,0.0132169350981712,9176.0,1843.0,11019.0,3.766104936599731,19.259992599487305,23.026097536087036,145.63740784674883,1.2302609753608704,179.1720194265701,0,535,0,0,0,0,280,bojaca,cundinamarca,unico,False,0,0,0,0,,,,,,,1,
25885,YACOPÍ,CUNDINAMARCA,956.783274603,964,celdas,5.699999809265137,4.673755168914795,4.099999904632568,10.630000114440918,674.736328125,251.3999938964844,0.0,0.0,0.0,0.0197095435684647,0.0,0.0,0.0093785794451832,3433.0,7346.0,10779.0,48.68123626708984,27.229339599609375,75.91057586669922,101.09170783963054,1.7591057586669925,177.83100541417522,0,212,0,0,0,0,281,yacopi,cundinamarca,unico,False,0,0,0,0,,,,,,,1,
05021,ALEJANDRÍA,ANTIOQUIA,128.932153101,131,celdas,5.800000190734863,4.99770975112915,4.5,11.31999969482422,540.4641723632812,244.3000030517578,0.0,0.0,0.0,0.0305343511450381,0.0,0.0,0.0240624081343412,3022.0,2325.0,5347.0,4.552022933959961,32.7312126159668,37.28323554992676,128.6616962943226,1.3728323554992676,176.6309395862663,0,163,0,0,0,0,282,alejandria,antioquia,unico,False,0,0,0,0,,,,,,,1,
05480,MUTATÁ,ANTIOQUIA,1074.94731284,1089,celdas,5.400000095367432,4.529476165771484,3.900000095367432,7.234000205993652,562.7149658203125,189.1000061035156,0.0,0.0,0.0,0.0,0.0,0.0,0.0074238809756934,5451.0,8266.0,13717.0,48.88037872314453,22.746023178100582,71.62640190124512,101.83337534358724,1.7162640190124512,174.7729580367885,0,0,0,0,0,0,283,mutata,antioquia,unico,False,1,1,1,0,,,,,,,1,
05240,EBÉJICO,ANTIOQUIA,237.743451478,232,celdas,5.599999904632568,4.932758331298828,4.699999809265137,11.960000038146973,772.3120727539062,445.3999938964844,0.0,0.0,0.0,0.0129310344827586,0.0,0.0,0.0085391933098435,2762.0,9809.0,12571.0,1.6980146169662476,50.417972564697266,52.11598718166351,107.34619909804314,1.5211598718166353,163.2907304599823,0,163,0,0,0,0,284,ebejico,antioquia,unico,False,0,0,0,0,,,,,,,1,
05649,SAN CARLOS,ANTIOQUIA,716.919034098,725,celdas,5.5,4.897241592407227,4.300000190734863,10.539999961853027,615.158203125,328.20001220703125,0.0,0.0,0.0,0.0027586206896551,0.0,0.0,0.0069770063273608,7985.0,8976.0,16961.0,4.8995680809021,30.82410430908203,35.72367238998413,118.33700431836768,1.3572367238998413,160.61132805718273,0,47,0,0,0,0,285,san carlos,antioquia,palabra_riesgosa,True,0,0,0,0,,,,,,,1,
25368,JERUSALÉN,CUNDINAMARCA,221.860181964,226,celdas,5.699999809265137,5.102212905883789,4.699999809265137,13.420000076293944,695.7513427734375,380.3999938964844,0.0,0.0,0.0,0.1106194690265486,0.0,0.0,0.043045524507761,886.0,1229.0,2115.0,7.645259857177734,67.9918441772461,75.63710403442383,91.04128433391452,1.7563710403442383,159.90227527983305,0,234,0,0,0,0,286,jerusalen,cundinamarca,unico,False,0,0,0,0,,,,,,,1,
25386,LA MESA,CUNDINAMARCA,148.198807976,145,celdas,5.400000095367432,4.825516700744629,4.400000095367432,10.579999923706056,688.8421020507812,433.2000122070313,0.0,0.0,0.0,0.0,0.0,0.0,0.0031092772260308,22548.0,15528.0,38076.0,5.706954479217529,26.20775032043457,31.9147047996521,118.38883965834977,1.319147047996521,156.17228835104552,0,0,0,0,0,0,287,la mesa,cundinamarca,palabra_riesgosa,True,0,0,0,0,,,,,,,1,
25878,VIOTÁ,CUNDINAMARCA,201.329286598,206,celdas,5.400000095367432,4.752912521362305,4.400000095367432,10.729999542236328,742.0950927734375,428.5,0.0,0.0,0.0,0.0,0.0,0.0,0.0073501043953001,5292.0,8204.0,13496.0,20.313825607299805,34.90245819091797,55.21628379821777,99.19700891897082,1.5521628379821777,153.96991088301314,0,0,0,0,0,0,288,viota,cundinamarca,unico,False,0,0,0,0,,,,,,,1,
05172,CHIGORODÓ,ANTIOQUIA,721.682645254,723,celdas,5.300000190734863,4.67883825302124,3.799999952316284,6.440000057220459,380.0864562988281,183.6999969482422,0.0,0.0,0.0,0.0,0.0,0.0,0.0018201571656391,47673.0,8991.0,56664.0,14.269344329833984,27.50135612487793,41.770700454711914,103.1373856337741,1.4177070045471192,146.21859404367896,0,0,0,0,0,0,289,chigorodo,antioquia,unico,False,0,0,0,0,,,,,,,1,
41615,RIVERA,HUILA,251.230551189,251,celdas,5.400000095367432,4.52151346206665,4.099999904632568,8.555000305175781,646.4282836914062,262.0,0.0,0.0,0.0,0.0,0.0,0.0,0.0032104616984725,14137.0,15407.0,29544.0,3.609625577926636,44.830657958984375,48.44028353691101,94.84988041967154,1.48440283536911,140.79543142938147,0,0,0,0,0,0,290,rivera,huila,palabra_riesgosa,True,0,0,0,0,,,,,,,1,
05206,CONCEPCIÓN,ANTIOQUIA,202.054485681,204,celdas,5.699999809265137,4.977450847625732,4.5,10.75,564.4088134765625,286.29998779296875,0.0,0.0,0.0,0.0294117647058823,0.0,0.0,0.0168152172118425,2251.0,2885.0,5136.0,2.136752128601074,50.99715042114258,53.13390254974365,86.36295560002327,1.5313390254974366,132.25096426761803,0,151,0,0,0,0,291,concepcion,antioquia,unico,False,0,0,0,0,,,,,,,1,
05308,GIRARDOTA,ANTIOQUIA,82.8591234925,82,celdas,5.300000190734863,4.621951103210449,4.400000095367432,8.963000297546387,769.7633666992188,396.3999938964844,0.0,0.0,0.0,0.0,0.0,0.0,0.0015361650148406,34131.0,28007.0,62138.0,1.2777053117752075,31.32333755493164,32.60104286670685,95.45422169216909,1.3260104286670684,126.57329342411452,0,0,0,0,0,0,292,girardota,antioquia,unico,False,0,0,0,0,,,,,,,1,
05347,HELICONIA,ANTIOQUIA,114.884755495,119,celdas,5.5,5.039495944976807,4.800000190734863,10.90999984741211,800.1721801757812,533.0999755859375,0.0,0.0,0.0,0.0336134453781512,0.0,0.0,0.0156720299273729,2262.0,2699.0,4961.0,1.7964072227478027,56.646705627441406,58.44311285018921,77.74894046969712,1.5844311285018922,123.18784148822864,0,167,0,0,0,0,293,heliconia,antioquia,unico,False,0,0,0,0,,,,,,,1,
25580,PULÍ,CUNDINAMARCA,197.687884572,199,celdas,5.599999904632568,5.049246311187744,4.699999809265137,13.050000190734863,731.3798828125,447.0,0.0,0.0,0.0,0.0251256281407035,0.0,0.0,0.018943278118968,1043.0,2688.0,3731.0,4.4715447425842285,67.78455352783203,72.25609827041626,70.67737066186965,1.7225609827041626,121.74608106225652,0,94,0,0,0,0,294,puli,cundinamarca,corto,True,0,0,0,0,,,,,,,1,
19780,SUÁREZ,CAUCA,392.385708763,394,celdas,5.400000095367432,4.685025215148926,4.300000190734863,9.72700023651123,724.7693481445312,351.20001220703125,0.0,0.0,0.0,0.0,0.0,0.0,0.0016073478618636,6828.0,31696.0,38524.0,23.543750762939453,53.040802001953125,76.58455276489258,61.92146903043613,1.7658455276489258,109.3437491528471,0,0,0,0,0,0,295,suarez,cauca,nombre_repetido,True,0,0,0,0,,,,,,,1,
05667,SAN RAFAEL,ANTIOQUIA,363.92865832,366,celdas,5.5,4.796448230743408,4.400000095367432,10.229999542236328,646.6773681640625,312.1000061035156,0.0,0.0,0.0,0.0054644808743169,0.0,0.0,0.0041009271517395,9133.0,8439.0,17572.0,3.1257078647613525,45.68516540527344,48.81087327003479,72.0614919103682,1.488108732700348,107.2353354032344,0,96,0,0,0,0,296,san rafael,antioquia,palabra_riesgosa,True,0,0,0,0,,,,,,,1,
05690,SANTO DOMINGO,ANTIOQUIA,265.998683296,273,celdas,5.400000095367432,4.756410121917725,4.300000190734863,9.305999755859377,638.10986328125,321.20001220703125,0.0,0.0,0.0,0.0,0.0,0.0,0.0042845215648412,3461.0,10107.0,13568.0,1.932367205619812,72.04106140136719,73.973428606987,58.13238859176636,1.73973428606987,101.1349095642329,0,0,0,0,0,0,297,santo domingo,antioquia,unico,False,5,1,5,0,,,,,,,1,
73555,PLANADAS,TOLIMA,1754.10123245,1755,celdas,5.599999904632568,4.779031276702881,4.400000095367432,11.880000114440918,763.8629760742188,390.6000061035156,0.0,0.0,0.0,0.0022792022792022,0.0,0.0,0.0020712334662675,7888.0,19569.0,27457.0,34.013607025146484,43.07862854003906,77.09223556518555,56.8698572833091,1.7709223556518556,100.7121016257426,0,63,0,0,0,0,298,planadas,tolima,unico,False,0,0,0,0,,,,,,,1,
73352,ICONONZO,TOLIMA,215.181855082,215,celdas,5.699999809265137,4.719069480895996,4.5,11.449999809265137,755.2981567382812,300.79998779296875,0.0,0.0,0.0,0.0093023255813953,0.0,0.0,0.0051170424558222,3867.0,8656.0,12523.0,12.696264266967772,42.23064422607422,54.92690849304199,64.08072267426178,1.5492690849304198,99.27828257923356,0,116,0,0,0,0,299,icononzo,tolima,unico,False,0,0,0,0,,,,,,,1,
25843,VILLA DE SAN DIEGO DE UBATÉ,CUNDINAMARCA,102.276880284,105,celdas,5.199999809265137,4.496190547943115,4.0,6.808000087738037,537.3085327148438,235.1000061035156,0.0,0.0,0.0,0.0,0.0,0.0,0.0014636184787377,38660.0,9927.0,48587.0,2.5101213455200195,22.105262756347656,24.615384101867676,71.1128310264321,1.2461538410186768,88.6175275293005,0,0,0,0,0,0,300,villa de san diego de ubate,cundinamarca,unico,False,0,0,0,0,,,,,,,1,
25875,VILLETA,CUNDINAMARCA,140.88722611,142,celdas,5.300000190734863,4.828168869018555,4.5,10.479999542236328,711.1626586914062,453.2000122070313,0.0,0.0,0.0,0.0,0.0,0.0,0.0022265387233346,21584.0,8103.0,29687.0,6.435801982879639,26.094831466674805,32.53063344955444,66.09925507963635,1.3253063344955445,87.60176146247885,0,0,0,0,0,0,301,villeta,cundinamarca,unico,False,0,0,0,0,,,,,,,1,
05670,SAN ROQUE,ANTIOQUIA,424.854897622,429,celdas,5.300000190734863,4.8449883460998535,4.199999809265137,8.539999961853027,543.5419311523438,328.79998779296875,0.0,0.0,0.0,0.0,0.0,0.0,0.0019980513025075,8391.0,16464.0,24855.0,5.876639366149902,57.082725524902344,62.959364891052246,49.6615651238244,1.6295936489105225,80.92817112074056,0,0,0,0,0,0,302,san roque,antioquia,unico,False,0,0,0,0,,,,,,,1,
05086,BELMIRA,ANTIOQUIA,296.153167005,301,celdas,5.599999904632568,4.862126350402832,4.400000095367432,9.82900047302246,609.8245239257812,257.1000061035156,0.0,0.0,0.0,0.0033222591362126,0.0,0.0,0.0076357191428542,1827.0,4321.0,6148.0,3.9667305946350098,60.07677459716797,64.04350519180298,46.944401290267706,1.6404350519180295,77.00924136786112,0,20,0,0,0,0,303,belmira,antioquia,unico,False,0,0,0,0,,,,,,,1,
19821,TORIBÍO,CAUCA,492.155208797,492,celdas,5.300000190734863,4.669309139251709,4.400000095367432,9.829999923706056,797.8221435546875,408.2000122070313,0.0,0.0,0.0,0.0,0.0,0.0,0.0011125771561637,2185.0,38303.0,40488.0,18.38169288635254,51.24140167236328,69.62309455871582,45.046023898757994,1.6962309455871585,76.408459712732,0,0,0,0,0,0,304,toribio,cauca,unico,False,0,0,0,0,,,,,,,1,
19807,TIMBÍO,CAUCA,201.319930171,196,celdas,5.300000190734863,4.64642858505249,4.0,7.063000202178955,460.3218994140625,226.5,0.0,0.0,0.0,0.0,0.0,0.0,0.0012764949351549,15712.0,23822.0,39534.0,16.35555648803711,26.524444580078125,42.880001068115234,50.4649507664144,1.4288000106811525,72.10432219407673,0,0,0,0,0,0,305,timbio,cauca,unico,False,0,0,0,0,,,,,,,1,
05501,OLAYA,ANTIOQUIA,86.986191867,86,celdas,5.599999904632568,4.6697678565979,4.400000095367432,10.800000190734863,788.8756103515625,346.70001220703125,0.0,0.0,0.0,0.0232558139534883,0.0,0.0,0.0122138373553752,397.0,3099.0,3496.0,4.378818511962891,59.87779998779297,64.25661849975586,42.69957539439201,1.6425661849975586,70.13687865658211,0,81,0,0,0,0,306,olaya,antioquia,unico,False,3,3,3,0,,,,,,,1,
05890,YOLOMBÓ,ANTIOQUIA,943.972082361,945,celdas,5.400000095367432,4.721164226531982,4.099999904632568,8.717000007629395,534.1056518554688,293.3999938964844,0.0,0.0,0.0,0.0,0.0,0.0,0.001413759891875,8119.0,17117.0,25236.0,7.450856208801269,66.04312133789062,73.4939775466919,35.677644631359726,1.734939775466919,61.898564765919765,0,0,0,0,0,0,307,yolombo,antioquia,unico,False,0,0,0,0,,,,,,,1,
73873,VILLARRICA,TOLIMA,430.463012345,432,celdas,5.699999809265137,4.696990966796875,4.400000095367432,11.729999542236328,737.6769409179688,279.29998779296875,0.0,0.0,0.0,0.0208333333333333,0.0,0.0,0.007225221954286,2049.0,3241.0,5290.0,18.153364181518555,42.305686950683594,60.45905113220215,38.22142413817346,1.6045905113220216,61.329734501327614,0,110,0,0,0,0,308,villarrica,tolima,unico,False,0,0,0,0,,,,,,,1,
41078,BARAYA,HUILA,786.002024772,784,celdas,5.5,4.533035755157471,4.099999904632568,9.82900047302246,697.116455078125,288.20001220703125,0.0,0.0,0.0,0.0025510204081632,0.0,0.0,0.0046585705131292,3849.0,4288.0,8137.0,7.377418041229248,47.008548736572266,54.385966777801514,37.90678826533258,1.543859667778015,58.52276153784791,0,21,0,0,0,0,309,baraya,huila,unico,False,0,0,0,0,,,,,,,1,
05234,DABEIBA,ANTIOQUIA,1957.26270789,1971,celdas,5.400000095367432,4.4502787590026855,4.099999904632568,9.70699977874756,732.603759765625,295.5,0.0,0.0,0.0,0.0,0.0,0.0,0.0013841679319739,10272.0,14665.0,24937.0,30.176916122436523,33.5804557800293,63.75737190246582,34.516995719634,1.6375737190246582,56.52412505015925,0,0,0,0,0,0,310,dabeiba,antioquia,unico,False,2,1,2,0,,,,,,,1,
25290,FUSAGASUGÁ,CUNDINAMARCA,193.950736935,194,celdas,5.199999809265137,4.695361137390137,4.300000190734863,9.246999740600586,693.1350708007812,446.1000061035156,0.0,0.0,0.0,0.0,0.0,0.0,0.0002929266775026,141800.0,21044.0,162844.0,1.82633376121521,15.538233757019045,17.364567518234253,47.701351871248335,1.1736456751823423,55.98448532404175,0,0,0,0,0,0,311,fusagasuga,cundinamarca,unico,False,1,1,1,0,,,,,,,1,
05658,SAN JOSÉ DE LA MONTAÑA,ANTIOQUIA,126.073583781,125,celdas,5.400000095367432,4.817600250244141,4.199999809265137,8.916999816894531,567.9567260742188,316.6000061035156,0.0,0.0,0.0,0.0,0.0,0.0,0.0095600541681051,2643.0,1427.0,4070.0,2.0746889114379883,41.39004135131836,43.46473026275635,38.90942046418786,1.4346473026275637,55.82129511574883,0,0,0,0,0,0,312,san jose de la montana,antioquia,unico,False,0,0,0,0,,,,,,,1,
05656,SAN JERÓNIMO,ANTIOQUIA,161.265719985,160,celdas,5.400000095367432,4.695000171661377,4.5,9.659000396728516,808.8536987304688,415.2000122070313,0.0,0.0,0.0,0.0,0.0,0.0,0.0020502619445323,8640.0,10117.0,18757.0,2.128654956817627,41.70760345458984,43.83625841140747,38.45676329359412,1.4383625841140746,55.31476942763733,0,0,0,0,0,0,313,san jeronimo,antioquia,unico,False,0,0,0,0,,,,,,,1,
15676,SAN MIGUEL DE SEMA,BOYACÁ,93.9980690515,95,celdas,5.400000095367432,4.664210796356201,4.099999904632568,7.014999866485596,419.6788940429687,189.8000030517578,0.0,0.0,0.0,0.0,0.0,0.0,0.010093905031681,521.0,2560.0,3081.0,4.939516067504883,63.407257080078125,68.34677314758301,31.09932140260935,1.68346773147583,52.354704052088486,0,0,0,0,0,0,314,san miguel de sema,boyaca,unico,False,0,0,0,0,,,,,,,0,
25596,QUIPILE,CUNDINAMARCA,127.71713494,130,celdas,5.400000095367432,4.863077163696289,4.599999904632568,10.720000267028809,745.555419921875,452.6000061035156,0.0,0.0,0.0,0.0,0.0,0.0,0.0051600779406726,987.0,4574.0,5561.0,10.662824630737305,61.753807067871094,72.4166316986084,28.69519342808053,1.724166316986084,49.47528596809688,0,0,0,0,0,0,315,quipile,cundinamarca,unico,False,0,0,0,0,,,,,,,1,
05310,GÓMEZ PLATA,ANTIOQUIA,332.204628468,336,celdas,5.5,4.6160712242126465,4.099999904632568,8.843000411987305,635.7532348632812,246.1999969482422,0.0,0.0,0.0,0.0029761904761904,0.0,0.0,0.0030576500575989,5649.0,4771.0,10420.0,2.5409562587738037,43.56402587890625,46.104982137680054,31.860713600181043,1.4610498213768006,46.55008991448192,0,31,0,0,0,0,316,gomez plata,antioquia,unico,False,0,0,0,0,,,,,,,1,
25486,NEMOCÓN,CUNDINAMARCA,98.3813517497,98,celdas,5.199999809265137,4.505102157592773,3.900000095367432,7.540999889373779,510.7887878417969,226.0,0.0,0.0,0.0,0.0,0.0,0.0,0.0021157700102776,8253.0,6805.0,15058.0,3.9525692462921143,37.37648391723633,41.32905316352844,31.859264814760536,1.4132905316352844,45.02639730756223,0,0,0,0,0,0,317,nemocon,cundinamarca,unico,False,0,0,0,0,,,,,,,1,
25295,GACHANCIPÁ,CUNDINAMARCA,42.9244211944,44,celdas,5.300000190734863,4.397727012634277,3.900000095367432,7.432000160217285,555.29541015625,210.3999938964844,0.0,0.0,0.0,0.0,0.0,0.0,0.0015515621053054,15981.0,5849.0,21830.0,3.499351978302002,20.736900329589844,24.23625230789185,33.87060075881891,1.2423625230789184,42.07956501692499,0,0,0,0,0,0,318,gachancipa,cundinamarca,unico,False,0,0,0,0,,,,,,,1,
25851,ÚTICA,CUNDINAMARCA,92.084321732,95,celdas,5.400000095367432,4.9178948402404785,4.5,10.649999618530272,644.2084350585938,389.6000061035156,0.0,0.0,0.0,0.0,0.0,0.0,0.0059381863102316,2706.0,1638.0,4344.0,10.254854202270508,48.36165237426758,58.616506576538086,25.79548133164644,1.586165065765381,40.91589134286064,0,0,0,0,0,0,319,utica,cundinamarca,unico,False,0,0,0,0,,,,,,,1,
05150,CAROLINA,ANTIOQUIA,149.580818108,148,celdas,5.400000095367432,4.757432460784912,4.199999809265137,8.612000465393066,561.3013916015625,288.20001220703125,0.0,0.0,0.0,0.0,0.0,0.0,0.0051699522882699,2993.0,939.0,3932.0,2.0046260356903076,26.831148147583008,28.835774183273315,20.328252397477627,1.2883577418327332,26.19006135422012,0,0,0,0,0,0,320,carolina,antioquia,unico,False,24,14,24,0,,,,,,,1,
41885,YAGUARÁ,HUILA,332.915376491,334,celdas,5.400000095367432,4.703293323516846,4.099999904632568,8.081999778747559,517.8296508789062,248.6999969482422,0.0,0.0,0.0,0.0,0.0,0.0,0.002365960041061,6736.0,1338.0,8074.0,1.962457299232483,23.549488067626953,25.511945366859436,19.102761371526867,1.2551194536685943,23.97624741619233,0,0,0,0,0,0,321,yaguara,huila,unico,False,0,0,0,0,,,,,,,1,
05125,CAICEDO,ANTIOQUIA,200.129882946,204,celdas,5.300000190734863,4.888725280761719,4.699999809265137,10.720000267028809,811.3921508789062,553.2999877929688,0.0,0.0,0.0,0.0,0.0,0.0,0.0014888994628563,2131.0,7003.0,9134.0,1.9163763523101809,69.77352142333984,71.68989777565002,13.599607693729922,1.7168989777565002,23.349152547254334,0,0,0,0,0,0,322,caicedo,antioquia,unico,False,24,10,22,2,,,,,,,1,
05142,CARACOLÍ,ANTIOQUIA,262.798775634,260,celdas,5.5,4.886153697967529,4.199999809265137,9.041000366210938,503.6761474609375,267.20001220703125,0.0,0.0,0.0,0.0038461538461538,0.0,0.0,0.003195434808731,2771.0,1711.0,4482.0,9.133333206176758,52.33333206176758,61.466665267944336,14.321938812732697,1.614666652679443,23.125157002634904,0,17,0,0,0,0,323,caracoli,antioquia,unico,False,0,0,0,0,,,,,,,1,
52250,EL CHARCO,NARIÑO,2490.59691024,2481,celdas,5.199999809265137,4.276501178741455,3.700000047683716,5.546000003814697,509.2968444824219,180.0,0.0,0.0,0.0,0.0,0.0,0.0,0.0005157853593118,7530.0,14973.0,22503.0,85.50699615478516,13.12937068939209,98.63636684417725,11.606717940594535,1.9863636684417725,23.055162827048296,0,0,0,0,0,0,324,el charco,narino,palabra_riesgosa,True,0,0,0,0,,,,,,,0,
25317,GUACHETÁ,CUNDINAMARCA,170.173303581,173,celdas,5.300000190734863,4.354335308074951,3.900000095367432,6.714000225067139,547.3017578125,202.8000030517578,0.0,0.0,0.0,0.0,0.0,0.0,0.001098190085031,7757.0,7349.0,15106.0,2.6272189617156982,33.75148010253906,36.37869906425476,16.58925942447968,1.3637869906425475,22.624216187499663,0,0,0,0,0,0,325,guacheta,cundinamarca,unico,False,0,0,0,0,,,,,,,1,
19256,EL TAMBO,CAUCA,2739.59890644,2746,celdas,5.300000190734863,4.24552059173584,3.900000095367432,7.234000205993652,730.8097534179688,242.3999938964844,0.0,0.0,0.0,0.0,0.0,0.0,0.0002238060696981,2546.0,56009.0,58555.0,27.570873260498047,42.873023986816406,70.44389724731445,13.104964411177209,1.7044389724731446,22.336612075284005,0,0,0,0,0,0,326,el tambo,cauca,palabra_riesgosa,True,0,0,0,0,,,,,,,1,
05893,YONDÓ,ANTIOQUIA,1894.98115974,1912,celdas,5.400000095367432,4.814383029937744,4.0,6.885000228881836,268.08831787109375,191.1999969482422,0.0,0.0,0.0,0.0,0.0,0.0,0.0005883708945475,11856.0,10573.0,22429.0,37.81805038452149,24.10763359069824,61.92568397521973,13.19657079380704,1.6192568397521971,21.368637519146137,0,0,0,0,0,0,327,yondo,antioquia,unico,False,0,0,0,0,,,,,,,1,
25123,CACHIPAY,CUNDINAMARCA,53.4526155412,54,celdas,5.300000190734863,4.799999713897705,4.400000095367432,9.946000099182127,696.5352172851562,468.1000061035156,0.0,0.0,0.0,0.0,0.0,0.0,0.0015369437169283,4356.0,6010.0,10366.0,5.381165981292725,27.57847595214844,32.95964193344116,15.93195856967941,1.3295964193344116,21.183075067229936,0,0,0,0,0,0,328,cachipay,cundinamarca,unico,False,0,0,0,0,,,,,,,1,
25148,CAPARRAPÍ,CUNDINAMARCA,615.667597624,618,celdas,5.400000095367432,4.75032377243042,4.400000095367432,10.960000038146973,763.1543579101562,431.6000061035156,0.0,0.0,0.0,0.0,0.0,0.0,0.0010433100396767,3561.0,7528.0,11089.0,25.351089477539062,45.73849868774414,71.0895881652832,11.569265029975211,1.710895881652832,19.79380789353472,0,0,0,0,0,0,329,caparrapi,cundinamarca,unico,False,0,0,0,0,,,,,,,1,
05038,ANGOSTURA,ANTIOQUIA,338.502286519,343,celdas,5.300000190734863,4.6740522384643555,4.099999904632568,8.187000274658203,563.0183715820312,326.6000061035156,0.0,0.0,0.0,0.0,0.0,0.0,0.0008454847848042,3193.0,9365.0,12558.0,2.2919180393218994,67.4306411743164,69.7225592136383,10.617597927572206,1.697225592136383,18.02045892968977,0,0,0,0,0,0,330,angostura,antioquia,unico,False,0,0,0,0,,,,,,,1,
25377,LA CALERA,CUNDINAMARCA,326.57265076,325,celdas,5.300000190734863,4.429845809936523,4.0,6.0980000495910645,700.7086791992188,332.0,0.0,0.0,0.0,0.0,0.0,0.0,0.0002942893479485,18940.0,25434.0,44374.0,1.5511339902877808,26.8399658203125,28.39109981060028,13.058795525867026,1.2839109981060028,16.766331197678138,0,0,0,0,0,0,331,la calera,cundinamarca,palabra_riesgosa,True,0,0,0,0,,,,,,,1,
25328,GUAYABAL DE SÍQUIMA,CUNDINAMARCA,61.8734486407,60,celdas,5.300000190734863,4.825000286102295,4.5,10.3100004196167,713.1200561523438,451.7000122070313,0.0,0.0,0.0,0.0,0.0,0.0,0.0022048344835639,1600.0,3627.0,5227.0,6.286127090454102,33.16474151611328,39.45086860656738,11.524669845588503,1.394508686065674,16.07125220371232,0,0,0,0,0,0,332,guayabal de siquima,cundinamarca,unico,False,0,0,0,0,,,,,,,1,
25740,SIBATÉ,CUNDINAMARCA,122.132672606,124,celdas,5.199999809265137,4.658064842224121,4.199999809265137,7.941999912261963,619.4749755859375,349.70001220703125,0.0,0.0,0.0,0.0,0.0,0.0,0.0002972751972265,27027.0,13469.0,40496.0,2.449394464492798,24.882152557373047,27.331547021865845,12.038456386886535,1.2733154702186584,15.328752754975245,0,0,0,0,0,0,333,sibate,cundinamarca,unico,False,0,0,0,0,,,,,,,1,
19517,PÁEZ,CAUCA,1793.14388826,1792,celdas,5.300000190734863,4.4090399742126465,4.0,9.777999877929688,780.2778930664062,359.1000061035156,0.0,0.0,0.0,0.0,0.0,0.0,0.0001431459531886,2463.0,51820.0,54283.0,16.009571075439453,64.5396499633789,80.54922103881836,7.770391776939505,1.8054922103881836,14.029381824928672,0,0,0,0,0,0,334,paez,cauca,corto,True,0,0,0,0,,,,,,,1,
19318,GUAPI,CAUCA,2567.94927079,2560,celdas,5.199999809265137,4.477382659912109,3.799999952316284,6.329999923706055,445.573974609375,185.3999938964844,0.0,0.0,0.0,0.0,0.0,0.0,0.0002369157300563,14854.0,14912.0,29766.0,71.47876739501953,26.183929443359375,97.6626968383789,7.052033620857401,1.9766269683837892,13.93923983693592,0,0,0,0,0,0,335,guapi,cauca,unico,False,0,0,0,0,,,,,,,1,
73236,DOLORES,TOLIMA,651.950399544,646,celdas,5.400000095367432,4.7216715812683105,4.400000095367432,9.965999603271484,719.1463012695312,406.3999938964844,0.0,0.0,0.0,0.0,0.0,0.0,0.000928021443542,3590.0,5045.0,8635.0,5.5113091468811035,47.65848922729492,53.169798374176025,8.013465164985973,1.5316979837417604,12.274208435993849,0,0,0,0,0,0,336,dolores,tolima,unico,False,3,3,3,0,,,,,,,1,
25779,SUSA,CUNDINAMARCA,104.154571461,106,celdas,5.300000190734863,4.313207149505615,4.0,6.859000205993652,622.450927734375,213.8000030517578,0.0,0.0,0.0,0.0,0.0,0.0,0.001308845472522,2778.0,3823.0,6601.0,3.217568874359131,34.72931671142578,37.94688558578491,8.63968896411825,1.3794688558578492,11.918181850299888,0,0,0,0,0,0,337,susa,cundinamarca,corto,True,0,0,0,0,,,,,,,1,
05425,MACEO,ANTIOQUIA,455.645902282,459,celdas,5.300000190734863,4.776252746582031,4.099999904632568,7.820000171661377,483.39892578125,281.8999938964844,0.0,0.0,0.0,0.0,0.0,0.0,0.0007786514470353,3581.0,5321.0,8902.0,9.760878562927246,51.43081283569336,61.191691398620605,6.931555181508884,1.6119169139862062,11.173091037302898,0,0,0,0,0,0,338,maceo,antioquia,unico,False,0,0,0,0,,,,,,,1,
52696,SANTA BÁRBARA,NARIÑO,1224.57560616,1222,celdas,5.199999809265137,4.461702346801758,3.700000047683716,5.860000133514404,396.6343994140625,180.0,0.0,0.0,0.0,0.0,0.0,0.0,0.0003600564959924,3964.0,10393.0,14357.0,85.05494689941406,14.35897445678711,99.41392135620116,5.169331112963846,1.9941392135620115,10.308365880247363,0,0,0,0,0,0,339,santa barbara,narino,palabra_riesgosa,True,0,0,0,0,,,,,,,0,
15176,CHIQUINQUIRÁ,BOYACÁ,165.013670784,163,celdas,5.199999809265137,4.353987693786621,4.0,6.150000095367432,580.1736450195312,245.8000030517578,0.0,0.0,0.0,0.0,0.0,0.0,0.0001485462707933,51635.0,6695.0,58330.0,2.146185874938965,16.304880142211914,18.45106601715088,8.664703975373413,1.1845106601715087,10.26343422606026,0,0,0,0,0,0,340,chiquinquira,boyaca,unico,False,0,0,0,0,,,,,,,0,
23807,TIERRALTA,CÓRDOBA,4937.63144278,3139,celdas,5.199999809265137,4.246097564697266,3.799999952316284,5.7829999923706055,544.4349975585938,202.6000061035156,0.0,0.0,0.0,0.0,0.0,0.0,4.832617923966609e-05,46621.0,55766.0,102387.0,44.314151763916016,40.57875061035156,84.89290237426758,4.947972513811692,1.848929023742676,9.148449989467446,0,0,0,0,0,0,341,tierralta,cordoba,unico,False,0,0,0,0,,,,,,,0,
25736,SESQUILÉ,CUNDINAMARCA,141.190757855,142,celdas,5.199999809265137,4.293662071228027,3.900000095367432,6.951000213623047,600.860595703125,229.8000030517578,0.0,0.0,0.0,0.0,0.0,0.0,0.0004670041089411,4986.0,8088.0,13074.0,2.4120895862579346,42.83638381958008,45.24847340583801,6.10561172029702,1.4524847340583802,8.868307815819346,0,0,0,0,0,0,342,sesquile,cundinamarca,unico,False,0,0,0,0,,,,,,,1,
25398,LA PEÑA,CUNDINAMARCA,128.452388759,127,celdas,5.300000190734863,4.6968512535095215,4.400000095367432,9.734000205993652,727.8220825195312,444.5,0.0,0.0,0.0,0.0,0.0,0.0,0.0007694581872783,1511.0,4549.0,6060.0,13.98568058013916,65.0596694946289,79.04535007476807,4.662916614906862,1.7904535007476805,8.348735376854515,0,0,0,0,0,0,343,la pena,cundinamarca,palabra_riesgosa,True,0,0,0,0,,,,,,,1,
25095,BITUIMA,CUNDINAMARCA,61.0470760951,62,celdas,5.300000190734863,4.848386764526367,4.599999904632568,10.109999656677246,730.8355712890625,501.6000061035156,0.0,0.0,0.0,0.0,0.0,0.0,0.0021531966049224,621.0,1840.0,2461.0,5.543237209320068,42.35033416748047,47.89357137680054,5.29901684471406,1.4789357137680057,7.8369052595058735,0,0,0,0,0,0,344,bituima,cundinamarca,unico,False,0,0,0,0,,,,,,,1,
19824,TOTORÓ,CAUCA,404.479548798,401,celdas,5.199999809265137,4.528179168701172,4.099999904632568,7.267000198364258,585.2897338867188,305.70001220703125,0.0,0.0,0.0,0.0,0.0,0.0,0.0001444211811758,1089.0,26621.0,27710.0,28.27092933654785,53.80731964111328,82.07824897766113,4.001910930383019,1.8207824897766112,7.286609347687028,0,0,0,0,0,0,345,totoro,cauca,unico,False,0,0,0,0,,,,,,,1,
25394,LA PALMA,CUNDINAMARCA,190.790693303,194,celdas,5.300000190734863,4.763917922973633,4.400000095367432,9.37600040435791,679.70361328125,403.5,0.0,0.0,0.0,0.0,0.0,0.0,0.000476710149087,4899.0,4826.0,9725.0,13.02235221862793,43.01911163330078,56.04146385192871,4.63600619987119,1.560414638519287,7.234091938545176,0,0,0,0,0,0,346,la palma,cundinamarca,unico,False,0,0,0,0,,,,,,,1,
19743,SILVIA,CAUCA,680.991566503,680,celdas,5.199999809265137,4.574559211730957,4.099999904632568,7.974999904632568,637.8643798828125,324.3999938964844,0.0,0.0,0.0,0.0,0.0,0.0,0.0001114726401283,4076.0,36428.0,40504.0,10.011248588562012,48.73855209350586,58.74980068206787,4.5150878157583065,1.5874980068206788,7.167692908136644,0,0,0,0,0,0,347,silvia,cauca,unico,False,2,2,2,0,,,,,,,1,
25817,TOCANCIPÁ,CUNDINAMARCA,73.2401596597,72,celdas,5.099999904632568,4.454166889190674,3.900000095367432,7.6620001792907715,482.8319091796875,209.1000061035156,0.0,0.0,0.0,0.0,0.0,0.0,8.78408391145058e-05,23617.0,26970.0,50587.0,9.15612506866455,50.68651580810547,59.84264087677002,4.443604528285505,1.5984264087677,7.102774828131289,0,0,0,0,0,0,348,tocancipa,cundinamarca,unico,False,0,0,0,0,,,,,,,1,
52390,LA TOLA,NARIÑO,415.909047795,415,celdas,5.199999809265137,4.726024150848389,4.0,5.27400016784668,263.05975341796875,180.0,0.0,0.0,0.0,0.0,0.0,0.0,0.0004391167894937,3181.0,4782.0,7963.0,64.45466613769531,35.15111541748047,99.60578155517578,3.496686994738411,1.9960578155517577,6.979589404385793,0,0,0,0,0,0,349,la tola,narino,unico,False,0,0,0,0,,,,,,,0,
25258,EL PEÑÓN,CUNDINAMARCA,134.090998364,133,celdas,5.400000095367432,4.645112991333008,4.300000190734863,9.378999710083008,679.7149658203125,344.29998779296875,0.0,0.0,0.0,0.0,0.0,0.0,0.0008084021392278,970.0,3749.0,4719.0,14.85915470123291,67.74647521972656,82.60562992095947,3.814849695016164,1.8260562992095948,6.966130316122069,0,0,0,0,0,0,350,el penon,cundinamarca,nombre_repetido,True,0,0,0,0,,,,,,,1,
41349,HOBO,HUILA,194.233398087,191,celdas,5.300000190734863,4.427748203277588,4.0,7.5,608.71728515625,274.20001220703125,0.0,0.0,0.0,0.0,0.0,0.0,0.0004950729198753,6302.0,1873.0,8175.0,8.315098762512207,42.1444206237793,50.459519386291504,4.047221119981259,1.5045951938629152,6.089429445624288,0,0,0,0,0,0,351,hobo,huila,corto,True,0,0,0,0,,,,,,,1,
73024,ALPUJARRA,TOLIMA,501.5113202,503,celdas,5.400000095367432,4.661828994750977,4.300000190734863,9.413999557495115,727.1250610351562,368.7000122070313,0.0,0.0,0.0,0.0,0.0,0.0,0.0007902958313934,2309.0,2583.0,4892.0,2.6940345764160156,45.47787094116211,48.171905517578125,3.86612720717676,1.4817190551757813,5.7285143526073306,0,0,0,0,0,0,352,alpujarra,tolima,unico,False,0,0,0,0,,,,,,,1,
25867,VIANÍ,CUNDINAMARCA,67.1183769356,67,celdas,5.199999809265137,4.856716156005859,4.599999904632568,10.020000457763672,756.0476684570312,526.4000244140625,0.0,0.0,0.0,0.0,0.0,0.0,0.0007699754787608,1916.0,2760.0,4676.0,7.3287672996521,44.72602844238281,52.05479574203491,3.6004053386859596,1.520547957420349,5.474588983624256,0,0,0,0,0,0,353,viani,cundinamarca,unico,False,0,0,0,0,,,,,,,1,
41801,TERUEL,HUILA,471.734353681,471,celdas,5.400000095367432,4.511464595794678,4.099999904632568,9.90999984741211,738.0220947265625,333.70001220703125,0.0,0.0,0.0,0.0,0.0,0.0,0.0003709152515511,4408.0,3869.0,8277.0,4.421768665313721,46.47108840942383,50.89285707473755,3.070065537089249,1.5089285707473756,4.632509602980855,0,0,0,0,0,0,354,teruel,huila,unico,False,0,0,0,0,,,,,,,1,
05647,SAN ANDRÉS DE CUERQUÍA,ANTIOQUIA,206.856347019,206,celdas,5.199999809265137,4.378640651702881,4.099999904632568,7.913000106811523,769.9437866210938,349.20001220703125,0.0,0.0,0.0,0.0,0.0,0.0,0.0003780512197408,3162.0,4218.0,7380.0,6.6362714767456055,55.57244110107422,62.208712577819824,2.790018001687713,1.622087125778198,4.525652281227054,0,0,0,0,0,0,355,san andres de cuerquia,antioquia,unico,False,0,0,0,0,,,,,,,1,
25491,NOCAIMA,CUNDINAMARCA,68.9382330291,68,celdas,5.199999809265137,4.694118022918701,4.300000190734863,9.25100040435791,712.2691040039062,465.7999877929687,0.0,0.0,0.0,0.0,0.0,0.0,0.0005261324113234,2119.0,3380.0,5499.0,6.302729606628418,47.3945426940918,53.697272300720215,2.893202129867859,1.536972723007202,4.446772755753241,0,0,0,0,0,0,356,nocaima,cundinamarca,unico,False,0,0,0,0,,,,,,,1,
05079,BARBOSA,ANTIOQUIA,205.641781194,209,celdas,5.099999904632568,4.540191650390625,4.400000095367432,8.156000137329102,806.468017578125,466.0,0.0,0.0,0.0,0.0,0.0,0.0,4.539143628790043e-05,27477.0,36837.0,64314.0,1.872519850730896,45.107887268066406,46.9804071187973,2.9193048334200284,1.469804071187973,4.290806129199485,0,0,0,0,0,0,357,barbosa,antioquia,nombre_repetido,True,0,0,0,0,,,,,,,1,
25823,TOPAIPÍ,CUNDINAMARCA,143.710792311,144,celdas,5.300000190734863,4.776389122009277,4.300000190734863,9.03600025177002,591.3903198242188,398.0,0.0,0.0,0.0,0.0,0.0,0.0,0.0005180087755434,980.0,2955.0,3935.0,27.44027328491211,55.22184371948242,82.66211700439453,2.0383645317633636,1.8266211700439456,3.7233198059856742,0,0,0,0,0,0,358,topaipi,cundinamarca,unico,False,0,0,0,0,,,,,,,1,
25402,LA VEGA,CUNDINAMARCA,155.437581213,155,celdas,5.199999809265137,4.563225746154785,4.300000190734863,8.956999778747559,738.1973876953125,447.0,0.0,0.0,0.0,0.0,0.0,0.0,0.0001358114241156,8596.0,10730.0,19326.0,5.888815879821777,35.0692138671875,40.95802974700928,2.6246915824594907,1.4095802974700928,3.699713541570498,0,0,0,0,0,0,359,la vega,cundinamarca,nombre_repetido,True,4,4,4,0,,,,,,,1,
05885,YALÍ,ANTIOQUIA,440.856387657,437,celdas,5.199999809265137,4.718077182769775,4.099999904632568,7.479000091552734,463.05078125,292.3999938964844,0.0,0.0,0.0,0.0,0.0,0.0,0.0002915097575169,3806.0,3918.0,7724.0,16.91896629333496,36.99911117553711,53.91807746887207,2.2516213670605794,1.5391807746887207,3.4656523200579787,0,0,0,0,0,0,360,yali,antioquia,corto,True,0,0,0,0,,,,,,,1,
05004,ABRIAQUÍ,ANTIOQUIA,296.894049918,300,celdas,5.300000190734863,4.790333271026611,4.5,10.170000076293944,748.2776489257812,454.7000122070313,0.0,0.0,0.0,0.0,0.0,0.0,0.0007605007267557,914.0,1890.0,2804.0,15.850515365600586,43.17010498046875,59.020620346069336,2.1324440378230065,1.5902062034606934,3.3910257374789143,0,0,0,0,0,0,361,abriaqui,antioquia,unico,False,0,0,0,0,,,,,,,1,
25772,SUESCA,CUNDINAMARCA,173.267639869,170,celdas,5.199999809265137,4.328235626220703,4.0,7.14900016784668,567.1888427734375,233.6000061035156,0.0,0.0,0.0,0.0,0.0,0.0,0.0001238280674442,10339.0,9423.0,19762.0,2.1621620655059814,29.41586685180664,31.578028917312626,2.4470902688335627,1.3157802891731265,3.2198331415585684,0,0,0,0,0,0,362,suesca,cundinamarca,unico,False,0,0,0,0,,,,,,,1,
25797,TENA,CUNDINAMARCA,51.4372723313,52,celdas,5.099999904632568,4.557692527770996,4.300000190734863,8.940999984741211,785.6692504882812,483.5,0.0,0.0,0.0,0.0,0.0,0.0,0.0001824386563384,1623.0,9911.0,11534.0,6.371911525726318,34.16775131225586,40.53966283798218,2.10424746220815,1.4053966283798218,2.9573022886641307,0,0,0,0,0,0,363,tena,cundinamarca,corto,True,0,0,0,0,,,,,,,1,
52473,MOSQUERA,NARIÑO,768.052229011,766,celdas,5.099999904632568,4.523367881774902,3.900000095367432,4.934999942779541,295.6088562011719,180.0,0.0,0.0,0.0,0.0,0.0,0.0,0.0001155921199824,5740.0,6352.0,12092.0,92.2883758544922,7.460545063018799,99.748920917511,1.39773991482798,1.99748920917511,2.7919703971022276,0,0,0,0,0,0,364,mosquera,narino,nombre_repetido,True,0,0,0,0,,,,,,,0,
25040,ANOLAIMA,CUNDINAMARCA,120.951463399,123,celdas,5.099999904632568,4.7170729637146,4.400000095367432,9.45400047302246,754.9732055664062,557.5,0.0,0.0,0.0,0.0,0.0,0.0,0.000128547559143,5510.0,9225.0,14735.0,4.9815497398376465,39.7703971862793,44.75194692611694,1.894148283972754,1.4475194692611697,2.741816518718196,0,0,0,0,0,0,365,anolaima,cundinamarca,unico,False,0,0,0,0,,,,,,,1,
25322,GUASCA,CUNDINAMARCA,360.588514048,365,celdas,5.199999809265137,4.263561725616455,3.900000095367432,6.960999965667725,650.5906982421875,242.8000030517578,0.0,0.0,0.0,0.0,0.0,0.0,0.0001153466946561,8752.0,9424.0,18176.0,2.1975765228271484,24.399261474609375,26.596837997436523,2.0965415220707655,1.2659683799743653,2.654155274244917,0,0,0,0,0,0,366,guasca,cundinamarca,unico,False,0,0,0,0,,,,,,,1,
15632,SABOYÁ,BOYACÁ,248.651960623,250,celdas,5.199999809265137,4.212800025939941,4.0,6.379000186920166,610.07275390625,224.1000061035156,0.0,0.0,0.0,0.0,0.0,0.0,0.0001095012485166,1545.0,13079.0,14624.0,5.495151519775391,50.69056701660156,56.18571853637695,1.6013462583068758,1.5618571853637695,2.501074159791981,0,0,0,0,0,0,367,saboya,boyaca,unico,False,0,0,0,0,,,,,,,0,
05147,CAREPA,ANTIOQUIA,387.286730615,393,celdas,5.099999904632568,4.603308200836182,3.799999952316284,5.176000118255615,368.9910888671875,188.8999938964844,0.0,0.0,0.0,0.0,0.0,0.0,3.218595520593226e-05,37099.0,14199.0,51298.0,18.704984664916992,31.53390884399414,50.23889350891113,1.651075130153913,1.5023889350891113,2.4805570065440534,0,0,0,0,0,0,368,carepa,antioquia,unico,False,0,0,0,0,,,,,,,1,
41797,TESALIA,HUILA,367.025387143,369,celdas,5.199999809265137,4.473170757293701,4.0,6.955999851226807,604.396484375,289.20001220703125,0.0,0.0,0.0,0.0,0.0,0.0,0.000125606849906,6171.0,6269.0,12440.0,4.092071533203125,46.45140838623047,50.543479919433594,1.5625492128310725,1.505434799194336,2.3523159604496136,0,0,0,0,0,0,369,tesalia,huila,unico,False,0,0,0,0,,,,,,,1,
25288,FÚQUENE,CUNDINAMARCA,77.4612283752,76,celdas,5.199999809265137,4.378947734832764,4.0,6.565999984741211,554.1369018554688,244.1000061035156,0.0,0.0,0.0,0.0,0.0,0.0,0.0002769838320091,516.0,4410.0,4926.0,2.7081923484802246,44.75287628173828,47.461068630218506,1.3644223564770073,1.474610686302185,2.0119917874906044,0,0,0,0,0,0,370,fuquene,cundinamarca,unico,False,0,0,0,0,,,,,,,1,
05190,CISNEROS,ANTIOQUIA,46.884779516,49,celdas,5.099999904632568,4.544897556304932,4.300000190734863,7.52400016784668,717.5979614257812,422.3999938964844,0.0,0.0,0.0,0.0,0.0,0.0,0.0001290722575504,8896.0,1240.0,10136.0,4.022450923919678,48.98659133911133,53.009042263031006,1.3082764025311917,1.53009042263031,2.0017811936662127,0,0,0,0,0,0,371,cisneros,antioquia,unico,False,0,0,0,0,,,,,,,1,
25718,SASAIMA,CUNDINAMARCA,111.615253616,113,celdas,5.099999904632568,4.7194695472717285,4.400000095367432,8.972999572753906,713.0088500976562,507.7999877929687,0.0,0.0,0.0,0.0,0.0,0.0,0.0001119387670769,3635.0,7858.0,11493.0,6.161780834197998,41.34093475341797,47.50271558761597,1.286512250015221,1.4750271558761596,1.8976405051397904,0,0,0,0,0,0,372,sasaima,cundinamarca,unico,False,0,0,0,0,,,,,,,1,
68773,SUCRE,SANTANDER,522.539200834,524,celdas,5.199999809265137,4.240266799926758,3.900000095367432,6.541999816894531,674.1370239257812,250.1000061035156,0.0,0.0,0.0,0.0,0.0,0.0,0.0001346602512057,835.0,6539.0,7374.0,21.62162208557129,56.35635757446289,77.97797966003418,0.9929846923914738,1.7797797966003417,1.76729409385175,0,0,0,0,0,0,373,sucre,santander,nombre_repetido,True,0,0,0,0,,,,,,,0,
25805,TIBACUY,CUNDINAMARCA,84.7522730449,85,celdas,5.199999809265137,4.635293960571289,4.400000095367432,9.204999923706056,805.4117431640625,499.3999938964844,0.0,0.0,0.0,0.0,0.0,0.0,0.0002476561348885,815.0,3407.0,4222.0,13.454959869384766,46.294185638427734,59.7491455078125,1.0456042014993727,1.597491455078125,1.670343777289034,0,0,0,0,0,0,374,tibacuy,cundinamarca,unico,False,0,0,0,0,,,,,,,1,
68081,BARRANCABERMEJA,SANTANDER,1326.83830268,1341,celdas,5.099999904632568,4.55108118057251,4.099999904632568,5.089000225067139,267.2530212402344,184.5,0.0,0.0,0.0,0.0,0.0,0.0,4.716286639450118e-06,202927.0,27632.0,230559.0,10.794363021850586,27.761545181274418,38.555908203125,1.0873823313049795,1.38555908203125,1.5066324647799283,0,0,0,0,0,0,375,barrancabermeja,santander,unico,False,0,0,0,0,,,,,,,0,
05411,LIBORINA,ANTIOQUIA,216.416443168,223,celdas,5.199999809265137,4.456951141357422,4.300000190734863,8.76099967956543,852.2183227539062,474.6000061035156,0.0,0.0,0.0,0.0,0.0,0.0,8.02174981799908e-05,2805.0,8091.0,10896.0,0.967117965221405,63.90715789794922,64.87427586317062,0.8740498601691797,1.6487427586317065,1.4410833776369905,0,0,0,0,0,0,376,liborina,antioquia,unico,False,0,0,0,0,,,,,,,1,
25592,QUEBRADANEGRA,CUNDINAMARCA,79.8564295216,81,celdas,5.099999904632568,4.722222328186035,4.5,9.444000244140623,785.1234741210938,509.7000122070313,0.0,0.0,0.0,0.0,0.0,0.0,0.0001561614917591,838.0,4119.0,4957.0,8.997584342956543,58.81642532348633,67.81400966644287,0.7740925146499649,1.6781400966644289,1.299035687361903,0,0,0,0,0,0,377,quebradanegra,cundinamarca,unico,False,0,0,0,0,,,,,,,1,
25506,VENECIA,CUNDINAMARCA,122.203316777,122,celdas,5.199999809265137,4.587705135345459,4.400000095367432,8.878000259399414,763.8147583007812,443.7999877929687,0.0,0.0,0.0,0.0,0.0,0.0,0.0001725473121041,1602.0,2963.0,4565.0,25.44378662109375,35.23997497558594,60.68376159667969,0.7876784797554137,1.6068376159667968,1.2656714105585398,0,0,0,0,0,0,378,venecia,cundinamarca,nombre_repetido,True,0,0,0,0,,,,,,,1,
52490,OLAYA HERRERA,NARIÑO,1003.11744428,998,celdas,5.099999904632568,4.629859447479248,4.0,4.959000110626221,252.3582305908203,180.0,0.0,0.0,0.0,0.0,0.0,0.0,2.2180251107783988e-05,11983.0,15265.0,27248.0,91.01439666748048,8.687737464904785,99.70213413238524,0.6043674821848981,1.9970213413238525,1.2069347599254048,0,0,0,0,0,0,379,olaya herrera,narino,unico,False,0,0,0,0,,,,,,,0,
05031,AMALFI,ANTIOQUIA,1209.14546002,1220,celdas,5.099999904632568,4.35016393661499,3.900000095367432,6.979000091552734,625.3617553710938,304.70001220703125,0.0,0.0,0.0,0.0,0.0,0.0,2.3328222596319392e-05,17045.0,12349.0,29394.0,26.850080490112305,24.157716751098633,51.00779724121094,0.6857097749962122,1.5100779724121094,1.0354752266894438,0,0,0,0,0,0,380,amalfi,antioquia,unico,False,4,1,0,4,,,,,,,1,
25245,EL COLEGIO,CUNDINAMARCA,118.279645006,116,celdas,5.099999904632568,4.597413539886475,4.400000095367432,8.739999771118164,793.479248046875,537.4000244140625,0.0,0.0,0.0,0.0,0.0,0.0,2.7260950446361676e-05,13688.0,13699.0,27387.0,5.4100470542907715,21.31816291809082,26.728209972381592,0.7465956498745072,1.267282099723816,0.9461473028176324,0,0,0,0,0,0,381,el colegio,cundinamarca,unico,False,5,4,2,3,,,,,,,1,
25489,NIMAIMA,CUNDINAMARCA,59.5181527537,59,celdas,5.099999904632568,4.6186442375183105,4.400000095367432,9.104999542236328,765.2152709960938,502.8999938964844,0.0,0.0,0.0,0.0,0.0,0.0,0.0001607933954801,1034.0,2635.0,3669.0,8.308156967163086,50.30211639404297,58.610273361206055,0.5899509680166375,1.5861027336120606,0.93572284306827,0,0,0,0,0,0,382,nimaima,cundinamarca,unico,False,0,0,0,0,,,,,,,1,
25200,COGUA,CUNDINAMARCA,132.858468897,134,celdas,5.099999904632568,4.282835960388184,3.900000095367432,7.331999778747559,631.3917846679688,255.1999969482422,0.0,0.0,0.0,0.0,0.0,0.0,2.3599031919729896e-05,11039.0,14767.0,25806.0,2.747419595718384,34.57802200317383,37.32544159889221,0.6089966177205497,1.3732544159889222,0.8363072946070623,0,0,0,0,0,0,383,cogua,cundinamarca,unico,False,0,0,0,0,,,,,,,1,
05604,REMEDIOS,ANTIOQUIA,1973.03830826,1992,celdas,5.199999809265137,4.459437847137451,3.900000095367432,6.181000232696533,447.928466796875,232.5,0.0,0.0,0.0,0.0,0.0,0.0,1.374262592435116e-05,14710.0,18838.0,33548.0,28.051984786987305,40.232269287109375,68.28425407409668,0.4610376145101327,1.6828425407409668,0.7758537105793861,0,0,0,0,0,0,384,remedios,antioquia,unico,False,0,0,0,0,,,,,,,1,
68573,PUERTO PARRA,SANTANDER,762.34460075,770,celdas,5.099999904632568,4.746493339538574,4.0,5.578000068664551,289.1685791015625,192.5,0.0,0.0,0.0,0.0,0.0,0.0,4.928213093080558e-05,3493.0,5662.0,9155.0,31.0913143157959,37.68374252319336,68.77505683898926,0.4511779086715251,1.6877505683898926,0.7614757718053294,0,0,0,0,0,0,385,puerto parra,santander,unico,False,0,0,0,0,,,,,,,0,
27372,JURADÓ,CHOCÓ,1252.15063915,1258,celdas,5.199999809265137,4.383545398712158,3.799999952316284,7.4629998207092285,512.1989135742188,231.8999938964844,0.0,0.0,0.0,0.0,0.0,0.0,4.6035685954848304e-05,3021.0,5740.0,8761.0,73.83547973632812,14.17244815826416,88.00792789459229,0.403318644650426,1.8800792789459229,0.7582710266198198,0,0,0,0,0,0,386,jurado,choco,unico,False,0,0,0,0,,,,,,,1,
25053,ARBELÁEZ,CUNDINAMARCA,142.457162559,140,celdas,5.099999904632568,4.635000228881836,4.300000190734863,8.732999801635742,730.6792602539062,464.2999877929687,0.0,0.0,0.0,0.0,0.0,0.0,4.5175289415055886e-05,5135.0,5518.0,10653.0,7.441860675811768,25.755813598632812,33.19767427444458,0.4812523581385903,1.3319767427444458,0.641016948431523,0,0,0,0,0,0,387,arbelaez,cundinamarca,unico,False,0,0,0,0,,,,,,,1,
25120,CABRERA,CUNDINAMARCA,421.839592634,421,celdas,5.199999809265137,4.574821949005127,4.300000190734863,8.652999877929688,730.3648071289062,430.1000061035156,0.0,0.0,0.0,0.0,0.0,0.0,6.502449105028063e-05,1464.0,3467.0,4931.0,33.63384246826172,41.05409240722656,74.68793487548828,0.3206357653689338,1.7468793487548828,0.5601119969952064,0,0,0,0,0,0,388,cabrera,cundinamarca,nombre_repetido,True,0,0,0,0,,,,,,,1,
68250,EL PEÑÓN,SANTANDER,398.217746642,399,celdas,5.099999904632568,4.141353607177734,3.900000095367432,6.211999893188477,718.6493530273438,276.20001220703125,0.0,0.0,0.0,0.0,0.0,0.0,5.5478423746535555e-05,918.0,4403.0,5321.0,34.02317810058594,44.3708610534668,78.39403915405273,0.2952006927553157,1.7839403915405274,0.5266204394169528,0,0,0,0,0,0,389,el penon,santander,nombre_repetido,True,0,0,0,0,,,,,,,0,
19364,JAMBALÓ,CAUCA,234.433517053,236,celdas,5.099999904632568,4.546610355377197,4.300000190734863,8.08899974822998,786.0665283203125,471.8999938964844,0.0,0.0,0.0,0.0,0.0,0.0,1.3399449926509988e-05,1803.0,17689.0,19492.0,17.29452133178711,44.5776252746582,61.87214660644531,0.2611820779675327,1.618721466064453,0.4227810361573648,0,0,0,0,0,0,390,jambalo,cauca,unico,False,0,0,0,0,,,,,,,1,
68385,LANDÁZURI,SANTANDER,590.177486236,590,celdas,5.099999904632568,4.0596604347229,3.799999952316284,6.275000095367432,697.22509765625,253.0,0.0,0.0,0.0,0.0,0.0,0.0,2.143912024621386e-05,3730.0,6902.0,10632.0,27.800312042236328,42.96411895751953,70.76443099975586,0.2279407264577457,1.7076443099975585,0.3892416845522795,0,0,0,0,0,0,391,landazuri,santander,unico,False,0,0,0,0,,,,,,,0,
41676,SANTA MARÍA,HUILA,339.379589333,344,celdas,5.099999904632568,4.522093296051025,4.300000190734863,8.336999893188477,778.533447265625,455.2000122070313,0.0,0.0,0.0,0.0,0.0,0.0,1.8385291696176864e-05,2574.0,8224.0,10798.0,8.149568557739258,66.31511688232422,74.46468544006348,0.1985243797353177,1.7446468544006346,0.3463549346270592,0,0,0,0,0,0,392,santa maria,huila,palabra_riesgosa,True,0,0,0,0,,,,,,,1,
25224,CUCUNUBÁ,CUNDINAMARCA,109.840173543,110,celdas,5.099999904632568,4.302727222442627,4.0,6.394999980926514,590.904541015625,270.5,0.0,0.0,0.0,0.0,0.0,0.0,2.874791061913129e-05,1868.0,6499.0,8367.0,4.128660678863525,38.646183013916016,42.77484369277954,0.2405337681502715,1.4277484369277955,0.3434217115049029,0,0,0,0,0,0,393,cucunuba,cundinamarca,unico,False,0,0,0,0,,,,,,,1,
25649,SAN BERNARDO,CUNDINAMARCA,247.015422286,248,celdas,5.099999904632568,4.5625,4.300000190734863,7.61299991607666,736.4588623046875,410.7999877929687,0.0,0.0,0.0,0.0,0.0,0.0,2.5502178687020205e-05,4182.0,4550.0,8732.0,19.595354080200195,33.046085357666016,52.64143943786621,0.2226850242950604,1.526414394378662,0.3399096264965423,0,0,0,0,0,0,394,san bernardo,cundinamarca,unico,False,0,0,0,0,,,,,,,1,
05842,URAMITA,ANTIOQUIA,265.929243412,260,celdas,5.099999904632568,4.398077011108398,4.199999809265137,8.218000411987305,813.80615234375,449.7999877929687,0.0,0.0,0.0,0.0,0.0,0.0,2.432515611872077e-05,2537.0,4990.0,7527.0,12.379575729370115,70.03853607177734,82.41811180114746,0.1830954501056112,1.8241811180114744,0.3339992628764681,0,0,0,0,0,0,395,uramita,antioquia,unico,False,2,2,2,0,,,,,,,1,
25524,PANDI,CUNDINAMARCA,71.6975830869,75,celdas,5.099999904632568,4.630666732788086,4.400000095367432,8.87600040435791,768.364013671875,534.9000244140625,0.0,0.0,0.0,0.0,0.0,0.0,4.216360321152024e-05,1402.0,3481.0,4883.0,10.547550201416016,44.553314208984375,55.10086441040039,0.2058848744818533,1.551008644104004,0.3193292200116223,0,0,0,0,0,0,396,pandi,cundinamarca,unico,False,0,0,0,0,,,,,,,1,
25862,VERGARA,CUNDINAMARCA,144.650775157,149,celdas,5.099999904632568,4.558389186859131,4.199999809265137,8.588000297546387,723.5859375,432.2999877929687,0.0,0.0,0.0,0.0,0.0,0.0,2.122328987752553e-05,1674.0,4974.0,6648.0,9.7422456741333,66.27348327636719,76.01572895050049,0.1410924311057897,1.7601572895050048,0.2483448711048384,0,0,0,0,0,0,397,vergara,cundinamarca,unico,False,1,1,0,1,,,,,,,1,
50370,URIBE,META,6460.95748467,6469,celdas,5.199999809265137,4.284355640411377,3.900000095367432,7.6479997634887695,650.7120971679688,211.8000030517578,0.0,0.0,0.0,0.0,0.0,0.0,1.335188153461786e-05,2085.0,7685.0,9770.0,79.24528503417969,10.627647399902344,89.87293243408203,0.1304478825932165,1.8987293243408203,0.2476852199779086,0,0,0,0,0,0,398,uribe,meta,unico,False,5,4,5,0,,,,,,,0,
25181,CHOACHÍ,CUNDINAMARCA,212.420096233,214,celdas,5.099999904632568,4.1415886878967285,4.0,6.051000118255615,804.2383422851562,319.8999938964844,0.0,0.0,0.0,0.0,0.0,0.0,1.477696332585765e-05,5164.0,6138.0,11302.0,3.420241117477417,28.84777069091797,32.268011808395386,0.1670092395088431,1.3226801180839538,0.220899800634668,0,0,0,0,0,0,399,choachi,cundinamarca,unico,False,0,0,0,0,,,,,,,1,
23580,PUERTO LIBERTADOR,CÓRDOBA,1647.51501395,1352,celdas,5.099999904632568,4.253698348999023,3.900000095367432,5.125999927520752,562.7845458984375,193.6999969482422,0.0,0.0,0.0,0.0,0.0,0.0,2.3389573016174836e-06,14280.0,32300.0,46580.0,52.63298416137695,34.215450286865234,86.84843444824219,0.1089486311093423,1.8684843444824215,0.2035688115805967,0,0,0,0,0,0,400,puerto libertador,cordoba,unico,False,0,0,0,0,,,,,,,0,
50226,CUMARAL,META,625.071435009,565,celdas,5.099999904632568,4.599646091461182,3.900000095367432,5.232999801635742,331.4803771972656,209.6999969482422,0.0,0.0,0.0,0.0,0.0,0.0,5.596938535745721e-06,16131.0,8699.0,24830.0,9.476569175720217,31.01422882080078,40.49079799652099,0.1389719838425662,1.40490797996521,0.1952428490920175,0,0,0,0,0,0,401,cumaral,meta,unico,False,0,0,0,0,,,,,,,0,
19355,INZÁ,CAUCA,866.312068588,866,celdas,5.099999904632568,4.319399356842041,4.0,7.204999923706055,706.2660522460938,349.3999938964844,0.0,0.0,0.0,0.0,0.0,0.0,3.6515821193461302e-06,894.0,28164.0,29058.0,17.4988956451416,63.68758392333984,81.18647956848145,0.1061076732239598,1.8118647956848144,0.192252757666521,0,0,0,0,0,0,402,inza,cauca,corto,True,0,0,0,0,,,,,,,1,
05736,SEGOVIA,ANTIOQUIA,1127.60323858,1140,celdas,5.099999904632568,4.297894477844238,3.700000047683716,5.396999835968018,471.32611083984375,229.1999969482422,0.0,0.0,0.0,0.0,0.0,0.0,2.7739210963773075e-06,32366.0,7183.0,39549.0,21.46761703491211,44.60298156738281,66.07059860229492,0.1097058054406261,1.6607059860229492,0.1821890877967168,0,0,0,0,0,0,403,segovia,antioquia,unico,False,0,0,0,0,,,,,,,1,
15580,QUÍPAMA,BOYACÁ,167.326859044,164,celdas,5.099999904632568,4.406706809997559,4.099999904632568,7.620999813079834,746.3597412109375,423.7999877929687,0.0,0.0,0.0,0.0,0.0,0.0,1.928213532664813e-05,1517.0,3495.0,5012.0,57.81990432739258,24.466825485229492,82.28672981262207,0.0966420622571604,1.8228672981262208,0.176165654912056,0,0,0,0,0,0,404,quipama,boyaca,unico,False,0,0,0,0,,,,,,,0,
05858,VEGACHÍ,ANTIOQUIA,540.814987841,552,celdas,5.099999904632568,4.647826194763184,4.0,6.366000175476074,458.6268005371094,297.0,0.0,0.0,0.0,0.0,0.0,0.0,5.728750238631619e-06,8660.0,3523.0,12183.0,15.65628433227539,29.14349365234375,44.79977798461914,0.069793364157249,1.4479977798461914,0.1010606363476933,0,0,0,0,0,0,405,vegachi,antioquia,unico,False,0,0,0,0,,,,,,,1,
15507,OTANCHE,BOYACÁ,475.040067371,481,celdas,5.099999904632568,4.401871204376221,4.099999904632568,7.52400016784668,702.42724609375,399.5,0.0,0.0,0.0,0.0,0.0,0.0,6.574366125278175e-06,3854.0,4351.0,8205.0,66.38969421386719,10.760282516479492,77.14997673034668,0.0539426740579074,1.771499767303467,0.0955594345413097,0,0,0,0,0,0,406,otanche,boyaca,unico,False,0,0,0,0,,,,,,,0,
18753,SAN VICENTE DEL CAGUÁN,CAQUETÁ,20192.9097724,7155,celdas,5.099999904632568,4.10916805267334,3.799999952316284,6.421000003814697,548.4133911132812,215.3999938964844,0.0,0.0,0.0,0.0,0.0,0.0,4.4196647763783403e-07,24703.0,28102.0,52805.0,55.51828384399414,19.684202194213867,75.20248603820801,0.0233380398516658,1.75202486038208,0.0408888260127062,0,0,0,0,0,0,407,san vicente del caguan,caqueta,unico,False,0,0,0,0,,,,,,,0,
50223,CUBARRAL,META,1157.8652462,1163,celdas,5.099999904632568,4.2326741218566895,4.0,7.383999824523926,758.3308715820312,290.0,0.0,0.0,0.0,0.0,0.0,0.0,2.7190628770767944e-06,4892.0,2575.0,7467.0,11.020073890686035,22.695615768432617,33.71568965911865,0.0203032425031324,1.3371568965911864,0.0271486207362268,0,0,0,0,0,0,408,cubarral,meta,unico,False,0,0,0,0,,,,,,,0,
50330,MESETAS,META,2280.62999,2285,celdas,5.099999904632568,4.161969184875488,3.900000095367432,5.776000022888184,645.4923095703125,215.0,0.0,0.0,0.0,0.0,0.0,0.0,1.3839256780556752e-06,4805.0,7134.0,11939.0,39.89531707763672,19.337017059326172,59.23233413696289,0.0165226886703067,1.592323341369629,0.0263094628319128,0,0,0,0,0,0,409,mesetas,meta,unico,False,0,0,0,0,,,,,,,0,
41206,COLOMBIA,HUILA,1584.96991787,1595,celdas,5.099999904632568,4.39611291885376,4.099999904632568,8.112000465393066,796.6426391601562,439.2000122070313,0.0,0.0,0.0,0.0,0.0,0.0,1.982614548978745e-06,2256.0,5505.0,7761.0,7.107733726501465,59.454627990722656,66.56236171722412,0.015387071514624,1.6656236171722412,0.025629069713876,0,0,0,0,0,0,410,colombia,huila,palabra_riesgosa,True,1,1,1,0,,,,,,,1,
68872,VILLANUEVA,SANTANDER,97.6069132678,97,celdas,4.099999904632568,3.8731958866119385,3.5999999046325684,2.3299999237060547,584.45361328125,355.70001220703125,0.0,0.0,0.0,0.0,0.0,0.0,0.0,5762.0,3454.0,9216.0,1.6355140209197998,31.635513305664062,33.27102732658386,0.0,1.332710273265839,0.0,0,0,0,0,0,0,411,villanueva,santander,unico,False,0,0,0,0,,,,,,,0,
68861,VÉLEZ,SANTANDER,447.715807562,447,celdas,4.699999809265137,4.015883922576904,3.799999952316284,4.289000034332275,677.22998046875,344.1000061035156,0.0,0.0,0.0,0.0,0.0,0.0,0.0,15502.0,11767.0,27269.0,15.678215026855469,30.916030883789062,46.59424591064453,0.0,1.4659424591064454,0.0,0,0,0,0,0,0,412,velez,santander,unico,False,1,1,1,0,,,,,,,0,
15646,SAMACÁ,BOYACÁ,167.586236803,168,celdas,4.800000190734863,4.130357265472412,3.900000095367432,4.823999881744385,616.9434814453125,294.20001220703125,0.0,0.0,0.0,0.0,0.0,0.0,0.0,8354.0,11171.0,19525.0,1.6736401319503784,33.21378707885742,34.8874272108078,0.0,1.348874272108078,0.0,0,0,0,0,0,0,413,samaca,boyaca,unico,False,0,0,0,0,,,,,,,0,
15690,SANTA MARÍA,BOYACÁ,309.659673523,306,celdas,4.099999904632568,3.872875452041626,3.799999952316284,3.118000030517578,789.966064453125,461.7999877929687,0.0,0.0,0.0,0.0,0.0,0.0,0.0,2218.0,1413.0,3631.0,12.67123317718506,39.38356018066406,52.05479335784912,0.0,1.520547933578491,0.0,0,0,0,0,0,0,414,santa maria,boyaca,palabra_riesgosa,True,0,0,0,0,,,,,,,0,
68855,VALLE DE SAN JOSÉ,SANTANDER,81.1149388933,26,celdas,4.0,3.8346152305603023,3.700000047683716,2.135999917984009,614.7384643554688,445.2000122070313,0.0,0.0,0.0,0.0,0.0,0.0,0.0,3104.0,4080.0,7184.0,3.242034673690796,46.39463424682617,49.63666892051697,0.0,1.4963666892051697,0.0,0,0,0,0,0,0,415,valle de san jose,santander,unico,False,0,0,0,0,,,,,,,0,
68895,ZAPATOCA,SANTANDER,364.418551102,370,celdas,4.099999904632568,3.748108148574829,3.5999999046325684,2.315000057220459,773.0410766601562,397.1000061035156,0.0,0.0,0.0,0.0,0.0,0.0,0.0,7039.0,3262.0,10301.0,2.5268259048461914,33.40256118774414,35.92938709259033,0.0,1.3592938709259033,0.0,0,0,0,0,0,0,416,zapatoca,santander,unico,False,0,0,0,0,,,,,,,0,
68770,SUAITA,SANTANDER,283.415049185,286,celdas,4.5,3.9454541206359863,3.700000047683716,3.0899999141693115,623.0297241210938,296.20001220703125,0.0,0.0,0.0,0.0,0.0,0.0,0.0,2568.0,7719.0,10287.0,8.287796020507812,60.17000579833984,68.45780181884766,0.0,1.6845780181884766,0.0,0,0,0,0,0,0,417,suaita,santander,unico,False,0,0,0,0,,,,,,,0,
68755,SOCORRO,SANTANDER,127.825834903,131,celdas,4.199999809265137,3.85267186164856,3.5999999046325684,2.625,642.8306274414062,332.0,0.0,0.0,0.0,0.0,0.0,0.0,0.0,31030.0,6123.0,37153.0,1.610305905342102,16.242618560791016,17.852924466133118,0.0,1.1785292446613311,0.0,0,0,0,0,0,0,418,socorro,santander,palabra_riesgosa,True,0,0,0,0,,,,,,,0,
68745,SIMACOTA,SANTANDER,904.71295485,903,celdas,5.0,4.257474899291992,3.700000047683716,4.7870001792907715,498.7551574707031,210.3999938964844,0.0,0.0,0.0,0.0,0.0,0.0,0.0,3061.0,8695.0,11756.0,25.903614044189453,32.77108383178711,58.67469787597656,0.0,1.5867469787597657,0.0,0,0,0,0,0,0,419,simacota,santander,unico,False,0,0,0,0,,,,,,,0,
15804,TIBANÁ,BOYACÁ,121.832654838,127,celdas,4.400000095367432,3.9543306827545166,3.799999952316284,3.621999979019165,735.2173461914062,384.2000122070313,0.0,0.0,0.0,0.0,0.0,0.0,0.0,2017.0,7039.0,9056.0,1.7774617671966553,56.27444076538086,58.051902532577515,0.0,1.580519025325775,0.0,0,0,0,0,0,0,420,tibana,boyaca,unico,False,0,0,0,0,,,,,,,0,
15778,SUTATENZA,BOYACÁ,41.1270106642,39,celdas,4.099999904632568,3.9307689666748047,3.900000095367432,3.4059998989105225,811.2178955078125,568.0999755859375,0.0,0.0,0.0,0.0,0.0,0.0,0.0,867.0,3352.0,4219.0,3.822629928588867,69.49541473388672,73.31804466247559,0.0,1.7331804466247558,0.0,0,0,0,0,0,0,421,sutatenza,boyaca,unico,False,0,0,0,0,,,,,,,0,
15798,TENZA,BOYACÁ,45.8640825389,47,celdas,4.099999904632568,3.940424919128418,3.900000095367432,3.444999933242798,769.1553344726562,563.5999755859375,0.0,0.0,0.0,0.0,0.0,0.0,0.0,1175.0,2398.0,3573.0,4.008746147155762,58.67346954345703,62.68221569061279,0.0,1.626822156906128,0.0,0,0,0,0,0,0,422,tenza,boyaca,unico,False,0,0,0,0,,,,,,,0,
15696,SANTA SOFÍA,BOYACÁ,77.5628164374,78,celdas,4.400000095367432,4.02051305770874,3.900000095367432,3.8350000381469727,710.9973754882812,426.5,0.0,0.0,0.0,0.0,0.0,0.0,0.0,1181.0,2182.0,3363.0,4.373178005218506,43.73177719116211,48.104955196380615,0.0,1.4810495519638065,0.0,0,0,0,0,0,0,423,santa sofia,boyaca,unico,False,1,1,1,0,,,,,,,0,
15776,SUTAMARCHÁN,BOYACÁ,103.505336226,104,celdas,4.699999809265137,4.085577011108398,3.900000095367432,4.543000221252441,693.5096435546875,335.29998779296875,0.0,0.0,0.0,0.0,0.0,0.0,0.0,2478.0,3867.0,6345.0,0.8226221203804016,58.97172164916992,59.79434376955032,0.0,1.5979434376955033,0.0,0,0,0,0,0,0,424,sutamarchan,boyaca,unico,False,0,0,0,0,,,,,,,0,
15764,SORACÁ,BOYACÁ,55.757753053,56,celdas,4.400000095367432,4.066071510314941,3.900000095367432,3.3580000400543213,561.6981811523438,371.0,0.0,0.0,0.0,0.0,0.0,0.0,0.0,1787.0,4422.0,6209.0,1.5285125970840454,47.207523345947266,48.73603594303131,0.0,1.487360359430313,0.0,0,0,0,0,0,0,425,soraca,boyaca,unico,False,0,0,0,0,,,,,,,0,
15763,SOTAQUIRÁ,BOYACÁ,285.073710357,291,celdas,4.300000190734863,3.892096519470215,3.700000047683716,2.568000078201294,674.6879272460938,339.5,0.0,0.0,0.0,0.0,0.0,0.0,0.0,1125.0,6926.0,8051.0,3.268482446670532,50.54474639892578,53.81322884559631,0.0,1.5381322884559632,0.0,0,0,0,0,0,0,426,sotaquira,boyaca,unico,False,0,0,0,0,,,,,,,0,
15664,SAN JOSÉ DE PARE,BOYACÁ,74.4035503125,76,celdas,4.400000095367432,4.007894992828369,3.900000095367432,3.555000066757202,646.2947387695312,419.7999877929687,0.0,0.0,0.0,0.0,0.0,0.0,0.0,1116.0,3678.0,4794.0,6.758373260498047,59.92823028564453,66.68660354614258,0.0,1.6668660354614258,0.0,0,0,0,0,0,0,427,san jose de pare,boyaca,unico,False,0,0,0,0,,,,,,,0,
15667,SAN LUIS DE GACENO,BOYACÁ,469.845495833,233,celdas,4.400000095367432,3.890986919403076,3.799999952316284,3.4830000400543213,731.5287475585938,346.0,0.0,0.0,0.0,0.0,0.0,0.0,0.0,2444.0,2773.0,5217.0,19.01248550415039,43.35981750488281,62.3723030090332,0.0,1.623723030090332,0.0,0,0,0,0,0,0,428,san luis de gaceno,boyaca,unico,False,0,0,0,0,,,,,,,0,
15762,SORA,BOYACÁ,47.8450237752,49,celdas,4.5,4.065306186676025,3.900000095367432,3.563999891281128,617.6265258789062,372.8999938964844,0.0,0.0,0.0,0.0,0.0,0.0,0.0,606.0,2571.0,3177.0,4.314994812011719,72.27616119384766,76.59115600585938,0.0,1.7659115600585935,0.0,0,0,0,0,0,0,429,sora,boyaca,corto,True,0,0,0,0,,,,,,,0,
68689,SAN VICENTE DE CHUCURÍ,SANTANDER,1116.36060506,1125,celdas,4.800000190734863,4.060266494750977,3.700000047683716,3.8980000019073486,547.7054443359375,212.6000061035156,0.0,0.0,0.0,0.0,0.0,0.0,0.0,14657.0,21254.0,35911.0,23.59269905090332,33.34294128417969,56.93564033508301,0.0,1.56935640335083,0.0,0,0,0,0,0,0,430,san vicente de chucuri,santander,unico,False,0,0,0,0,,,,,,,0,
15761,SOMONDOCO,BOYACÁ,58.7950500707,60,celdas,4.099999904632568,3.93500018119812,3.900000095367432,3.234999895095825,807.8883056640625,615.5999755859375,0.0,0.0,0.0,0.0,0.0,0.0,0.0,764.0,2220.0,2984.0,2.702702760696411,51.73745346069336,54.44015622138977,0.0,1.5444015622138978,0.0,0,0,0,0,0,0,431,somondoco,boyaca,unico,False,0,0,0,0,,,,,,,0,
15681,SAN PABLO DE BORBUR,BOYACÁ,195.904356806,197,celdas,4.800000190734863,4.273096561431885,4.099999904632568,6.107999801635742,762.572021484375,482.2000122070313,0.0,0.0,0.0,0.0,0.0,0.0,0.0,990.0,5788.0,6778.0,66.99266815185547,24.156478881835938,91.1491470336914,0.0,1.911491470336914,0.0,0,0,0,0,0,0,432,san pablo de borbur,boyaca,unico,False,0,0,0,0,,,,,,,0,
15740,SIACHOQUE,BOYACÁ,119.222966971,123,celdas,4.300000190734863,3.967480182647705,3.799999952316284,3.0510001182556152,617.2846069335938,405.7000122070313,0.0,0.0,0.0,0.0,0.0,0.0,0.0,1342.0,5547.0,6889.0,1.648634672164917,48.42864608764648,50.0772807598114,0.0,1.5007728075981142,0.0,0,0,0,0,0,0,433,siachoque,boyaca,unico,False,0,0,0,0,,,,,,,0,
15686,SANTANA,BOYACÁ,67.9638235036,70,celdas,4.5,3.988571166992187,3.900000095367432,3.499000072479248,636.2657470703125,357.79998779296875,0.0,0.0,0.0,0.0,0.0,0.0,0.0,2831.0,4934.0,7765.0,6.530782222747803,49.20965194702149,55.74043416976929,0.0,1.5574043416976928,0.0,0,0,0,0,0,0,434,santana,boyaca,unico,False,0,0,0,0,,,,,,,0,
68720,SANTA HELENA DEL OPÓN,SANTANDER,373.857262477,381,celdas,4.300000190734863,3.8905513286590576,3.700000047683716,3.303999900817871,740.9222412109375,384.2999877929687,0.0,0.0,0.0,0.0,0.0,0.0,0.0,954.0,2523.0,3477.0,33.93829345703125,45.9165153503418,79.85480880737305,0.0,1.7985480880737303,0.0,0,0,0,0,0,0,435,santa helena del opon,santander,unico,False,0,0,0,0,,,,,,,0,
68549,PINCHOTE,SANTANDER,55.5354190407,54,celdas,4.0,3.779629230499267,3.5999999046325684,2.138999938964844,691.8722534179688,447.8999938964844,0.0,0.0,0.0,0.0,0.0,0.0,0.0,1548.0,4623.0,6171.0,4.548286437988281,40.498443603515625,45.046730041503906,0.0,1.450467300415039,0.0,0,0,0,0,0,0,436,pinchote,santander,unico,False,0,0,0,0,,,,,,,0,
68679,SAN GIL,SANTANDER,146.862116625,68,celdas,4.099999904632568,3.770588636398315,3.5999999046325684,2.1989998817443848,697.8779296875,387.6000061035156,0.0,0.0,0.0,0.0,0.0,0.0,0.0,62486.0,8578.0,71064.0,3.481457471847534,15.21245574951172,18.693913221359253,0.0,1.1869391322135925,0.0,0,0,0,0,0,0,437,san gil,santander,unico,False,0,0,0,0,,,,,,,0,
68276,FLORIDABLANCA,SANTANDER,100.189046358,3,celdas,4.199999809265137,4.133333206176758,4.0,1.9809999465942385,477.8999938964844,430.7999877929687,0.0,0.0,0.0,0.0,0.0,0.0,0.0,302462.0,12732.0,315194.0,3.449530601501465,12.30751132965088,15.757041931152344,0.0,1.1575704193115235,0.0,0,0,0,0,0,0,438,floridablanca,santander,unico,False,0,0,0,0,,,,,,,0,
68324,GUAVATÁ,SANTANDER,83.7954551061,80,celdas,4.599999904632568,4.316250324249268,4.099999904632568,4.336999893188477,497.2450256347656,358.20001220703125,0.0,0.0,0.0,0.0,0.0,0.0,0.0,1230.0,3086.0,4316.0,5.9392266273498535,54.972373962402344,60.9116005897522,0.0,1.609116005897522,0.0,0,0,0,0,0,0,439,guavata,santander,unico,False,0,0,0,0,,,,,,,0,
68322,GUAPOTÁ,SANTANDER,67.3003638257,68,celdas,4.099999904632568,3.888234853744507,3.700000047683716,2.4830000400543213,642.23095703125,444.2999877929687,0.0,0.0,0.0,0.0,0.0,0.0,0.0,864.0,1802.0,2666.0,1.833568453788757,34.414669036865234,36.24823749065399,0.0,1.36248237490654,0.0,0,0,0,0,0,0,440,guapota,santander,unico,False,0,0,0,0,,,,,,,0,
68320,GUADALUPE,SANTANDER,146.330709221,146,celdas,4.300000190734863,3.944520711898804,3.700000047683716,2.924000024795532,630.3952026367188,379.0,0.0,0.0,0.0,0.0,0.0,0.0,0.0,1900.0,2725.0,4625.0,3.9444849491119385,53.03141021728515,56.975895166397095,0.0,1.569758951663971,0.0,0,0,0,0,0,0,441,guadalupe,santander,nombre_repetido,True,0,0,0,0,,,,,,,0,
68307,GIRÓN,SANTANDER,492.134762624,471,celdas,4.5,3.8908708095550537,3.5999999046325684,2.924000024795532,644.734619140625,240.5,0.0,0.0,0.0,0.0,0.0,0.0,0.0,157308.0,20215.0,177523.0,4.756723880767822,25.507007598876953,30.263731479644775,0.0,1.3026373147964478,0.0,0,0,0,0,0,0,442,giron,santander,unico,False,0,0,0,0,,,,,,,0,
68298,GÁMBITA,SANTANDER,608.233066149,614,celdas,4.300000190734863,3.890716552734375,3.700000047683716,3.0360000133514404,687.698486328125,364.0,0.0,0.0,0.0,0.0,0.0,0.0,0.0,834.0,3289.0,4123.0,18.38291358947754,57.58962631225586,75.9725399017334,0.0,1.7597253990173338,0.0,0,0,0,0,0,0,443,gambita,santander,unico,False,0,0,0,0,,,,,,,0,
68296,GALÁN,SANTANDER,201.731575565,203,celdas,3.900000095367432,3.7197048664093018,3.700000047683716,2.000999927520752,840.9507446289062,545.2000122070312,0.0,0.0,0.0,0.0,0.0,0.0,0.0,988.0,2077.0,3065.0,3.1674208641052246,55.65610885620117,58.8235297203064,0.0,1.588235297203064,0.0,0,0,0,0,0,0,444,galan,santander,unico,False,5,4,5,0,,,,,,,0,
68271,FLORIÁN,SANTANDER,176.599655134,180,celdas,4.699999809265137,4.175555229187012,4.0,5.317999839782715,728.381591796875,449.7999877929687,0.0,0.0,0.0,0.0,0.0,0.0,0.0,1500.0,4199.0,5699.0,34.25272750854492,30.211673736572266,64.46440124511719,0.0,1.644644012451172,0.0,0,0,0,0,0,0,445,florian,santander,unico,False,0,0,0,0,,,,,,,0,
68344,HATO,SANTANDER,169.017572289,172,celdas,3.900000095367432,3.73604679107666,3.700000047683716,2.1070001125335693,830.2888793945312,549.0,0.0,0.0,0.0,0.0,0.0,0.0,0.0,877.0,1809.0,2686.0,5.283019065856934,46.66666793823242,51.949687004089355,0.0,1.5194968700408935,0.0,0,0,0,0,0,0,446,hato,santander,corto,True,0,0,0,0,,,,,,,0,
68264,ENCINO,SANTANDER,400.432691417,80,celdas,4.0,3.754999876022339,3.5999999046325684,1.975000023841858,745.1262817382812,463.7999877929687,0.0,0.0,0.0,0.0,0.0,0.0,0.0,732.0,2194.0,2926.0,2.1136064529418945,46.49934005737305,48.61294651031494,0.0,1.4861294651031494,0.0,0,0,0,0,0,0,447,encino,santander,unico,False,0,0,0,0,,,,,,,0,
68255,EL PLAYÓN,SANTANDER,454.981920854,358,celdas,3.900000095367432,3.5980448722839355,3.4000000953674316,1.616000056266785,732.102783203125,454.2000122070313,0.0,0.0,0.0,0.0,0.0,0.0,0.0,8476.0,6818.0,15294.0,18.499353408813477,45.64036178588867,64.13971519470215,0.0,1.6413971519470216,0.0,0,0,0,0,0,0,448,el playon,santander,unico,False,0,0,0,0,,,,,,,0,
68245,EL GUACAMAYO,SANTANDER,92.9676301117,99,celdas,4.300000190734863,3.894948959350586,3.799999952316284,3.321000099182129,749.4646606445312,427.0,0.0,0.0,0.0,0.0,0.0,0.0,0.0,826.0,1390.0,2216.0,6.932153224945068,54.86725616455078,61.79940938949585,0.0,1.6179940938949584,0.0,0,0,0,0,0,0,449,el guacamayo,santander,unico,False,0,0,0,0,,,,,,,0,
68235,EL CARMEN DE CHUCURÍ,SANTANDER,924.032623496,929,celdas,4.800000190734863,3.955974340438843,3.700000047683716,4.173999786376953,640.4544067382812,243.1000061035156,0.0,0.0,0.0,0.0,0.0,0.0,0.0,4598.0,20257.0,24855.0,48.062381744384766,30.765596389770508,78.82797813415527,0.0,1.7882797813415527,0.0,0,0,0,0,0,0,450,el carmen de chucuri,santander,unico,False,0,0,0,0,,,,,,,0,
68217,COROMORO,SANTANDER,577.508905176,3,celdas,3.799999952316284,3.799999952316284,3.799999952316284,1.6549999713897705,658.2666625976562,621.5999755859375,0.0,0.0,0.0,0.0,0.0,0.0,0.0,1086.0,4710.0,5796.0,1.7704517841339111,64.1025619506836,65.8730137348175,0.0,1.658730137348175,0.0,0,0,0,0,0,0,451,coromoro,santander,unico,False,0,0,0,0,,,,,,,0,
68211,CONTRATACIÓN,SANTANDER,137.172076482,136,celdas,4.099999904632568,3.838970422744751,3.700000047683716,2.7909998893737793,793.4624633789062,456.2000122070313,0.0,0.0,0.0,0.0,0.0,0.0,0.0,3312.0,935.0,4247.0,3.1906614303588867,28.715953826904297,31.906615257263184,0.0,1.3190661525726315,0.0,0,0,0,0,0,0,452,contratacion,santander,unico,False,1,1,1,0,,,,,,,0,
68327,GÜEPSA,SANTANDER,30.1567486114,30,celdas,4.300000190734863,4.056666851043701,3.900000095367432,3.4539999961853027,587.7066650390625,430.6000061035156,0.0,0.0,0.0,0.0,0.0,0.0,0.0,3579.0,2078.0,5657.0,5.760095119476318,29.513063430786133,35.27315855026245,0.0,1.3527315855026243,0.0,0,0,0,0,0,0,453,guepsa,santander,unico,False,0,0,0,0,,,,,,,0,
68368,JESÚS MARÍA,SANTANDER,89.5930851681,89,celdas,4.699999809265137,4.319100856781006,4.0,5.105999946594238,566.4821166992188,364.3999938964844,0.0,0.0,0.0,0.0,0.0,0.0,0.0,860.0,2566.0,3426.0,11.558218955993652,40.75342559814453,52.311644554138184,0.0,1.523116445541382,0.0,0,0,0,0,0,0,454,jesus maria,santander,unico,False,2,1,2,0,,,,,,,0,
68673,SAN BENITO,SANTANDER,59.1130221848,60,celdas,4.099999904632568,4.010000228881836,3.900000095367432,3.115999937057495,612.3049926757812,474.5,0.0,0.0,0.0,0.0,0.0,0.0,0.0,408.0,2623.0,3031.0,3.0818278789520264,77.78958892822266,80.87141680717468,0.0,1.808714168071747,0.0,0,0,0,0,0,0,455,san benito,santander,unico,False,0,0,0,0,,,,,,,0,
68524,PALMAS DEL SOCORRO,SANTANDER,58.5411197193,59,celdas,4.099999904632568,3.884745359420776,3.799999952316284,2.3559999465942383,619.0966186523438,418.5,0.0,0.0,0.0,0.0,0.0,0.0,0.0,974.0,1840.0,2814.0,1.3647642135620115,36.72456741333008,38.08933162689209,0.0,1.380893316268921,0.0,0,0,0,0,0,0,456,palmas del socorro,santander,unico,False,0,0,0,0,,,,,,,0,
68655,SABANA DE TORRES,SANTANDER,1429.00296016,1441,celdas,4.699999809265137,4.279389381408691,4.0,3.194000005722046,273.32061767578125,182.8000030517578,0.0,0.0,0.0,0.0,0.0,0.0,0.0,27134.0,11266.0,38400.0,23.163265228271484,28.75283432006836,51.91609954833984,0.0,1.5191609954833984,0.0,0,0,0,0,0,0,457,sabana de torres,santander,unico,False,0,0,0,0,,,,,,,0,
68615,RIONEGRO,SANTANDER,1168.43222332,1110,celdas,4.5,4.015945911407471,3.5,2.7660000324249268,454.6142883300781,188.5,0.0,0.0,0.0,0.0,0.0,0.0,0.0,7502.0,19397.0,26899.0,12.475272178649902,53.536102294921875,66.01137447357178,0.0,1.660113744735718,0.0,0,0,0,0,0,0,458,rionegro,santander,nombre_repetido,True,0,0,0,0,,,,,,,0,
68575,PUERTO WILCHES,SANTANDER,1481.87038769,1165,celdas,4.800000190734863,4.439312934875488,4.099999904632568,3.746999979019165,242.2279815673828,184.1999969482422,0.0,0.0,0.0,0.0,0.0,0.0,0.0,19221.0,17303.0,36524.0,27.19380760192871,42.579227447509766,69.77303504943848,0.0,1.6977303504943848,0.0,0,0,0,0,0,0,459,puerto wilches,santander,unico,False,0,0,0,0,,,,,,,0,
68572,PUENTE NACIONAL,SANTANDER,251.678548242,254,celdas,4.599999904632568,4.117716312408447,3.900000095367432,4.482999801635742,620.4925537109375,376.1000061035156,0.0,0.0,0.0,0.0,0.0,0.0,0.0,6290.0,9059.0,15349.0,3.2493369579315186,35.03536605834961,38.28470301628113,0.0,1.3828470301628113,0.0,0,0,0,0,0,0,460,puente nacional,santander,unico,False,0,0,0,0,,,,,,,0,
15621,RONDÓN,BOYACÁ,206.363429672,204,celdas,4.099999904632568,3.8176467418670654,3.700000047683716,2.7339999675750732,824.4632568359375,417.8999938964844,0.0,0.0,0.0,0.0,0.0,0.0,0.0,713.0,1742.0,2455.0,4.0723981857299805,58.597286224365234,62.669684410095215,0.0,1.6266968441009522,0.0,0,0,0,0,0,0,461,rondon,boyaca,unico,False,0,0,0,0,,,,,,,0,
68533,PÁRAMO,SANTANDER,72.9811188984,68,celdas,4.0,3.773529052734375,3.5999999046325684,2.234999895095825,709.5794677734375,437.2000122070313,0.0,0.0,0.0,0.0,0.0,0.0,0.0,1785.0,3881.0,5666.0,2.670856237411499,41.005496978759766,43.676353216171265,0.0,1.4367635321617127,0.0,0,0,0,0,0,0,462,paramo,santander,unico,False,2,2,2,0,,,,,,,0,
68522,PALMAR,SANTANDER,19.6944416897,18,celdas,3.900000095367432,3.75,3.700000047683716,2.000999927520752,782.8666381835938,586.5999755859375,0.0,0.0,0.0,0.0,0.0,0.0,0.0,592.0,956.0,1548.0,0.9638554453849792,32.28915786743164,33.25301331281662,0.0,1.3325301331281665,0.0,0,0,0,0,0,0,463,palmar,santander,palabra_riesgosa,True,0,0,0,0,,,,,,,0,
68370,JORDÁN,SANTANDER,39.8991775094,10,celdas,3.900000095367432,3.650000095367432,3.5999999046325684,1.7710000276565552,826.9099731445312,554.2000122070312,0.0,0.0,0.0,0.0,0.0,0.0,0.0,193.0,1366.0,1559.0,1.8181818723678589,74.54545593261719,76.36363780498505,0.0,1.7636363780498503,0.0,0,0,0,0,0,0,464,jordan,santander,unico,False,0,0,0,0,,,,,,,0,
68500,OIBA,SANTANDER,287.847232565,288,celdas,4.5,3.944096803665161,3.700000047683716,3.0899999141693115,580.4913330078125,259.1000061035156,0.0,0.0,0.0,0.0,0.0,0.0,0.0,5592.0,6025.0,11617.0,5.726872444152832,38.1497802734375,43.87665271759033,0.0,1.4387665271759034,0.0,0,0,0,0,0,0,465,oiba,santander,corto,True,0,0,0,0,,,,,,,0,
68498,OCAMONTE,SANTANDER,75.2212790937,41,celdas,4.0,3.809756278991699,3.700000047683716,2.075000047683716,662.4243774414062,468.8999938964844,0.0,0.0,0.0,0.0,0.0,0.0,0.0,1214.0,5417.0,6631.0,1.4895057678222656,39.33649444580078,40.82600021362305,0.0,1.4082600021362306,0.0,0,0,0,0,0,0,466,ocamonte,santander,unico,False,0,0,0,0,,,,,,,0,
68418,LOS SANTOS,SANTANDER,290.121683872,121,celdas,4.099999904632568,3.7785122394561768,3.5999999046325684,2.322000026702881,690.315673828125,331.0,0.0,0.0,0.0,0.0,0.0,0.0,0.0,2648.0,14615.0,17263.0,2.062131643295288,69.71076965332031,71.7729012966156,0.0,1.717729012966156,0.0,0,0,0,0,0,0,467,los santos,santander,unico,False,8,4,4,4,,,,,,,0,
68406,LEBRIJA,SANTANDER,550.458400203,559,celdas,4.400000095367432,3.915385007858277,3.5999999046325684,2.6029999256134033,581.4955444335938,270.6000061035156,0.0,0.0,0.0,0.0,0.0,0.0,0.0,30497.0,21622.0,52119.0,9.808171272277832,29.617143630981445,39.42531490325928,0.0,1.394253149032593,0.0,0,0,0,0,0,0,468,lebrija,santander,unico,False,0,0,0,0,,,,,,,0,
68397,LA PAZ,SANTANDER,284.346972089,286,celdas,4.400000095367432,3.9909088611602783,3.799999952316284,3.493000030517578,673.28564453125,384.6000061035156,0.0,0.0,0.0,0.0,0.0,0.0,0.0,966.0,4111.0,5077.0,22.965517044067383,31.79310417175293,54.75862121582031,0.0,1.5475862121582031,0.0,0,0,0,0,0,0,469,la paz,santander,palabra_riesgosa,True,0,0,0,0,,,,,,,0,
68377,LA BELLEZA,SANTANDER,335.201581725,338,celdas,5.0,4.220413684844971,4.0,6.473999977111816,728.0712890625,336.5,0.0,0.0,0.0,0.0,0.0,0.0,0.0,2035.0,4307.0,6342.0,33.92568588256836,30.371566772460938,64.2972526550293,0.0,1.642972526550293,0.0,0,0,0,0,0,0,470,la belleza,santander,unico,False,1,1,0,1,,,,,,,0,
15638,SÁCHICA,BOYACÁ,63.9272582918,66,celdas,4.599999904632568,4.109091281890869,3.900000095367432,4.13700008392334,621.331787109375,364.1000061035156,0.0,0.0,0.0,0.0,0.0,0.0,0.0,3218.0,3226.0,6444.0,3.0203545093536377,37.491790771484375,40.51214528083801,0.0,1.4051214528083802,0.0,0,0,0,0,0,0,471,sachica,boyaca,unico,False,0,0,0,0,,,,,,,0,
25839,UBALÁ,CUNDINAMARCA,522.458624428,526,celdas,4.400000095367432,3.948098659515381,3.799999952316284,4.01200008392334,773.0148315429688,466.6000061035156,0.0,0.0,0.0,0.0,0.0,0.0,0.0,2083.0,5825.0,7908.0,8.781288146972656,77.718505859375,86.49979400634766,0.0,1.8649979400634769,0.0,0,0,0,0,0,0,472,ubala,cundinamarca,unico,False,0,0,0,0,,,,,,,1,
15600,RÁQUIRA,BOYACÁ,220.666370281,222,celdas,4.900000095367432,4.13918924331665,3.900000095367432,5.519000053405762,633.9076538085938,300.1000061035156,0.0,0.0,0.0,0.0,0.0,0.0,0.0,2755.0,5321.0,8076.0,2.52201771736145,52.441951751708984,54.963969469070435,0.0,1.5496396946907045,0.0,0,0,0,0,0,0,473,raquira,boyaca,unico,False,0,0,0,0,,,,,,,0,
13670,SAN PABLO,BOLÍVAR,2021.01468157,2035,celdas,4.800000190734863,4.104127883911133,3.700000047683716,4.301000118255615,476.5501708984375,189.8000030517578,0.0,0.0,0.0,0.0,0.0,0.0,0.0,23518.0,5794.0,29312.0,38.58453750610352,33.94049072265625,72.52502822875977,0.0,1.7252502822875977,0.0,0,0,0,0,0,0,474,san pablo,bolivar,unico,False,0,0,0,0,,,,,,,1,
05790,TARAZÁ,ANTIOQUIA,1149.05383421,1154,celdas,4.900000095367432,4.228423118591309,3.900000095367432,4.9720001220703125,570.5206909179688,228.0,0.0,0.0,0.0,0.0,0.0,0.0,0.0,15566.0,13976.0,29542.0,30.16930389404297,36.76103210449219,66.93033599853516,0.0,1.6693033599853515,0.0,0,0,0,0,0,0,475,taraza,antioquia,unico,False,0,0,0,0,,,,,,,1,
05819,TOLEDO,ANTIOQUIA,134.448680394,138,celdas,4.699999809265137,4.171014308929443,4.099999904632568,5.71999979019165,850.38623046875,510.8999938964844,0.0,0.0,0.0,0.0,0.0,0.0,0.0,1752.0,3015.0,4767.0,4.934415817260742,56.65209197998047,61.58650779724121,0.0,1.615865077972412,0.0,0,0,0,0,0,0,476,toledo,antioquia,unico,False,0,0,0,0,,,,,,,1,
05854,VALDIVIA,ANTIOQUIA,567.702635546,581,celdas,4.900000095367432,4.096729755401611,3.900000095367432,5.300000190734863,761.3410034179688,287.1000061035156,0.0,0.0,0.0,0.0,0.0,0.0,0.0,4511.0,10594.0,15105.0,21.743513107299805,55.30360412597656,77.04711723327637,0.0,1.7704711723327635,0.0,0,0,0,0,0,0,477,valdivia,antioquia,unico,False,1,1,0,1,,,,,,,1,
05895,ZARAGOZA,ANTIOQUIA,1167.39872122,1179,celdas,5.0,4.465140342712402,3.900000095367432,4.629000186920166,373.8067626953125,189.8999938964844,0.0,0.0,0.0,0.0,0.0,0.0,0.0,13801.0,13195.0,26996.0,49.164249420166016,28.153059005737305,77.31730842590332,0.0,1.7731730842590332,0.0,0,0,0,0,0,0,478,zaragoza,antioquia,unico,False,6,4,0,6,,,,,,,1,
13160,CANTAGALLO,BOLÍVAR,881.510858034,888,celdas,4.800000190734863,4.217905521392822,3.700000047683716,4.383999824523926,435.8807678222656,186.5,0.0,0.0,0.0,0.0,0.0,0.0,0.0,4947.0,3977.0,8924.0,46.43898391723633,30.77884292602539,77.21782684326172,0.0,1.7721782684326173,0.0,0,0,0,0,0,0,479,cantagallo,bolivar,unico,False,0,0,0,0,,,,,,,1,
13458,MONTECRISTO,BOLÍVAR,2092.81355819,528,celdas,4.599999904632568,3.945833206176758,3.5999999046325684,3.7330000400543217,560.6111450195312,282.0,0.0,0.0,0.0,0.0,0.0,0.0,0.0,3771.0,12566.0,16337.0,77.09745025634766,22.3416690826416,99.43911933898926,0.0,1.9943911933898928,0.0,0,0,0,0,0,0,480,montecristo,bolivar,unico,False,0,0,0,0,,,,,,,1,
13688,SANTA ROSA DEL SUR,BOLÍVAR,2382.78713809,1657,celdas,4.599999904632568,3.902836561203003,3.5999999046325684,3.7739999294281006,593.3736572265625,268.1000061035156,0.0,0.0,0.0,0.0,0.0,0.0,0.0,20402.0,13136.0,33538.0,37.91366958618164,26.608427047729492,64.52209663391113,0.0,1.6452209663391113,0.0,0,0,0,0,0,0,481,santa rosa del sur,bolivar,unico,False,0,0,0,0,,,,,,,1,
15109,BUENAVISTA,BOYACÁ,110.156756515,110,celdas,4.400000095367432,4.102726936340332,4.0,4.900000095367432,815.8136596679688,587.5999755859375,0.0,0.0,0.0,0.0,0.0,0.0,0.0,941.0,3578.0,4519.0,11.053316116333008,53.576072692871094,64.6293888092041,0.0,1.646293888092041,0.0,0,0,0,0,0,0,482,buenavista,boyaca,nombre_repetido,True,0,0,0,0,,,,,,,0,
13744,SIMITÍ,BOLÍVAR,1354.63786683,918,celdas,4.5,4.033987045288086,3.5999999046325684,2.809999942779541,419.7986145019531,190.3000030517578,0.0,0.0,0.0,0.0,0.0,0.0,0.0,5995.0,12415.0,18410.0,35.66606521606445,62.03870391845703,97.70476913452148,0.0,1.9770476913452149,0.0,0,0,0,0,0,0,483,simiti,bolivar,unico,False,0,0,0,0,,,,,,,1,
15001,TUNJA,BOYACÁ,119.685498147,123,celdas,4.5,4.078861713409424,3.900000095367432,3.565999984741211,560.62841796875,330.5,0.0,0.0,0.0,0.0,0.0,0.0,0.0,183278.0,8094.0,191372.0,1.4585429430007937,12.492815017700195,13.951357960700989,0.0,1.13951357960701,0.0,0,0,0,0,0,0,484,tunja,boyaca,unico,False,0,0,0,0,,,,,,,0,
15022,ALMEIDA,BOYACÁ,57.6721191689,57,celdas,4.0,3.9192981719970703,3.799999952316284,3.052999973297119,788.47900390625,660.0999755859375,0.0,0.0,0.0,0.0,0.0,0.0,0.0,373.0,1391.0,1764.0,5.0724639892578125,51.30434799194336,56.37681198120117,0.0,1.5637681198120117,0.0,0,0,0,0,0,0,485,almeida,boyaca,unico,False,0,0,0,0,,,,,,,0,
15051,ARCABUCO,BOYACÁ,137.898588025,141,celdas,4.599999904632568,4.002837181091309,3.799999952316284,3.877000093460083,655.3858642578125,344.8999938964844,0.0,0.0,0.0,0.0,0.0,0.0,0.0,2839.0,3683.0,6522.0,1.2087912559509275,37.19780349731445,38.40659475326538,0.0,1.3840659475326538,0.0,0,0,0,0,0,0,486,arcabuco,boyaca,unico,False,0,0,0,0,,,,,,,0,
15090,BERBEO,BOYACÁ,58.0130163058,10,celdas,3.900000095367432,3.8299999237060542,3.799999952316284,2.3350000381469727,769.2600708007812,644.0999755859375,0.0,0.0,0.0,0.0,0.0,0.0,0.0,488.0,1148.0,1636.0,21.21739196777344,26.43478202819824,47.65217399597168,0.0,1.4765217399597168,0.0,0,0,0,0,0,0,487,berbeo,boyaca,unico,False,0,0,0,0,,,,,,,0,
15104,BOYACÁ,BOYACÁ,48.0228679324,48,celdas,4.699999809265137,3.972916603088379,3.799999952316284,4.209000110626221,708.2999877929688,313.70001220703125,0.0,0.0,0.0,0.0,0.0,0.0,0.0,971.0,4342.0,5313.0,1.7693315744400024,41.2188720703125,42.9882036447525,0.0,1.429882036447525,0.0,0,0,0,0,0,0,488,boyaca,boyaca,palabra_riesgosa,True,2,2,1,1,,,,,,,0,
05628,SABANALARGA,ANTIOQUIA,265.764416015,263,celdas,4.900000095367432,4.315968990325928,4.099999904632568,7.109000205993652,832.6049194335938,481.7999877929687,0.0,0.0,0.0,0.0,0.0,0.0,0.0,3578.0,6385.0,9963.0,2.592592477798462,66.70781707763672,69.30040955543518,0.0,1.6930040955543515,0.0,0,0,0,0,0,0,489,sabanalarga,antioquia,unico,False,0,0,0,0,,,,,,,1,
05543,PEQUE,ANTIOQUIA,434.069043395,444,celdas,4.800000190734863,4.171396255493164,4.099999904632568,6.724999904632568,856.6370849609375,554.2999877929688,0.0,0.0,0.0,0.0,0.0,0.0,0.0,2835.0,6000.0,8835.0,5.568553924560547,55.170799255371094,60.73935317993164,0.0,1.6073935317993164,0.0,0,0,0,0,0,0,490,peque,antioquia,unico,False,0,0,0,0,,,,,,,1,
05495,NECHÍ,ANTIOQUIA,937.322945012,190,celdas,4.800000190734863,4.518947601318359,4.300000190734863,3.86299991607666,268.15789794921875,201.6999969482422,0.0,0.0,0.0,0.0,0.0,0.0,0.0,16862.0,12991.0,29853.0,54.92206573486328,42.90401840209961,97.82608413696288,0.0,1.9782608413696288,0.0,0,0,0,0,0,0,491,nechi,antioquia,unico,False,0,0,0,0,,,,,,,1,
05361,ITUANGO,ANTIOQUIA,2841.11608763,2854,celdas,4.800000190734863,4.069095611572266,3.900000095367432,5.361999988555908,819.0040893554688,360.0,0.0,0.0,0.0,0.0,0.0,0.0,0.0,8614.0,21036.0,29650.0,20.41540908813477,48.26912689208984,68.68453598022461,0.0,1.686845359802246,0.0,0,0,0,0,0,0,492,ituango,antioquia,unico,False,2,1,2,0,,,,,,,1,
05315,GUADALUPE,ANTIOQUIA,118.207933494,120,celdas,4.900000095367432,4.3458333015441895,4.099999904632568,6.675000190734863,725.7008056640625,435.0,0.0,0.0,0.0,0.0,0.0,0.0,0.0,2600.0,4431.0,7031.0,3.3943965435028076,56.89655303955078,60.29094958305359,0.0,1.602909495830536,0.0,0,0,0,0,0,0,493,guadalupe,antioquia,nombre_repetido,True,0,0,0,0,,,,,,,1,
05306,GIRALDO,ANTIOQUIA,93.4251283049,94,celdas,5.0,4.60319185256958,4.5,8.472999572753906,820.468017578125,584.7999877929688,0.0,0.0,0.0,0.0,0.0,0.0,0.0,2586.0,3905.0,6491.0,3.501483678817749,51.27596282958984,54.77744650840759,0.0,1.547774465084076,0.0,0,0,0,0,0,0,494,giraldo,antioquia,unico,False,18,8,16,2,,,,,,,1,
05250,EL BAGRE,ANTIOQUIA,1560.24755631,1441,celdas,4.900000095367432,4.118042945861816,3.700000047683716,4.51200008392334,469.1595153808594,182.5,0.0,0.0,0.0,0.0,0.0,0.0,0.0,38492.0,18104.0,56596.0,32.48967742919922,40.36549758911133,72.85517501831055,0.0,1.7285517501831054,0.0,0,0,0,0,0,0,495,el bagre,antioquia,unico,False,0,0,0,0,,,,,,,1,
05212,COPACABANA,ANTIOQUIA,67.8568045618,70,celdas,5.0,4.515714168548584,4.300000190734863,7.73199987411499,821.607177734375,531.7999877929688,0.0,0.0,0.0,0.0,0.0,0.0,0.0,73753.0,18316.0,92069.0,1.4814225435256958,17.34697914123535,18.828401684761047,0.0,1.1882840168476103,0.0,0,0,0,0,0,0,496,copacabana,antioquia,unico,False,0,0,0,0,,,,,,,1,
05154,CAUCASIA,ANTIOQUIA,1429.08227891,775,celdas,4.800000190734863,4.55690336227417,4.199999809265137,4.3379998207092285,281.0223388671875,213.8000030517578,0.0,0.0,0.0,0.0,0.0,0.0,0.0,84138.0,9838.0,93976.0,19.948524475097656,30.227678298950195,50.17620277404785,0.0,1.5017620277404786,0.0,0,0,0,0,0,0,497,caucasia,antioquia,unico,False,0,0,0,0,,,,,,,1,
05138,CAÑASGORDAS,ANTIOQUIA,364.832359366,368,celdas,5.0,4.5220112800598145,4.199999809265137,8.071999549865723,787.3875732421875,477.5,0.0,0.0,0.0,0.0,0.0,0.0,0.0,5462.0,9875.0,15337.0,4.399093151092529,58.07256317138672,62.47165632247925,0.0,1.6247165632247924,0.0,0,0,0,0,0,0,498,canasgordas,antioquia,unico,False,0,0,0,0,,,,,,,1,
05134,CAMPAMENTO,ANTIOQUIA,232.191767256,239,celdas,4.599999904632568,4.166526794433594,4.0,5.546999931335449,784.744384765625,512.4000244140625,0.0,0.0,0.0,0.0,0.0,0.0,0.0,3087.0,6976.0,10063.0,7.10085916519165,64.26956176757812,71.37042093276978,0.0,1.7137042093276975,0.0,0,0,0,0,0,0,499,campamento,antioquia,unico,False,4,2,0,4,,,,,,,1,
05120,CÁCERES,ANTIOQUIA,1873.73390115,1860,celdas,4.900000095367432,4.483387470245361,3.900000095367432,4.803999900817871,369.15484619140625,205.8000030517578,0.0,0.0,0.0,0.0,0.0,0.0,0.0,7011.0,21933.0,28944.0,47.918312072753906,43.043479919433594,90.9617919921875,0.0,1.909617919921875,0.0,0,0,0,0,0,0,500,caceres,antioquia,unico,False,0,0,0,0,,,,,,,1,
05113,BURITICÁ,ANTIOQUIA,355.297864791,355,celdas,4.900000095367432,4.398873329162598,4.199999809265137,7.604000091552734,860.31494140625,546.0,0.0,0.0,0.0,0.0,0.0,0.0,0.0,3011.0,8157.0,11168.0,4.473565101623535,54.85765838623047,59.331223487854,0.0,1.59331223487854,0.0,0,0,0,0,0,0,501,buritica,antioquia,unico,False,0,0,0,0,,,,,,,1,
05107,BRICEÑO,ANTIOQUIA,376.346755879,374,celdas,4.699999809265137,4.109892845153809,4.0,5.830999851226807,847.6085205078125,445.0,0.0,0.0,0.0,0.0,0.0,0.0,0.0,2818.0,5087.0,7905.0,10.875984191894531,54.03543472290039,64.91141891479492,0.0,1.6491141891479493,0.0,0,0,0,0,0,0,502,briceno,antioquia,nombre_repetido,True,0,0,0,0,,,,,,,1,
05045,APARTADÓ,ANTIOQUIA,535.156288792,307,celdas,5.0,4.437133312225342,3.799999952316284,4.64300012588501,404.9443054199219,203.1000061035156,0.0,0.0,0.0,0.0,0.0,0.0,0.0,105207.0,20674.0,125881.0,14.42748737335205,30.862035751342773,45.289523124694824,0.0,1.4528952312469483,0.0,0,0,0,0,0,0,503,apartado,antioquia,unico,False,0,0,0,0,,,,,,,1,
05040,ANORÍ,ANTIOQUIA,1413.77571881,1418,celdas,5.0,4.231664180755615,3.900000095367432,6.329999923706055,628.4073486328125,312.6000061035156,0.0,0.0,0.0,0.0,0.0,0.0,0.0,9506.0,11801.0,21307.0,31.515535354614254,37.15916442871094,68.6746997833252,0.0,1.686746997833252,0.0,0,0,0,0,0,0,504,anori,antioquia,unico,False,0,0,0,0,,,,,,,1,
95001,SAN JOSÉ DEL GUAVIARE,GUAVIARE,16757.08443,2025,celdas,4.400000095367432,3.9908642768859863,3.5999999046325684,2.8489999771118164,351.73028564453125,220.6000061035156,0.0,0.0,0.0,0.0,0.0,0.0,0.0,37259.0,17260.0,54519.0,29.897390365600582,36.77151107788086,66.66890144348145,0.0,1.6666890144348143,0.0,0,0,0,0,0,0,505,san jose del guaviare,guaviare,unico,False,0,0,0,0,,,,,,,0,
15106,BRICEÑO,BOYACÁ,64.5997029493,68,celdas,4.300000190734863,4.05294132232666,4.0,4.382999897003174,832.0514526367188,611.2999877929688,0.0,0.0,0.0,0.0,0.0,0.0,0.0,570.0,1687.0,2257.0,42.12765884399414,29.078014373779297,71.20567321777344,0.0,1.7120567321777345,0.0,0,0,0,0,0,0,506,briceno,boyaca,nombre_repetido,True,0,0,0,0,,,,,,,0,
15131,CALDAS,BOYACÁ,78.9655741816,81,celdas,4.900000095367432,4.47283935546875,4.0,5.796999931335449,537.9234619140625,340.3999938964844,0.0,0.0,0.0,0.0,0.0,0.0,0.0,309.0,2488.0,2797.0,3.6929056644439697,55.1020393371582,58.79494500160217,0.0,1.5879494500160218,0.0,0,0,0,0,0,0,507,caldas,boyaca,palabra_riesgosa,True,1,1,0,1,,,,,,,0,
15599,RAMIRIQUÍ,BOYACÁ,125.683802287,126,celdas,4.099999904632568,3.933332920074463,3.799999952316284,3.056999921798706,715.3800659179688,515.4000244140625,0.0,0.0,0.0,0.0,0.0,0.0,0.0,4458.0,5668.0,10126.0,1.5023818016052246,38.14583969116211,39.648221492767334,0.0,1.3964822149276732,0.0,0,0,0,0,0,0,508,ramiriqui,boyaca,unico,False,0,0,0,0,,,,,,,0,
15480,MUZO,BOYACÁ,137.874127325,139,celdas,4.800000190734863,4.246762752532959,4.099999904632568,6.301000118255615,786.2813110351562,492.5,0.0,0.0,0.0,0.0,0.0,0.0,0.0,5399.0,2638.0,8037.0,43.17290496826172,23.17290496826172,66.34580993652344,0.0,1.6634580993652344,0.0,0,0,0,0,0,0,509,muzo,boyaca,corto,True,0,0,0,0,,,,,,,0,
15407,VILLA DE LEYVA,BOYACÁ,126.588412709,127,celdas,4.900000095367432,4.151968479156494,3.799999952316284,4.964000225067139,612.4534912109375,265.79998779296875,0.0,0.0,0.0,0.0,0.0,0.0,0.0,10330.0,9773.0,20103.0,2.6641883850097656,24.411399841308594,27.07558822631836,0.0,1.2707558822631837,0.0,0,0,0,0,0,0,510,villa de leyva,boyaca,unico,False,0,0,0,0,,,,,,,0,
15425,MACANAL,BOYACÁ,199.966005591,205,celdas,4.099999904632568,3.845853805541992,3.799999952316284,3.2869999408721924,837.3428955078125,505.1000061035156,0.0,0.0,0.0,0.0,0.0,0.0,0.0,1403.0,3964.0,5367.0,8.375819206237793,34.7414436340332,43.11726284027099,0.0,1.43117262840271,0.0,0,0,0,0,0,0,511,macanal,boyaca,unico,False,0,0,0,0,,,,,,,0,
15442,MARIPÍ,BOYACÁ,160.684789408,160,celdas,4.599999904632568,4.179375171661377,4.0,5.4029998779296875,789.2305908203125,514.2000122070312,0.0,0.0,0.0,0.0,0.0,0.0,0.0,978.0,4905.0,5883.0,40.157039642333984,45.26079559326172,85.4178352355957,0.0,1.854178352355957,0.0,0,0,0,0,0,0,512,maripi,boyaca,unico,False,0,0,0,0,,,,,,,0,
15455,MIRAFLORES,BOYACÁ,258.714180798,232,celdas,4.0,3.841379165649414,3.799999952316284,2.805000066757202,799.1461181640625,571.7999877929688,0.0,0.0,0.0,0.0,0.0,0.0,0.0,5662.0,3393.0,9055.0,10.569620132446287,20.822784423828125,31.392404556274418,0.0,1.313924045562744,0.0,0,0,0,0,0,0,513,miraflores,boyaca,unico,False,0,0,0,0,,,,,,,0,
15469,MONIQUIRÁ,BOYACÁ,218.22856048,217,celdas,4.5,4.063594341278076,3.900000095367432,3.7709999084472656,613.623046875,388.6000061035156,0.0,0.0,0.0,0.0,0.0,0.0,0.0,12936.0,11006.0,23942.0,2.552204132080078,35.36235809326172,37.9145622253418,0.0,1.379145622253418,0.0,0,0,0,0,0,0,514,moniquira,boyaca,unico,False,0,0,0,0,,,,,,,0,
15476,MOTAVITA,BOYACÁ,60.0448322201,62,celdas,4.300000190734863,4.070968151092529,3.900000095367432,3.253000020980835,548.6484375,397.1000061035156,0.0,0.0,0.0,0.0,0.0,0.0,0.0,908.0,4267.0,5175.0,2.6001405715942383,62.19255065917969,64.79269123077393,0.0,1.6479269123077391,0.0,0,0,0,0,0,0,515,motavita,boyaca,unico,False,0,0,0,0,,,,,,,0,
15494,NUEVO COLÓN,BOYACÁ,51.3967973568,50,celdas,4.199999809265137,3.990000009536743,3.900000095367432,3.382999897003174,715.739990234375,500.8999938964844,0.0,0.0,0.0,0.0,0.0,0.0,0.0,1196.0,4048.0,5244.0,2.004860162734986,52.18711853027344,54.19197869300842,0.0,1.5419197869300842,0.0,0,0,0,0,0,0,516,nuevo colon,boyaca,unico,False,0,0,0,0,,,,,,,0,
15135,CAMPOHERMOSO,BOYACÁ,298.728379294,198,celdas,4.0,3.818181276321411,3.799999952316284,2.638999938964844,843.5358276367188,626.9000244140625,0.0,0.0,0.0,0.0,0.0,0.0,0.0,906.0,2281.0,3187.0,20.178926467895508,52.58449172973633,72.76341819763184,0.0,1.7276341819763184,0.0,0,0,0,0,0,0,517,campohermoso,boyaca,unico,False,0,0,0,0,,,,,,,0,
15500,OICATÁ,BOYACÁ,60.3021762254,61,celdas,4.5,4.191803932189941,4.0,3.240000009536743,441.3885498046875,312.0,0.0,0.0,0.0,0.0,0.0,0.0,0.0,509.0,2432.0,2941.0,2.5695931911468506,29.87152099609375,32.4411141872406,0.0,1.324411141872406,0.0,0,0,0,0,0,0,518,oicata,boyaca,unico,False,0,0,0,0,,,,,,,0,
15808,TINJACÁ,BOYACÁ,79.7514018004,80,celdas,4.599999904632568,4.123749732971191,3.900000095367432,4.447999954223633,665.8287353515625,376.0,0.0,0.0,0.0,0.0,0.0,0.0,0.0,950.0,2697.0,3647.0,2.728127956390381,57.19661331176758,59.92474126815796,0.0,1.5992474126815797,0.0,0,0,0,0,0,0,519,tinjaca,boyaca,unico,False,0,0,0,0,,,,,,,0,
15511,PACHAVITA,BOYACÁ,66.690169383,67,celdas,4.0,3.899999856948853,3.799999952316284,2.9790000915527344,823.2417602539062,620.4000244140625,0.0,0.0,0.0,0.0,0.0,0.0,0.0,548.0,1683.0,2231.0,2.527472496032715,40.21977996826172,42.747252464294434,0.0,1.4274725246429445,0.0,0,0,0,0,0,0,520,pachavita,boyaca,unico,False,0,0,0,0,,,,,,,0,
15516,PAIPA,BOYACÁ,305.109194968,186,celdas,4.0,3.776881694793701,3.5999999046325684,1.9579999446868896,737.5477905273438,439.7000122070313,0.0,0.0,0.0,0.0,0.0,0.0,0.0,24554.0,14594.0,39148.0,1.8482108116149905,20.79237174987793,22.64058256149292,0.0,1.2264058256149293,0.0,0,0,0,0,0,0,521,paipa,boyaca,unico,False,0,0,0,0,,,,,,,0,
15531,PAUNA,BOYACÁ,252.628722922,252,celdas,4.800000190734863,4.148412227630615,4.0,5.668000221252441,788.6575317382812,442.3999938964844,0.0,0.0,0.0,0.0,0.0,0.0,0.0,2379.0,4967.0,7346.0,45.704891204833984,26.387176513671875,72.09206771850586,0.0,1.7209206771850587,0.0,0,0,0,0,0,0,522,pauna,boyaca,unico,False,0,0,0,0,,,,,,,0,
15542,PESCA,BOYACÁ,263.092584356,21,celdas,4.099999904632568,3.8285715579986577,3.700000047683716,2.6530001163482666,748.6475830078125,428.7000122070313,0.0,0.0,0.0,0.0,0.0,0.0,0.0,2515.0,4504.0,7019.0,3.010653018951416,48.540992736816406,51.55164575576782,0.0,1.5155164575576785,0.0,0,0,0,0,0,0,523,pesca,boyaca,unico,False,0,0,0,0,,,,,,,0,
15401,LA VICTORIA,BOYACÁ,28.0052177524,32,celdas,4.699999809265137,4.421875,4.199999809265137,6.434000015258789,753.6968994140625,550.7999877929688,0.0,0.0,0.0,0.0,0.0,0.0,0.0,461.0,703.0,1164.0,24.611398696899418,30.829015731811523,55.44041442871094,0.0,1.5544041442871093,0.0,0,0,0,0,0,0,524,la victoria,boyaca,palabra_riesgosa,True,0,0,0,0,,,,,,,0,
15380,LA CAPILLA,BOYACÁ,56.9311692965,58,celdas,4.099999904632568,3.918965578079224,3.900000095367432,3.3469998836517334,845.9810180664062,600.5,0.0,0.0,0.0,0.0,0.0,0.0,0.0,1043.0,1481.0,2524.0,2.549889087677002,38.691795349121094,41.241684436798096,0.0,1.412416844367981,0.0,0,0,0,0,0,0,525,la capilla,boyaca,unico,False,1,1,1,0,,,,,,,0,
15367,JENESANO,BOYACÁ,59.0082905273,60,celdas,4.400000095367432,3.963333129882813,3.799999952316284,3.640000104904175,701.751708984375,419.5,0.0,0.0,0.0,0.0,0.0,0.0,0.0,2004.0,5399.0,7403.0,1.6674386262893677,40.75960922241211,42.42704784870148,0.0,1.4242704784870148,0.0,0,0,0,0,0,0,526,jenesano,boyaca,unico,False,0,0,0,0,,,,,,,0,
15325,GUAYATÁ,BOYACÁ,99.9668386356,98,celdas,4.099999904632568,3.938775539398194,3.900000095367432,3.5239999294281006,823.4796752929688,553.4000244140625,0.0,0.0,0.0,0.0,0.0,0.0,0.0,1257.0,2223.0,3480.0,3.5603713989257812,46.43962860107422,50.0,0.0,1.5,0.0,0,0,0,0,0,0,527,guayata,boyaca,unico,False,0,0,0,0,,,,,,,0,
15322,GUATEQUE,BOYACÁ,36.1392852266,37,celdas,4.099999904632568,3.959459781646729,3.900000095367432,3.450000047683716,780.7568359375,570.0999755859375,0.0,0.0,0.0,0.0,0.0,0.0,0.0,8317.0,3154.0,11471.0,3.098220109939575,25.2471981048584,28.345418214797977,0.0,1.2834541821479797,0.0,0,0,0,0,0,0,528,guateque,boyaca,unico,False,0,0,0,0,,,,,,,0,
15299,GARAGOA,BOYACÁ,193.512491052,195,celdas,4.099999904632568,3.885641098022461,3.799999952316284,3.2769999504089355,791.0990600585938,523.0999755859375,0.0,0.0,0.0,0.0,0.0,0.0,0.0,13996.0,5613.0,19609.0,3.2388663291931152,22.86485481262207,26.103721141815186,0.0,1.2610372114181518,0.0,0,0,0,0,0,0,529,garagoa,boyaca,unico,False,0,0,0,0,,,,,,,0,
15293,GACHANTIVÁ,BOYACÁ,88.1664273157,91,celdas,4.599999904632568,4.102197170257568,3.900000095367432,3.8970000743865967,594.7011108398438,360.7999877929687,0.0,0.0,0.0,0.0,0.0,0.0,0.0,634.0,2081.0,2715.0,1.022494912147522,62.0654411315918,63.08793604373932,0.0,1.6308793604373932,0.0,0,0,0,0,0,0,530,gachantiva,boyaca,unico,False,0,0,0,0,,,,,,,0,
15238,DUITAMA,BOYACÁ,234.024392547,18,celdas,4.0,3.7722222805023193,3.5999999046325684,1.6460000276565552,688.494384765625,424.8999938964844,0.0,0.0,0.0,0.0,0.0,0.0,0.0,122443.0,14988.0,137431.0,0.8578367829322815,14.14397144317627,15.001808226108553,0.0,1.1500180822610857,0.0,0,0,0,0,0,0,531,duitama,boyaca,unico,False,0,0,0,0,,,,,,,0,
15236,CHIVOR,BOYACÁ,108.679640801,106,celdas,4.099999904632568,3.8773581981658936,3.799999952316284,3.128999948501587,834.4613037109375,569.4000244140625,0.0,0.0,0.0,0.0,0.0,0.0,0.0,820.0,1953.0,2773.0,19.36026954650879,41.245792388916016,60.606061935424805,0.0,1.6060606193542482,0.0,0,0,0,0,0,0,532,chivor,boyaca,unico,False,0,0,0,0,,,,,,,0,
15232,CHÍQUIZA,BOYACÁ,116.511812703,114,celdas,4.300000190734863,3.947368621826172,3.799999952316284,3.3559999465942383,733.7999877929688,424.2000122070313,0.0,0.0,0.0,0.0,0.0,0.0,0.0,489.0,4306.0,4795.0,1.6344724893569946,71.84249877929688,73.47697126865387,0.0,1.734769712686539,0.0,0,0,0,0,0,0,533,chiquiza,boyaca,unico,False,0,0,0,0,,,,,,,0,
15224,CUCAITA,BOYACÁ,42.1280664517,44,celdas,4.5,4.072727680206299,3.799999952316284,3.8459999561309814,622.0750122070312,391.0,0.0,0.0,0.0,0.0,0.0,0.0,0.0,1630.0,2183.0,3813.0,3.8310413360595703,32.22003936767578,36.05108070373535,0.0,1.3605108070373535,0.0,0,0,0,0,0,0,534,cucaita,boyaca,unico,False,0,0,0,0,,,,,,,0,
15212,COPER,BOYACÁ,149.869726724,154,celdas,4.699999809265137,4.181818008422852,4.0,5.980000019073486,802.1616821289062,505.2999877929687,0.0,0.0,0.0,0.0,0.0,0.0,0.0,961.0,2495.0,3456.0,14.562289237976074,57.57575607299805,72.13804531097412,0.0,1.7213804531097412,0.0,0,0,0,0,0,0,535,coper,boyaca,unico,False,0,0,0,0,,,,,,,0,
15204,CÓMBITA,BOYACÁ,145.283155244,140,celdas,4.5,4.011428356170654,3.799999952316284,3.375999927520752,598.5842895507812,345.3999938964844,0.0,0.0,0.0,0.0,0.0,0.0,0.0,1790.0,11749.0,13539.0,0.7895640134811401,56.47099304199219,57.26055705547333,0.0,1.5726055705547333,0.0,0,0,0,0,0,0,536,combita,boyaca,unico,False,0,0,0,0,,,,,,,0,
15189,CIÉNEGA,BOYACÁ,53.9924224079,53,celdas,4.099999904632568,3.932074785232544,3.799999952316284,2.8570001125335693,691.4207763671875,520.0,0.0,0.0,0.0,0.0,0.0,0.0,0.0,1341.0,3158.0,4499.0,3.245033025741577,58.87417221069336,62.11920523643494,0.0,1.6211920523643495,0.0,0,0,0,0,0,0,537,cienega,boyaca,unico,False,0,0,0,0,,,,,,,0,
15187,CHIVATÁ,BOYACÁ,49.5323401522,50,celdas,4.300000190734863,4.038000106811523,3.900000095367432,3.1549999713897705,534.4140014648438,379.0,0.0,0.0,0.0,0.0,0.0,0.0,0.0,579.0,2279.0,2858.0,1.3157894611358645,52.99042892456055,54.30621838569641,0.0,1.5430621838569645,0.0,0,0,0,0,0,0,538,chivata,boyaca,unico,False,0,0,0,0,,,,,,,0,
15185,CHITARAQUE,BOYACÁ,158.534721681,158,celdas,4.300000190734863,3.932910680770874,3.799999952316284,3.065999984741211,691.1980590820312,390.0,0.0,0.0,0.0,0.0,0.0,0.0,0.0,1401.0,4568.0,5969.0,14.532872200012209,54.03690719604492,68.56977939605713,0.0,1.6856977939605713,0.0,0,0,0,0,0,0,539,chitaraque,boyaca,unico,False,0,0,0,0,,,,,,,0,
15172,CHINAVITA,BOYACÁ,136.373456527,136,celdas,4.0,3.872058629989624,3.799999952316284,2.937000036239624,822.5279541015625,632.4000244140625,0.0,0.0,0.0,0.0,0.0,0.0,0.0,1249.0,1800.0,3049.0,4.782993793487549,34.100975036621094,38.88396883010864,0.0,1.3888396883010865,0.0,0,0,0,0,0,0,540,chinavita,boyaca,unico,False,0,0,0,0,,,,,,,0,
68209,CONFINES,SANTANDER,71.4217004411,71,celdas,4.099999904632568,3.921126127243042,3.799999952316284,2.4100000858306885,568.5112915039062,381.5,0.0,0.0,0.0,0.0,0.0,0.0,0.0,958.0,2754.0,3712.0,3.91705060005188,50.5760383605957,54.49308896064758,0.0,1.544930889606476,0.0,0,0,0,0,0,0,541,confines,santander,unico,False,0,0,0,0,,,,,,,0,
68020,ALBANIA,SANTANDER,166.216966032,167,celdas,4.599999904632568,4.085628509521484,3.900000095367432,4.51800012588501,748.673095703125,410.6000061035156,0.0,0.0,0.0,0.0,0.0,0.0,0.0,770.0,3475.0,4245.0,24.959348678588867,33.98373794555664,58.94308662414551,0.0,1.5894308662414551,0.0,0,0,0,0,0,0,542,albania,santander,unico,False,0,0,0,0,,,,,,,0,
68179,CHIPATÁ,SANTANDER,94.9368190271,99,celdas,4.5,3.9909090995788574,3.799999952316284,3.7079999446868896,708.7838745117188,382.2000122070313,0.0,0.0,0.0,0.0,0.0,0.0,0.0,847.0,4401.0,5248.0,5.357142925262451,41.26275634765625,46.6198992729187,0.0,1.466198992729187,0.0,0,0,0,0,0,0,543,chipata,santander,unico,False,0,0,0,0,,,,,,,0,
41244,ELÍAS,HUILA,80.4417432005,79,celdas,4.300000190734863,3.988607168197632,3.799999952316284,3.7909998893737793,723.973388671875,446.8999938964844,0.0,0.0,0.0,0.0,0.0,0.0,0.0,1628.0,3193.0,4821.0,5.2419352531433105,46.45161437988281,51.69354963302612,0.0,1.5169354963302613,0.0,0,0,0,0,0,0,544,elias,huila,unico,False,0,0,0,0,,,,,,,1,
41359,ISNOS,HUILA,370.656566227,370,celdas,4.800000190734863,4.137837886810303,3.799999952316284,4.65500020980835,593.4386596679688,284.20001220703125,0.0,0.0,0.0,0.0,0.0,0.0,0.0,6520.0,20300.0,26820.0,21.683256149291992,37.28108978271485,58.96434593200683,0.0,1.5896434593200683,0.0,0,0,0,0,0,0,545,isnos,huila,unico,False,0,0,0,0,,,,,,,1,
41357,ÍQUIRA,HUILA,356.515479832,358,celdas,5.0,4.333519458770752,4.099999904632568,6.914000034332275,760.6527709960938,378.5,0.0,0.0,0.0,0.0,0.0,0.0,0.0,2771.0,7086.0,9857.0,8.945805549621582,57.609500885009766,66.55530643463135,0.0,1.6655530643463134,0.0,0,0,0,0,0,0,546,iquira,huila,unico,False,0,0,0,0,,,,,,,1,
25154,CARMEN DE CARUPA,CUNDINAMARCA,298.549064074,300,celdas,4.900000095367432,4.286999702453613,4.0,6.183000087738037,671.1326293945312,353.1000061035156,0.0,0.0,0.0,0.0,0.0,0.0,0.0,2866.0,4912.0,7778.0,2.474226713180542,38.30927658081055,40.78350329399109,0.0,1.407835032939911,0.0,0,0,0,0,0,0,547,carmen de carupa,cundinamarca,unico,False,0,0,0,0,,,,,,,1,
41319,GUADALUPE,HUILA,249.607338731,251,celdas,4.5,3.962151288986206,3.799999952316284,4.085999965667725,726.3784790039062,382.3999938964844,0.0,0.0,0.0,0.0,0.0,0.0,0.0,5587.0,13015.0,18602.0,5.680622577667236,52.72459411621094,58.405216693878174,0.0,1.5840521669387817,0.0,0,0,0,0,0,0,548,guadalupe,huila,nombre_repetido,True,0,0,0,0,,,,,,,1,
41306,GIGANTE,HUILA,503.712817468,506,celdas,5.0,4.162450313568115,3.900000095367432,6.196000099182129,698.8021850585938,347.79998779296875,0.0,0.0,0.0,0.0,0.0,0.0,0.0,9334.0,14019.0,23353.0,4.898975849151611,46.166622161865234,51.065598011016846,0.0,1.5106559801101684,0.0,0,0,0,0,0,0,549,gigante,huila,unico,False,6,6,6,0,,,,,,,1,
41298,GARZÓN,HUILA,606.5114573,609,celdas,4.900000095367432,4.060590744018555,3.799999952316284,5.5229997634887695,713.5408935546875,308.8999938964844,0.0,0.0,0.0,0.0,0.0,0.0,0.0,41201.0,35769.0,76970.0,4.912013053894043,35.24250030517578,40.154513359069824,0.0,1.4015451335906983,0.0,0,0,0,0,0,0,550,garzon,huila,unico,False,3,2,3,0,,,,,,,1,
25178,CHIPAQUE,CUNDINAMARCA,150.549554028,152,celdas,4.900000095367432,4.199342250823975,4.0,6.514999866485596,771.4401245117188,429.2999877929687,0.0,0.0,0.0,0.0,0.0,0.0,0.0,3699.0,6555.0,10254.0,2.7708704471588135,54.13854217529297,56.90941262245178,0.0,1.5690941262245175,0.0,0,0,0,0,0,0,551,chipaque,cundinamarca,unico,False,0,0,0,0,,,,,,,1,
41396,LA PLATA,HUILA,814.650921211,808,celdas,4.900000095367432,4.220915794372559,3.900000095367432,5.867000102996826,685.5167236328125,322.5,0.0,0.0,0.0,0.0,0.0,0.0,0.0,29206.0,40308.0,69514.0,11.571859359741213,44.83430862426758,56.40616798400879,0.0,1.564061679840088,0.0,0,0,0,0,0,0,552,la plata,huila,palabra_riesgosa,True,0,0,0,0,,,,,,,1,
41026,ALTAMIRA,HUILA,180.975562163,183,celdas,4.599999904632568,4.151366233825684,3.900000095367432,4.410999774932861,592.1470336914062,377.2999877929687,0.0,0.0,0.0,0.0,0.0,0.0,0.0,2698.0,2127.0,4825.0,3.7900874614715576,35.349853515625,39.13994097709656,0.0,1.3913994097709657,0.0,0,0,0,0,0,0,553,altamira,huila,unico,False,0,0,0,0,,,,,,,1,
41020,ALGECIRAS,HUILA,589.68898703,588,celdas,4.699999809265137,4.056972980499268,3.900000095367432,5.182000160217285,817.0773315429688,444.5,0.0,0.0,0.0,0.0,0.0,0.0,0.0,11063.0,11687.0,22750.0,12.151067733764648,46.29049301147461,58.44156074523926,0.0,1.5844156074523927,0.0,0,0,0,0,0,0,554,algeciras,huila,unico,False,0,0,0,0,,,,,,,1,
25183,CHOCONTÁ,CUNDINAMARCA,300.108735449,302,celdas,4.800000190734863,4.239404201507568,3.900000095367432,5.363999843597412,598.4549560546875,356.1000061035156,0.0,0.0,0.0,0.0,0.0,0.0,0.0,13229.0,8864.0,22093.0,1.8472291231155396,32.867366790771484,34.714595913887024,0.0,1.3471459591388704,0.0,0,0,0,0,0,0,555,choconta,cundinamarca,unico,False,0,0,0,0,,,,,,,1,
41013,AGRADO,HUILA,273.731683978,275,celdas,5.0,4.386909008026123,4.0,5.480000019073486,545.904052734375,286.70001220703125,0.0,0.0,0.0,0.0,0.0,0.0,0.0,6077.0,3324.0,9401.0,2.402520656585694,47.65655899047851,50.05907964706421,0.0,1.5005907964706422,0.0,0,0,0,0,0,0,556,agrado,huila,unico,False,0,0,0,0,,,,,,,1,
41006,ACEVEDO,HUILA,521.797288639,147,celdas,4.300000190734863,3.9448976516723633,3.799999952316284,3.3529999256134033,669.6006469726562,379.6000061035156,0.0,0.0,0.0,0.0,0.0,0.0,0.0,4824.0,21458.0,26282.0,7.302984237670898,66.88213348388672,74.18511772155762,0.0,1.741851177215576,0.0,0,0,0,0,0,0,557,acevedo,huila,unico,False,1,1,1,0,,,,,,,1,
27800,UNGUÍA,CHOCÓ,1190.32119601,32,celdas,5.0,4.90625,4.599999904632568,4.604000091552734,202.88438415527344,180.0,0.0,0.0,0.0,0.0,0.0,0.0,0.0,3422.0,9059.0,12481.0,56.57270431518555,30.309795379638672,86.88249969482422,0.0,1.8688249969482424,0.0,0,0,0,0,0,0,558,unguia,choco,unico,False,0,0,0,0,,,,,,,1,
41378,LA ARGENTINA,HUILA,356.421100624,361,celdas,4.699999809265137,4.1060943603515625,3.900000095367432,4.815999984741211,688.2462158203125,343.1000061035156,0.0,0.0,0.0,0.0,0.0,0.0,0.0,5331.0,8838.0,14169.0,12.448665618896484,43.891170501708984,56.33983612060547,0.0,1.563398361206055,0.0,0,0,0,0,0,0,559,la argentina,huila,unico,False,0,0,0,0,,,,,,,1,
41483,NÁTAGA,HUILA,131.94003053,137,celdas,4.699999809265137,4.237226486206055,4.099999904632568,6.053999900817871,773.3269653320312,540.5,0.0,0.0,0.0,0.0,0.0,0.0,0.0,2922.0,4221.0,7143.0,8.33762264251709,53.16520690917969,61.50282955169678,0.0,1.615028295516968,0.0,0,0,0,0,0,0,560,nataga,huila,unico,False,0,0,0,0,,,,,,,1,
68176,CHIMA,SANTANDER,173.21902206,176,celdas,4.099999904632568,3.7920455932617183,3.700000047683716,2.5880000591278076,787.2437744140625,460.3999938964844,0.0,0.0,0.0,0.0,0.0,0.0,0.0,1090.0,2229.0,3319.0,9.14419651031494,45.13481903076172,54.27901554107666,0.0,1.5427901554107666,0.0,0,0,0,0,0,0,561,chima,santander,unico,False,0,0,0,0,,,,,,,0,
41668,SAN AGUSTÍN,HUILA,1390.43219055,1281,celdas,4.800000190734863,3.9856362342834473,3.799999952316284,5.013999938964844,698.3140258789062,306.3999938964844,0.0,0.0,0.0,0.0,0.0,0.0,0.0,12167.0,24181.0,36348.0,13.606807708740234,38.688087463378906,52.29489517211914,0.0,1.5229489517211914,0.0,0,0,0,0,0,0,562,san agustin,huila,unico,False,0,0,0,0,,,,,,,1,
50001,VILLAVICENCIO,META,1285.87935325,1291,celdas,5.0,4.578465938568115,3.900000095367432,5.298999786376953,410.35931396484375,220.5,0.0,0.0,0.0,0.0,0.0,0.0,0.0,541221.0,47424.0,588645.0,3.654107809066773,20.02655601501465,23.68066382408142,0.0,1.2368066382408145,0.0,0,0,0,0,0,0,563,villavicencio,meta,unico,False,2,2,2,0,,,,,,,0,
23682,SAN JOSÉ DE URÉ,CÓRDOBA,525.65027652,517,celdas,4.900000095367432,4.321856498718262,3.900000095367432,4.571000099182129,446.8203125,214.0,0.0,0.0,0.0,0.0,0.0,0.0,0.0,5907.0,9804.0,15711.0,53.23874282836914,33.497840881347656,86.7365837097168,0.0,1.867365837097168,0.0,0,0,0,0,0,0,564,san jose de ure,cordoba,unico,False,0,0,0,0,,,,,,,0,
41807,TIMANÁ,HUILA,185.727085382,189,celdas,4.400000095367432,3.9529099464416504,3.799999952316284,3.8310000896453857,727.3099975585938,410.8999938964844,0.0,0.0,0.0,0.0,0.0,0.0,0.0,8361.0,15258.0,23619.0,5.08474588394165,53.52745056152344,58.61219644546509,0.0,1.586121964454651,0.0,0,0,0,0,0,0,565,timana,huila,unico,False,0,0,0,0,,,,,,,1,
25019,ALBÁN,CUNDINAMARCA,50.8350998183,52,celdas,4.900000095367432,4.596153736114502,4.400000095367432,8.329000473022461,823.3480224609375,620.7999877929688,0.0,0.0,0.0,0.0,0.0,0.0,0.0,2378.0,4670.0,7048.0,4.3986897468566895,42.208702087402344,46.60739183425903,0.0,1.4660739183425904,0.0,0,0,0,0,0,0,566,alban,cundinamarca,unico,False,0,0,0,0,,,,,,,1,
41791,TARQUI,HUILA,362.811836349,364,celdas,4.699999809265137,4.107418060302734,3.900000095367432,4.642000198364258,665.2033081054688,354.29998779296875,0.0,0.0,0.0,0.0,0.0,0.0,0.0,5952.0,13050.0,19002.0,4.260852336883545,58.39167785644531,62.65253019332886,0.0,1.6265253019332886,0.0,0,0,0,0,0,0,567,tarqui,huila,unico,False,0,0,0,0,,,,,,,1,
41770,SUAZA,HUILA,429.667173836,420,celdas,4.400000095367432,3.9319045543670654,3.799999952316284,3.724999904632568,718.57666015625,390.7000122070313,0.0,0.0,0.0,0.0,0.0,0.0,0.0,5300.0,21397.0,26697.0,6.954397201538086,59.82084655761719,66.77524375915527,0.0,1.667752437591553,0.0,0,0,0,0,0,0,568,suaza,huila,unico,False,0,0,0,0,,,,,,,1,
41660,SALADOBLANCO,HUILA,466.644908665,467,celdas,4.800000190734863,4.0982866287231445,3.900000095367432,4.929999828338623,664.611083984375,341.3999938964844,0.0,0.0,0.0,0.0,0.0,0.0,0.0,1875.0,8938.0,10813.0,11.054072380065918,54.44900894165039,65.50308132171631,0.0,1.655030813217163,0.0,0,0,0,0,0,0,569,saladoblanco,huila,unico,False,0,0,0,0,,,,,,,1,
41503,OPORAPA,HUILA,155.812607163,156,celdas,4.5,4.031410217285156,3.900000095367432,4.296000003814697,701.3448486328125,399.7000122070313,0.0,0.0,0.0,0.0,0.0,0.0,0.0,2452.0,10038.0,12490.0,5.74600076675415,68.16846466064453,73.91446542739868,0.0,1.7391446542739868,0.0,0,0,0,0,0,0,570,oporapa,huila,unico,False,0,0,0,0,,,,,,,1,
25126,CAJICÁ,CUNDINAMARCA,50.8720674355,54,celdas,4.800000190734863,4.248147964477539,3.5,7.61299991607666,437.601806640625,206.6000061035156,0.0,0.0,0.0,0.0,0.0,0.0,0.0,79761.0,46675.0,126436.0,2.790292739868164,26.452882766723633,29.243175506591797,0.0,1.292431755065918,0.0,0,0,0,0,0,0,571,cajica,cundinamarca,unico,False,0,0,0,0,,,,,,,1,
41551,PITALITO,HUILA,630.665936604,487,celdas,5.0,4.074537754058838,3.799999952316284,4.875,627.1033325195312,207.1000061035156,0.0,0.0,0.0,0.0,0.0,0.0,0.0,85877.0,60072.0,145949.0,5.154810428619385,32.497718811035156,37.65252923965454,0.0,1.3765252923965454,0.0,0,0,0,0,0,0,572,pitalito,huila,unico,False,0,0,0,0,,,,,,,1,
41548,PITAL,HUILA,193.660048052,189,celdas,4.699999809265137,4.170370578765869,3.900000095367432,5.145999908447266,692.8656005859375,391.1000061035156,0.0,0.0,0.0,0.0,0.0,0.0,0.0,5285.0,9584.0,14869.0,5.029745578765869,50.730125427246094,55.75987100601196,0.0,1.5575987100601196,0.0,0,0,0,0,0,0,573,pital,huila,unico,False,0,0,0,0,,,,,,,1,
41530,PALESTINA,HUILA,196.937041592,9,celdas,4.0,3.866666555404663,3.799999952316284,2.5989999771118164,762.022216796875,598.0999755859375,0.0,0.0,0.0,0.0,0.0,0.0,0.0,1809.0,10205.0,12014.0,13.228399276733398,56.39651870727539,69.62491798400879,0.0,1.696249179840088,0.0,0,0,0,0,0,0,574,palestina,huila,nombre_repetido,True,0,0,0,0,,,,,,,1,
25151,CÁQUEZA,CUNDINAMARCA,111.506819656,114,celdas,4.400000095367432,4.089473724365234,4.0,4.593999862670898,818.0955810546875,601.2000122070312,0.0,0.0,0.0,0.0,0.0,0.0,0.0,9468.0,8779.0,18247.0,1.2179603576660156,46.30067443847656,47.51863479614258,0.0,1.4751863479614258,0.0,0,0,0,0,0,0,575,caqueza,cundinamarca,unico,False,1,1,1,0,,,,,,,1,
41518,PAICOL,HUILA,278.310725102,273,celdas,4.900000095367432,4.265933990478516,4.0,5.920000076293945,661.3541870117188,360.7999877929687,0.0,0.0,0.0,0.0,0.0,0.0,0.0,3306.0,4550.0,7856.0,4.267068386077881,45.48192596435547,49.74899435043335,0.0,1.4974899435043336,0.0,0,0,0,0,0,0,576,paicol,huila,unico,False,0,0,0,0,,,,,,,1,
25279,FÓMEQUE,CUNDINAMARCA,460.175351884,460,celdas,4.599999904632568,4.131521701812744,4.0,4.885000228881836,747.998046875,450.6000061035156,0.0,0.0,0.0,0.0,0.0,0.0,0.0,6380.0,5983.0,12363.0,2.581160306930542,30.149015426635746,32.730175733566284,0.0,1.327301757335663,0.0,0,0,0,0,0,0,577,fomeque,cundinamarca,unico,False,0,0,0,0,,,,,,,1,
25281,FOSCA,CUNDINAMARCA,111.203545274,114,celdas,4.599999904632568,4.071052551269531,4.0,5.375,842.4823608398438,541.2999877929688,0.0,0.0,0.0,0.0,0.0,0.0,0.0,1744.0,3790.0,5534.0,1.4192140102386477,71.45196533203125,72.8711793422699,0.0,1.728711793422699,0.0,0,0,0,0,0,0,578,fosca,cundinamarca,unico,False,0,0,0,0,,,,,,,1,
25293,GACHALÁ,CUNDINAMARCA,384.9970873,385,celdas,4.400000095367432,3.9737660884857178,3.799999952316284,4.204999923706055,789.1761474609375,455.7000122070313,0.0,0.0,0.0,0.0,0.0,0.0,0.0,1880.0,2658.0,4538.0,13.5,53.75,67.25,0.0,1.6725,0.0,0,0,0,0,0,0,579,gachala,cundinamarca,unico,False,0,0,0,0,,,,,,,1,
25777,SUPATÁ,CUNDINAMARCA,130.389677393,128,celdas,4.800000190734863,4.321874618530273,4.0,7.185999870300293,777.1554565429688,506.0,0.0,0.0,0.0,0.0,0.0,0.0,0.0,2152.0,3440.0,5592.0,13.77049160003662,31.366119384765625,45.136610984802246,0.0,1.4513661098480224,0.0,0,0,0,0,0,0,580,supata,cundinamarca,unico,False,0,0,0,0,,,,,,,1,
25658,SAN FRANCISCO,CUNDINAMARCA,118.745975206,121,celdas,4.800000190734863,4.363636493682861,4.099999904632568,7.342999935150147,787.6371459960938,536.4000244140625,0.0,0.0,0.0,0.0,0.0,0.0,0.0,6280.0,6850.0,13130.0,4.584282398223877,29.071754455566406,33.65603685379028,0.0,1.3365603685379028,0.0,0,0,0,0,0,0,581,san francisco,cundinamarca,palabra_riesgosa,True,0,0,0,0,,,,,,,1,
25743,SILVANIA,CUNDINAMARCA,162.574528074,164,celdas,5.0,4.58658504486084,4.300000190734863,8.177000045776367,748.0200805664062,526.2000122070312,0.0,0.0,0.0,0.0,0.0,0.0,0.0,8797.0,13764.0,22561.0,7.103457450866699,40.15875244140625,47.26220989227295,0.0,1.4726220989227294,0.0,0,0,0,0,0,0,582,silvania,cundinamarca,unico,False,0,0,0,0,,,,,,,1,
25758,SOPÓ,CUNDINAMARCA,111.097917555,111,celdas,5.0,4.215315341949463,3.700000047683716,7.449999809265137,573.5855712890625,225.5,0.0,0.0,0.0,0.0,0.0,0.0,0.0,22576.0,11439.0,34015.0,1.8636711835861208,16.76027488708496,18.62394607067108,0.0,1.1862394607067108,0.0,0,0,0,0,0,0,583,sopo,cundinamarca,corto,True,1,1,1,0,,,,,,,1,
25899,ZIPAQUIRÁ,CUNDINAMARCA,194.820384657,193,celdas,5.0,4.236269474029541,3.700000047683716,7.428999900817871,615.3253784179688,253.5,0.0,0.0,0.0,0.0,0.0,0.0,0.0,134116.0,35753.0,169869.0,1.058318018913269,22.261510848999023,23.319828867912292,0.0,1.2331982886791228,0.0,0,0,0,0,0,0,584,zipaquira,cundinamarca,unico,False,1,1,1,0,,,,,,,1,
25898,ZIPACÓN,CUNDINAMARCA,54.2703824883,55,celdas,5.0,4.600000381469727,4.400000095367432,8.095000267028809,752.5726318359375,482.2999877929687,0.0,0.0,0.0,0.0,0.0,0.0,0.0,1591.0,3058.0,4649.0,7.948718070983887,39.67948532104492,47.62820339202881,0.0,1.476282033920288,0.0,0,0,0,0,0,0,585,zipacon,cundinamarca,unico,False,0,0,0,0,,,,,,,1,
25769,SUBACHOQUE,CUNDINAMARCA,209.217284746,207,celdas,5.0,4.345893383026123,3.799999952316284,7.38700008392334,644.4217529296875,363.6000061035156,0.0,0.0,0.0,0.0,0.0,0.0,0.0,10193.0,8066.0,18259.0,1.1985948085784912,25.480470657348633,26.679065465927124,0.0,1.266790654659271,0.0,0,0,0,0,0,0,586,subachoque,cundinamarca,unico,False,0,0,0,0,,,,,,,1,
25781,SUTATAUSA,CUNDINAMARCA,64.8505381398,64,celdas,4.900000095367432,4.248437404632568,4.0,6.021999835968018,650.1890869140625,350.70001220703125,0.0,0.0,0.0,0.0,0.0,0.0,0.0,2821.0,4183.0,7004.0,3.337378740310669,30.64320373535156,33.98058247566223,0.0,1.3398058247566222,0.0,0,0,0,0,0,0,587,sutatausa,cundinamarca,unico,False,0,0,0,0,,,,,,,1,
25297,GACHETÁ,CUNDINAMARCA,258.862031948,263,celdas,4.599999904632568,3.996197700500488,3.900000095367432,4.7789998054504395,782.5326538085938,403.2999877929687,0.0,0.0,0.0,0.0,0.0,0.0,0.0,4152.0,4463.0,8615.0,3.838383913040161,52.3232307434082,56.16161465644837,0.0,1.5616161465644836,0.0,0,0,0,0,0,0,588,gacheta,cundinamarca,unico,False,0,0,0,0,,,,,,,1,
25873,VILLAPINZÓN,CUNDINAMARCA,226.159939304,230,celdas,4.599999904632568,4.155217170715332,3.900000095367432,4.558000087738037,616.3156127929688,391.7000122070313,0.0,0.0,0.0,0.0,0.0,0.0,0.0,8220.0,10085.0,18305.0,1.9082332849502563,39.365352630615234,41.27358591556549,0.0,1.412735859155655,0.0,0,0,0,0,0,0,589,villapinzon,cundinamarca,unico,False,0,0,0,0,,,,,,,1,
25871,VILLAGÓMEZ,CUNDINAMARCA,62.9689269224,63,celdas,4.900000095367432,4.455556392669678,4.099999904632568,7.361000061035156,715.5808715820312,477.5,0.0,0.0,0.0,0.0,0.0,0.0,0.0,680.0,925.0,1605.0,24.044586181640625,45.85987091064453,69.90445709228516,0.0,1.6990445709228514,0.0,0,0,0,0,0,0,590,villagomez,cundinamarca,unico,False,0,0,0,0,,,,,,,1,
25785,TABIO,CUNDINAMARCA,75.1957647024,76,celdas,4.699999809265137,4.099999904632568,3.700000047683716,6.807000160217285,624.019775390625,336.79998779296875,0.0,0.0,0.0,0.0,0.0,0.0,0.0,8558.0,14567.0,23125.0,1.7006281614303589,33.016700744628906,34.717328906059265,0.0,1.3471732890605923,0.0,0,0,0,0,0,0,591,tabio,cundinamarca,unico,False,2,1,2,0,,,,,,,1,
25793,TAUSA,CUNDINAMARCA,201.872017633,204,celdas,5.0,4.316666603088379,4.0,6.4710001945495605,638.4147338867188,319.8999938964844,0.0,0.0,0.0,0.0,0.0,0.0,0.0,2225.0,6433.0,8658.0,1.3024601936340332,38.97732925415039,40.279789447784424,0.0,1.4027978944778443,0.0,0,0,0,0,0,0,592,tausa,cundinamarca,unico,False,0,0,0,0,,,,,,,1,
25845,UNE,CUNDINAMARCA,209.128268613,207,celdas,4.800000190734863,4.289855003356934,4.0,6.425000190734863,735.9352416992188,466.5,0.0,0.0,0.0,0.0,0.0,0.0,0.0,3954.0,2676.0,6630.0,3.993055582046509,41.015625,45.00868058204651,0.0,1.450086805820465,0.0,0,0,0,0,0,0,593,une,cundinamarca,corto,True,0,0,0,0,,,,,,,1,
25807,TIBIRITA,CUNDINAMARCA,56.5473944722,58,celdas,4.599999904632568,3.958620548248291,3.900000095367432,4.434000015258789,804.4776000976562,388.8999938964844,0.0,0.0,0.0,0.0,0.0,0.0,0.0,792.0,2592.0,3384.0,4.270109176635742,58.09334564208984,62.363454818725586,0.0,1.6236345481872558,0.0,0,0,0,0,0,0,594,tibirita,cundinamarca,unico,False,0,0,0,0,,,,,,,1,
25653,SAN CAYETANO,CUNDINAMARCA,287.807945312,289,celdas,4.599999904632568,4.206228733062744,4.0,5.98799991607666,794.435302734375,526.2999877929688,0.0,0.0,0.0,0.0,0.0,0.0,0.0,1023.0,3767.0,4790.0,27.815467834472656,55.63093566894531,83.44640350341797,0.0,1.8344640350341797,0.0,0,0,0,0,0,0,595,san cayetano,cundinamarca,unico,False,0,0,0,0,,,,,,,1,
25645,SAN ANTONIO DEL TEQUENDAMA,CUNDINAMARCA,88.5656486813,90,celdas,4.800000190734863,4.381111145019531,4.199999809265137,7.208000183105469,848.8900146484375,607.5999755859375,0.0,0.0,0.0,0.0,0.0,0.0,0.0,1878.0,10331.0,12209.0,3.205451726913452,45.2801628112793,48.48561453819275,0.0,1.4848561453819276,0.0,0,0,0,0,0,0,596,san antonio del tequendama,cundinamarca,unico,False,0,0,0,0,,,,,,,1,
25594,QUETAME,CUNDINAMARCA,137.82853868,140,celdas,4.400000095367432,4.024285793304443,4.0,4.502999782562256,866.2671508789062,590.5999755859375,0.0,0.0,0.0,0.0,0.0,0.0,0.0,1824.0,3367.0,5191.0,2.596618413925171,70.71256256103516,73.30918097496033,0.0,1.7330918097496033,0.0,0,0,0,0,0,0,597,quetame,cundinamarca,unico,False,0,0,0,0,,,,,,,1,
25535,PASCA,CUNDINAMARCA,271.71375179,270,celdas,5.0,4.449629306793213,4.199999809265137,7.789999961853027,765.55859375,432.1000061035156,0.0,0.0,0.0,0.0,0.0,0.0,0.0,3532.0,5885.0,9417.0,9.721254348754885,41.39372634887695,51.11498069763184,0.0,1.5111498069763185,0.0,0,0,0,0,0,0,598,pasca,cundinamarca,unico,False,0,0,0,0,,,,,,,1,
25530,PARATEBUENO,CUNDINAMARCA,885.533703356,730,celdas,4.800000190734863,4.2405476570129395,3.799999952316284,4.427000045776367,507.9359130859375,225.6000061035156,0.0,0.0,0.0,0.0,0.0,0.0,0.0,4402.0,4507.0,8909.0,14.567526817321776,50.341426849365234,64.90895366668701,0.0,1.64908953666687,0.0,0,0,0,0,0,0,599,paratebueno,cundinamarca,unico,False,0,0,0,0,,,,,,,1,
25518,PAIME,CUNDINAMARCA,173.635711186,173,celdas,4.800000190734863,4.364161968231201,4.099999904632568,6.900000095367432,754.1519775390625,498.6000061035156,0.0,0.0,0.0,0.0,0.0,0.0,0.0,719.0,2999.0,3718.0,43.73239517211914,45.63380432128906,89.3661994934082,0.0,1.893661994934082,0.0,0,0,0,0,0,0,600,paime,cundinamarca,unico,False,0,0,0,0,,,,,,,1,
25513,PACHO,CUNDINAMARCA,402.626777119,407,celdas,4.800000190734863,4.289926052093506,3.900000095367432,7.198999881744385,765.7952270507812,496.2000122070313,0.0,0.0,0.0,0.0,0.0,0.0,0.0,14881.0,10131.0,25012.0,7.125113010406494,37.0934944152832,44.2186074256897,0.0,1.442186074256897,0.0,0,0,0,0,0,0,601,pacho,cundinamarca,unico,False,0,0,0,0,,,,,,,1,
25438,MEDINA,CUNDINAMARCA,1196.74948999,1201,celdas,4.800000190734863,4.000249862670898,3.799999952316284,4.625,719.1273193359375,298.0,0.0,0.0,0.0,0.0,0.0,0.0,0.0,5254.0,3327.0,8581.0,24.08357810974121,33.870967864990234,57.954545974731445,0.0,1.5795454597473144,0.0,0,0,0,0,0,0,602,medina,cundinamarca,unico,False,1,1,1,0,,,,,,,1,
25436,MANTA,CUNDINAMARCA,107.906512225,106,celdas,4.099999904632568,3.940566062927246,3.900000095367432,3.4560000896453857,828.6934814453125,650.5999755859375,0.0,0.0,0.0,0.0,0.0,0.0,0.0,1185.0,2235.0,3420.0,2.8697571754455566,44.73877716064453,47.60853433609009,0.0,1.476085343360901,0.0,0,0,0,0,0,0,603,manta,cundinamarca,unico,False,0,0,0,0,,,,,,,1,
25426,MACHETÁ,CUNDINAMARCA,229.191506942,232,celdas,4.699999809265137,3.984482765197754,3.900000095367432,5.046000003814697,793.0379638671875,390.2999877929687,0.0,0.0,0.0,0.0,0.0,0.0,0.0,2198.0,4087.0,6285.0,3.0503978729248047,56.36604690551758,59.41644477844238,0.0,1.594164447784424,0.0,0,0,0,0,0,0,604,macheta,cundinamarca,unico,False,0,0,0,0,,,,,,,1,
25407,LENGUAZAQUE,CUNDINAMARCA,155.630376896,153,celdas,4.800000190734863,4.195425033569336,4.0,5.5879998207092285,615.7301025390625,331.79998779296875,0.0,0.0,0.0,0.0,0.0,0.0,0.0,3792.0,6912.0,10704.0,1.5368494987487793,45.75619888305664,47.29304838180542,0.0,1.472930483818054,0.0,0,0,0,0,0,0,605,lenguazaque,cundinamarca,unico,False,0,0,0,0,,,,,,,1,
25372,JUNÍN,CUNDINAMARCA,343.825553771,344,celdas,4.599999904632568,4.0494184494018555,3.900000095367432,4.679999828338623,792.4000854492188,495.0,0.0,0.0,0.0,0.0,0.0,0.0,0.0,1086.0,3768.0,4854.0,5.960617542266846,60.51091003417969,66.47152757644653,0.0,1.6647152757644652,0.0,0,0,0,0,0,0,606,junin,cundinamarca,unico,False,0,0,0,0,,,,,,,1,
25339,GUTIÉRREZ,CUNDINAMARCA,453.225490534,455,celdas,4.800000190734863,4.15142822265625,4.0,6.039999961853027,825.74462890625,476.7000122070313,0.0,0.0,0.0,0.0,0.0,0.0,0.0,1288.0,2229.0,3517.0,12.80334758758545,57.238494873046875,70.04184246063232,0.0,1.7004184246063232,0.0,0,0,0,0,0,0,607,gutierrez,cundinamarca,unico,False,31,10,27,4,,,,,,,1,
25335,GUAYABETAL,CUNDINAMARCA,222.824800878,225,celdas,4.5,4.023555278778076,4.0,4.881999969482422,867.076416015625,529.0999755859375,0.0,0.0,0.0,0.0,0.0,0.0,0.0,2799.0,4343.0,7142.0,8.559919357299805,59.56696701049805,68.12688636779785,0.0,1.681268863677979,0.0,0,0,0,0,0,0,608,guayabetal,cundinamarca,unico,False,0,0,0,0,,,,,,,1,
25326,GUATAVITA,CUNDINAMARCA,252.36051681,256,celdas,5.0,4.187108993530273,3.900000095367432,6.5960001945495605,648.0660400390625,272.29998779296875,0.0,0.0,0.0,0.0,0.0,0.0,0.0,2726.0,3631.0,6357.0,1.0978044271469116,37.92415237426758,39.02195680141449,0.0,1.390219568014145,0.0,0,0,0,0,0,0,609,guatavita,cundinamarca,unico,False,0,0,0,0,,,,,,,1,
25312,GRANADA,CUNDINAMARCA,60.7049777804,59,celdas,5.0,4.637287616729736,4.300000190734863,7.965000152587891,683.7423706054688,462.1000061035156,0.0,0.0,0.0,0.0,0.0,0.0,0.0,2595.0,5094.0,7689.0,2.082390308380127,43.141693115234375,45.2240834236145,0.0,1.452240834236145,0.0,0,0,0,0,0,0,610,granada,cundinamarca,nombre_repetido,True,0,0,0,0,,,,,,,1,
25299,GAMA,CUNDINAMARCA,107.686798306,109,celdas,4.199999809265137,3.9697248935699463,3.900000095367432,3.812999963760376,833.6522827148438,594.0,0.0,0.0,0.0,0.0,0.0,0.0,0.0,1019.0,2187.0,3206.0,6.261180877685547,68.4257583618164,74.68693923950195,0.0,1.7468693923950194,0.0,0,0,0,0,0,0,611,gama,cundinamarca,corto,True,0,0,0,0,,,,,,,1,
50006,ACACÍAS,META,1123.73792941,1118,celdas,5.0,4.382111072540283,4.0,5.508999824523926,573.2974243164062,222.5,0.0,0.0,0.0,0.0,0.0,0.0,0.0,79834.0,25870.0,105704.0,4.839877605438232,19.74573516845703,24.585612773895264,0.0,1.2458561277389526,0.0,0,0,0,0,0,0,612,acacias,meta,unico,False,1,1,0,1,,,,,,,0,
50150,CASTILLA LA NUEVA,META,514.685966597,524,celdas,5.0,4.77003812789917,4.400000095367432,5.052000045776367,288.4381408691406,215.8999938964844,0.0,0.0,0.0,0.0,0.0,0.0,0.0,7211.0,10775.0,17986.0,11.069063186645508,39.4276237487793,50.496686935424805,0.0,1.5049668693542482,0.0,0,0,0,0,0,0,613,castilla la nueva,meta,unico,False,0,0,0,0,,,,,,,0,
50245,EL CALVARIO,META,270.307080713,267,celdas,4.5,3.987640380859375,3.900000095367432,4.607999801635742,869.2723388671875,482.2999877929687,0.0,0.0,0.0,0.0,0.0,0.0,0.0,686.0,1238.0,1924.0,12.849162101745604,48.60335159301758,61.452513694763184,0.0,1.614525136947632,0.0,0,0,0,0,0,0,614,el calvario,meta,unico,False,0,0,0,0,,,,,,,0,
19075,BALBOA,CAUCA,413.211197428,409,celdas,4.900000095367432,3.9139366149902344,3.799999952316284,4.73799991607666,795.5713500976562,245.1000061035156,0.0,0.0,0.0,0.0,0.0,0.0,0.0,5506.0,17050.0,22556.0,6.3387980461120605,76.44808959960938,82.78688764572144,0.0,1.8278688764572144,0.0,0,0,0,0,0,0,615,balboa,cauca,nombre_repetido,True,0,0,0,0,,,,,,,1,
18001,FLORENCIA,CAQUETÁ,2547.63121087,1220,celdas,4.300000190734863,3.884507894515991,3.700000047683716,3.36899995803833,772.5642700195312,375.7000122070313,0.0,0.0,0.0,0.0,0.0,0.0,0.0,165420.0,23200.0,188620.0,14.837367057800291,20.694887161254883,35.532254219055176,0.0,1.3553225421905517,0.0,0,0,0,0,0,0,616,florencia,caqueta,unico,False,0,0,0,0,,,,,,,0,
18247,EL DONCELLO,CAQUETÁ,1106.0761511,386,celdas,4.400000095367432,3.9264252185821538,3.700000047683716,3.5940001010894775,777.0637817382812,322.70001220703125,0.0,0.0,0.0,0.0,0.0,0.0,0.0,13738.0,6123.0,19861.0,25.53052520751953,26.983348846435547,52.51387405395508,0.0,1.525138740539551,0.0,0,0,0,0,0,0,617,el doncello,caqueta,unico,False,0,0,0,0,,,,,,,0,
18256,EL PAUJÍL,CAQUETÁ,1234.73414492,294,celdas,4.099999904632568,3.9006800651550297,3.700000047683716,3.6089999675750737,786.97216796875,539.0,0.0,0.0,0.0,0.0,0.0,0.0,0.0,9267.0,9705.0,18972.0,44.61749267578125,18.449426651000977,63.06691932678223,0.0,1.6306691932678223,0.0,0,0,0,0,0,0,618,el paujil,caqueta,unico,False,0,0,0,0,,,,,,,0,
18592,PUERTO RICO,CAQUETÁ,4146.39715969,3284,celdas,4.800000190734863,4.071010589599609,3.700000047683716,5.223999977111816,647.573974609375,224.6000061035156,0.0,0.0,0.0,0.0,0.0,0.0,0.0,15164.0,12313.0,27477.0,37.85406494140625,22.764652252197266,60.61871719360352,0.0,1.606187171936035,0.0,0,0,0,0,0,0,619,puerto rico,caqueta,palabra_riesgosa,True,0,0,0,0,,,,,,,0,
19022,ALMAGUER,CAUCA,236.714830796,237,celdas,4.300000190734863,3.8510546684265137,3.799999952316284,3.424999952316284,818.4827270507812,391.0,0.0,0.0,0.0,0.0,0.0,0.0,0.0,1000.0,17376.0,18376.0,8.12075424194336,84.45282745361328,92.57358169555664,0.0,1.9257358169555665,0.0,0,0,0,0,0,0,620,almaguer,cauca,unico,False,0,0,0,0,,,,,,,1,
19050,ARGELIA,CAUCA,775.787826117,775,celdas,4.5,3.9649033546447754,3.799999952316284,4.566999912261963,837.5751342773438,480.5,0.0,0.0,0.0,0.0,0.0,0.0,0.0,2511.0,25342.0,27853.0,28.61046028137207,47.8792610168457,76.48972129821777,0.0,1.7648972129821776,0.0,0,0,0,0,0,0,621,argelia,cauca,nombre_repetido,True,0,0,0,0,,,,,,,1,
19100,BOLÍVAR,CAUCA,797.820255536,610,celdas,4.599999904632568,3.947868824005127,3.700000047683716,4.077000141143799,700.5968627929688,324.29998779296875,0.0,0.0,0.0,0.0,0.0,0.0,0.0,4331.0,33601.0,37932.0,3.1038331985473633,84.55526733398438,87.65910053253174,0.0,1.8765910053253176,0.0,0,0,0,0,0,0,622,bolivar,cauca,palabra_riesgosa,True,0,0,0,0,,,,,,,1,
19701,SANTA ROSA,CAUCA,3619.37102599,234,celdas,4.5,3.8799142837524414,3.799999952316284,3.5429999828338623,757.9047241210938,332.1000061035156,0.0,0.0,0.0,0.0,0.0,0.0,0.0,593.0,4717.0,5310.0,59.41422653198242,28.87029266357422,88.28451919555664,0.0,1.8828451919555664,0.0,0,0,0,0,0,0,623,santa rosa,cauca,palabra_riesgosa,True,0,0,0,0,,,,,,,1,
19392,LA SIERRA,CAUCA,208.354419869,206,celdas,4.5,4.135922431945801,3.900000095367432,4.370999813079834,651.4285278320312,407.2999877929687,0.0,0.0,0.0,0.0,0.0,0.0,0.0,1773.0,9693.0,11466.0,12.12696647644043,70.265869140625,82.39283561706543,0.0,1.8239283561706543,0.0,0,0,0,0,0,0,624,la sierra,cauca,palabra_riesgosa,True,0,0,0,0,,,,,,,1,
19397,LA VEGA,CAUCA,516.0748807,520,celdas,4.5,3.977307558059693,3.799999952316284,4.208000183105469,753.294921875,371.5,0.0,0.0,0.0,0.0,0.0,0.0,0.0,689.0,23687.0,24376.0,16.048063278198242,75.14019012451172,91.18825340270996,0.0,1.9118825340270995,0.0,0,0,0,0,0,0,625,la vega,cauca,nombre_repetido,True,0,0,0,0,,,,,,,1,
19450,MERCADERES,CAUCA,697.981385333,444,celdas,4.800000190734863,4.017117023468018,3.700000047683716,4.208000183105469,566.8267822265625,250.1999969482422,0.0,0.0,0.0,0.0,0.0,0.0,0.0,6570.0,20196.0,26766.0,8.10161304473877,72.65705108642578,80.75866413116455,0.0,1.8075866413116457,0.0,0,0,0,0,0,0,626,mercaderes,cauca,unico,False,0,0,0,0,,,,,,,1,
19532,PATÍA,CAUCA,755.291082879,758,celdas,5.0,4.236807346343994,3.900000095367432,4.953999996185303,563.424072265625,219.3000030517578,0.0,0.0,0.0,0.0,0.0,0.0,0.0,14070.0,25387.0,39457.0,12.800980567932127,59.478153228759766,72.2791337966919,0.0,1.7227913379669189,0.0,0,0,0,0,0,0,627,patia,cauca,unico,False,0,0,0,0,,,,,,,1,
19585,PURACÉ,CAUCA,848.323308258,850,celdas,5.0,4.237293720245361,4.0,5.909999847412109,654.39794921875,284.29998779296875,0.0,0.0,0.0,0.0,0.0,0.0,0.0,1535.0,16686.0,18221.0,45.28883361816406,33.91527557373047,79.20410919189453,0.0,1.7920410919189451,0.0,0,0,0,0,0,0,628,purace,cauca,unico,False,7,7,7,0,,,,,,,1,
19622,ROSAS,CAUCA,169.091744495,173,celdas,4.699999809265137,4.116762638092041,3.900000095367432,4.90500020980835,702.8248291015625,401.0,0.0,0.0,0.0,0.0,0.0,0.0,0.0,1014.0,11197.0,12211.0,13.859397888183594,55.20803451538086,69.06743240356445,0.0,1.6906743240356443,0.0,0,0,0,0,0,0,629,rosas,cauca,unico,False,0,0,0,0,,,,,,,1,
15897,ZETAQUIRA,BOYACÁ,251.505065138,186,celdas,4.0,3.824730634689331,3.700000047683716,2.5969998836517334,822.1343994140625,595.2999877929688,0.0,0.0,0.0,0.0,0.0,0.0,0.0,1367.0,3387.0,4754.0,17.13021469116211,44.943111419677734,62.07332611083984,0.0,1.6207332611083984,0.0,0,0,0,0,0,0,630,zetaquira,boyaca,unico,False,0,0,0,0,,,,,,,0,
15879,VIRACACHÁ,BOYACÁ,62.5811446436,64,celdas,4.099999904632568,3.9187498092651367,3.799999952316284,2.75600004196167,705.9609375,509.5,0.0,0.0,0.0,0.0,0.0,0.0,0.0,523.0,2384.0,2907.0,2.0191285610198975,44.102020263671875,46.12114882469177,0.0,1.4612114882469176,0.0,0,0,0,0,0,0,631,viracacha,boyaca,unico,False,0,0,0,0,,,,,,,0,
15861,VENTAQUEMADA,BOYACÁ,160.011504483,158,celdas,4.699999809265137,4.117088794708252,3.900000095367432,4.442999839782715,611.2898559570312,316.1000061035156,0.0,0.0,0.0,0.0,0.0,0.0,0.0,3187.0,14113.0,17300.0,3.1861629486083984,37.98361587524414,41.16977882385254,0.0,1.411697788238525,0.0,0,0,0,0,0,0,632,ventaquemada,boyaca,unico,False,0,0,0,0,,,,,,,0,
15842,ÚMBITA,BOYACÁ,146.085349795,147,celdas,4.5,3.962584972381592,3.900000095367432,4.2230000495910645,762.6163330078125,405.0,0.0,0.0,0.0,0.0,0.0,0.0,0.0,1319.0,6408.0,7727.0,2.1425628662109375,65.59538269042969,67.73794555664062,0.0,1.677379455566406,0.0,0,0,0,0,0,0,633,umbita,boyaca,unico,False,0,0,0,0,,,,,,,0,
15837,TUTA,BOYACÁ,165.545964975,148,celdas,4.5,4.1074323654174805,3.799999952316284,2.88700008392334,454.8986511230469,304.79998779296875,0.0,0.0,0.0,0.0,0.0,0.0,0.0,2620.0,5576.0,8196.0,2.725527763366699,38.15739059448242,40.88291835784912,0.0,1.4088291835784912,0.0,0,0,0,0,0,0,634,tuta,boyaca,corto,True,0,0,0,0,,,,,,,0,
15835,TURMEQUÉ,BOYACÁ,79.7066043723,78,celdas,4.5,3.982051372528076,3.900000095367432,4.159999847412109,745.572998046875,417.7999877929687,0.0,0.0,0.0,0.0,0.0,0.0,0.0,2050.0,3537.0,5587.0,1.221896409988403,54.83871078491211,56.06060719490051,0.0,1.5606060719490051,0.0,0,0,0,0,0,0,635,turmeque,boyaca,unico,False,0,0,0,0,,,,,,,0,
15832,TUNUNGUÁ,BOYACÁ,29.2213080606,27,celdas,4.400000095367432,4.140740394592285,4.0,4.71999979019165,748.8814086914062,577.2999877929688,0.0,0.0,0.0,0.0,0.0,0.0,0.0,310.0,1249.0,1559.0,46.19771957397461,21.48288917541504,67.68060874938965,0.0,1.6768060874938966,0.0,0,0,0,0,0,0,636,tunungua,boyaca,unico,False,0,0,0,0,,,,,,,0,
68001,BUCARAMANGA,SANTANDER,153.786150509,59,celdas,4.300000190734863,4.094915390014648,3.799999952316284,2.068000078201294,567.4373168945312,414.6000061035156,0.0,0.0,0.0,0.0,0.0,0.0,0.0,607951.0,10597.0,618548.0,5.594936847686768,14.499425888061523,20.09436273574829,0.0,1.200943627357483,0.0,0,0,0,0,0,0,637,bucaramanga,santander,unico,False,12,5,12,0,,,,,,,0,
68013,AGUADA,SANTANDER,75.2312479165,71,celdas,4.400000095367432,3.911266803741455,3.799999952316284,3.496000051498413,751.4591064453125,356.6000061035156,0.0,0.0,0.0,0.0,0.0,0.0,0.0,410.0,1502.0,1912.0,1.8932874202728271,35.11187744140625,37.00516486167908,0.0,1.3700516486167909,0.0,0,0,0,0,0,0,638,aguada,santander,unico,False,0,0,0,0,,,,,,,0,
25841,UBAQUE,CUNDINAMARCA,107.090788767,107,celdas,4.400000095367432,4.105607509613037,4.0,4.757999897003174,790.3720092773438,560.2000122070312,0.0,0.0,0.0,0.0,0.0,0.0,0.0,1684.0,5239.0,6923.0,7.524059295654297,50.08749008178711,57.611549377441406,0.0,1.576115493774414,0.0,0,0,0,0,0,0,639,ubaque,cundinamarca,unico,False,1,1,1,0,,,,,,,1,
68077,BARBOSA,SANTANDER,46.7153819869,46,celdas,4.400000095367432,4.115218162536621,4.0,3.742000102996826,574.2086181640625,435.1000061035156,0.0,0.0,0.0,0.0,0.0,0.0,0.0,26273.0,7969.0,34242.0,2.788639545440674,23.430747985839844,26.21938753128052,0.0,1.2621938753128052,0.0,0,0,0,0,0,0,640,barbosa,santander,nombre_repetido,True,0,0,0,0,,,,,,,0,
68079,BARICHARA,SANTANDER,137.275811696,137,celdas,4.199999809265137,3.7934303283691406,3.5999999046325684,2.4709999561309814,689.918212890625,325.20001220703125,0.0,0.0,0.0,0.0,0.0,0.0,0.0,4345.0,8811.0,13156.0,3.1702544689178467,40.46966552734375,43.6399199962616,0.0,1.436399199962616,0.0,0,0,0,0,0,0,641,barichara,santander,unico,False,0,0,0,0,,,,,,,0,
15816,TOGÜÍ,BOYACÁ,101.443124459,102,celdas,4.400000095367432,3.992156982421875,3.799999952316284,3.375999927520752,650.9686889648438,407.2000122070313,0.0,0.0,0.0,0.0,0.0,0.0,0.0,759.0,3683.0,4442.0,10.732415199279783,44.4525032043457,55.18491840362549,0.0,1.551849184036255,0.0,0,0,0,0,0,0,642,togui,boyaca,unico,False,0,0,0,0,,,,,,,0,
68092,BETULIA,SANTANDER,431.248708654,434,celdas,4.5,3.842857360839844,3.700000047683716,2.937999963760376,689.7393188476562,250.3999938964844,0.0,0.0,0.0,0.0,0.0,0.0,0.0,1779.0,5107.0,6886.0,24.592145919799805,49.12386703491211,73.71601295471191,0.0,1.737160129547119,0.0,0,0,0,0,0,0,643,betulia,santander,nombre_repetido,True,0,0,0,0,,,,,,,0,
15814,TOCA,BOYACÁ,168.251862765,137,celdas,4.5,3.976642608642578,3.799999952316284,2.934999942779541,576.9555053710938,308.0,0.0,0.0,0.0,0.0,0.0,0.0,0.0,4600.0,4369.0,8969.0,2.14623498916626,43.10658264160156,45.25281763076782,0.0,1.4525281763076785,0.0,0,0,0,0,0,0,644,toca,boyaca,corto,True,0,0,0,0,,,,,,,0,
68121,CABRERA,SANTANDER,65.5743093709,66,celdas,4.0,3.781818151473999,3.5999999046325684,2.1510000228881836,717.3970336914062,497.8999938964844,0.0,0.0,0.0,0.0,0.0,0.0,0.0,510.0,1606.0,2116.0,1.5564202070236206,46.10894775390625,47.66536796092987,0.0,1.4766536796092988,0.0,0,0,0,0,0,0,645,cabrera,santander,nombre_repetido,True,0,0,0,0,,,,,,,0,
68167,CHARALÁ,SANTANDER,419.218191692,323,celdas,4.199999809265137,3.819504976272583,3.5999999046325684,2.5269999504089355,684.1395874023438,353.20001220703125,0.0,0.0,0.0,0.0,0.0,0.0,0.0,8743.0,5179.0,13922.0,2.399360179901123,27.91255760192871,30.31191778182983,0.0,1.3031191778182984,0.0,0,0,0,0,0,0,646,charala,santander,unico,False,0,0,0,0,,,,,,,0,
19693,SAN SEBASTIÁN,CAUCA,419.034904536,389,celdas,4.599999904632568,3.976863861083984,3.799999952316284,3.9600000381469727,670.2128295898438,313.8999938964844,0.0,0.0,0.0,0.0,0.0,0.0,0.0,498.0,10286.0,10784.0,12.538540840148926,78.23741149902344,90.77595233917236,0.0,1.9077595233917235,0.0,0,0,0,0,0,0,647,san sebastian,cauca,unico,False,0,0,0,0,,,,,,,1,
54385,LA ESPERANZA,NORTE DE SANTANDER,669.899439711,679,celdas,4.400000095367432,3.8416788578033447,3.4000000953674316,2.48799991607666,504.8875122070313,194.0,0.0,0.0,0.0,0.0,0.0,0.0,0.0,1961.0,10671.0,12632.0,17.839921951293945,65.92735290527344,83.76727485656738,0.0,1.837672748565674,0.0,0,0,0,0,0,0,648,la esperanza,norte de santander,palabra_riesgosa,True,0,0,0,0,,,,,,,1,
50251,EL CASTILLO,META,568.218055638,570,celdas,4.900000095367432,4.233859539031982,4.0,5.191999912261963,646.7017822265625,268.79998779296875,0.0,0.0,0.0,0.0,0.0,0.0,0.0,3204.0,5338.0,8542.0,26.879085540771484,36.968955993652344,63.84804153442383,0.0,1.6384804153442385,0.0,0,0,0,0,0,0,649,el castillo,meta,palabra_riesgosa,True,0,0,0,0,,,,,,,0,
50577,PUERTO LLERAS,META,2535.77421009,1842,celdas,4.800000190734863,4.337296485900879,3.900000095367432,4.1519999504089355,316.79913330078125,207.8999938964844,0.0,0.0,0.0,0.0,0.0,0.0,0.0,3983.0,6732.0,10715.0,42.0625,38.03125,80.09375,0.0,1.8009375,0.0,0,0,0,0,0,0,650,puerto lleras,meta,unico,False,0,0,0,0,,,,,,,0,
50689,SAN MARTÍN,META,5933.65235467,2145,celdas,5.0,4.472773551940918,4.0,5.10699987411499,333.1062316894531,224.6000061035156,0.0,0.0,0.0,0.0,0.0,0.0,0.0,20504.0,8027.0,28531.0,13.53065586090088,18.617088317871097,32.14774417877197,0.0,1.3214774417877198,0.0,0,0,0,0,0,0,651,san martin,meta,nombre_repetido,True,0,0,0,0,,,,,,,0,
50686,SAN JUANITO,META,244.895419055,250,celdas,4.199999809265137,3.982800006866455,3.900000095367432,3.875,860.8076171875,593.7999877929688,0.0,0.0,0.0,0.0,0.0,0.0,0.0,754.0,645.0,1399.0,5.80110502243042,52.48618698120117,58.28729200363159,0.0,1.582872920036316,0.0,0,0,0,0,0,0,652,san juanito,meta,unico,False,0,0,0,0,,,,,,,0,
50683,SAN JUAN DE ARAMA,META,1167.0176871,1175,celdas,4.800000190734863,4.404595851898193,3.900000095367432,5.007999897003174,458.0035095214844,236.6000061035156,0.0,0.0,0.0,0.0,0.0,0.0,0.0,4575.0,4939.0,9514.0,26.178861618041992,33.821136474609375,59.99999809265137,0.0,1.5999999809265135,0.0,0,0,0,0,0,0,653,san juan de arama,meta,unico,False,0,0,0,0,,,,,,,0,
50680,SAN CARLOS DE GUAROA,META,807.794796965,785,celdas,4.900000095367432,4.630827903747559,4.0,4.677999973297119,276.2037048339844,211.5,0.0,0.0,0.0,0.0,0.0,0.0,0.0,7504.0,7425.0,14929.0,9.154146194458008,53.39454650878906,62.54869270324707,0.0,1.6254869270324708,0.0,0,0,0,0,0,0,654,san carlos de guaroa,meta,unico,False,0,0,0,0,,,,,,,0,
50606,RESTREPO,META,365.137620887,364,celdas,4.800000190734863,4.4090657234191895,3.900000095367432,4.875999927520752,507.4525146484375,230.1999969482422,0.0,0.0,0.0,0.0,0.0,0.0,0.0,14416.0,7434.0,21850.0,4.0069684982299805,19.703832626342773,23.71080112457275,0.0,1.2371080112457276,0.0,0,0,0,0,0,0,655,restrepo,meta,nombre_repetido,True,0,0,0,0,,,,,,,0,
50590,PUERTO RICO,META,3428.13356997,1803,celdas,4.599999904632568,4.1213531494140625,3.700000047683716,3.2070000171661377,336.62518310546875,217.8999938964844,0.0,0.0,0.0,0.0,0.0,0.0,0.0,6654.0,6920.0,13574.0,49.54778671264648,29.381568908691406,78.92935562133789,0.0,1.789293556213379,0.0,0,0,0,0,0,0,656,puerto rico,meta,palabra_riesgosa,True,0,0,0,0,,,,,,,0,
50573,PUERTO LÓPEZ,META,6913.34657605,262,celdas,4.800000190734863,4.587404251098633,3.900000095367432,4.230999946594238,282.6469421386719,221.6000061035156,0.0,0.0,0.0,0.0,0.0,0.0,0.0,19547.0,12927.0,32474.0,11.932255744934082,36.65456771850586,48.58682346343994,0.0,1.4858682346343994,0.0,0,0,0,0,0,0,657,puerto lopez,meta,unico,False,1,1,1,0,,,,,,,0,
54128,CÁCHIRA,NORTE DE SANTANDER,615.819904661,307,celdas,4.099999904632568,3.526710033416748,3.4000000953674316,2.009000062942505,766.7667846679688,291.8999938964844,0.0,0.0,0.0,0.0,0.0,0.0,0.0,2121.0,10095.0,12216.0,6.853582382202148,74.02648162841797,80.88006401062012,0.0,1.8088006401062011,0.0,0,0,0,0,0,0,658,cachira,norte de santander,unico,False,0,0,0,0,,,,,,,1,
50400,LEJANÍAS,META,815.426334611,819,celdas,4.699999809265137,4.126983642578125,4.0,5.361999988555908,792.39013671875,356.8999938964844,0.0,0.0,0.0,0.0,0.0,0.0,0.0,5079.0,7202.0,12281.0,23.37091064453125,29.337366104125977,52.70827674865723,0.0,1.527082767486572,0.0,0,0,0,0,0,0,659,lejanias,meta,unico,False,0,0,0,0,,,,,,,0,
50350,LA MACARENA,META,8118.66952672,8012,celdas,4.900000095367432,4.160958766937256,3.5999999046325684,4.52400016784668,410.0496215820313,209.1000061035156,0.0,0.0,0.0,0.0,0.0,0.0,0.0,4758.0,25497.0,30255.0,79.11585235595703,13.650221824645996,92.76607418060304,0.0,1.9276607418060303,0.0,0,0,0,0,0,0,660,la macarena,meta,palabra_riesgosa,True,0,0,0,0,,,,,,,0,
50318,GUAMAL,META,595.703918311,602,celdas,4.800000190734863,4.228239059448242,4.0,6.330999851226807,723.7413940429688,315.79998779296875,0.0,0.0,0.0,0.0,0.0,0.0,0.0,11215.0,5532.0,16747.0,5.82781457901001,21.655628204345703,27.483442783355713,0.0,1.274834427833557,0.0,0,0,0,0,0,0,661,guamal,meta,unico,False,0,0,0,0,,,,,,,0,
50313,GRANADA,META,348.311788816,347,celdas,5.0,4.684438228607178,4.0,4.973999977111816,330.4927978515625,233.3999938964844,0.0,0.0,0.0,0.0,0.0,0.0,0.0,62410.0,12204.0,74614.0,6.490048408508301,48.13377380371094,54.62382221221924,0.0,1.5462382221221924,0.0,0,0,0,0,0,0,662,granada,meta,nombre_repetido,True,0,0,0,0,,,,,,,0,
50287,FUENTE DE ORO,META,570.991216439,574,celdas,4.900000095367432,4.688327789306641,4.0,4.855999946594238,288.4081726074219,206.6000061035156,0.0,0.0,0.0,0.0,0.0,0.0,0.0,7352.0,5610.0,12962.0,13.604378700256348,34.375816345214844,47.98019504547119,0.0,1.479801950454712,0.0,0,0,0,0,0,0,663,fuente de oro,meta,unico,False,0,0,0,0,,,,,,,0,
50270,EL DORADO,META,117.341083433,114,celdas,4.800000190734863,4.246490955352783,3.900000095367432,5.031000137329102,626.356201171875,311.20001220703125,0.0,0.0,0.0,0.0,0.0,0.0,0.0,1481.0,2682.0,4163.0,18.3689022064209,35.67073059082031,54.03963279724121,0.0,1.5403963279724122,0.0,0,0,0,0,0,0,664,el dorado,meta,palabra_riesgosa,True,0,0,0,0,,,,,,,0,
50711,VISTAHERMOSA,META,4821.30006703,4809,celdas,4.900000095367432,4.152339458465576,3.700000047683716,4.572999954223633,462.61468505859375,211.5,0.0,0.0,0.0,0.0,0.0,0.0,0.0,7826.0,10712.0,18538.0,44.10924530029297,29.453765869140625,73.5630111694336,0.0,1.735630111694336,0.0,0,0,0,0,0,0,665,vistahermosa,meta,unico,False,0,0,0,0,,,,,,,0,
52079,BARBACOAS,NARIÑO,2732.93327615,38,celdas,4.199999809265137,3.999999523162842,3.900000095367432,2.7070000171661377,446.25,330.1000061035156,0.0,0.0,0.0,0.0,0.0,0.0,0.0,14633.0,50511.0,65144.0,65.88758850097656,31.4830265045166,97.37061500549316,0.0,1.9737061500549316,0.0,0,0,0,0,0,0,666,barbacoas,narino,unico,False,0,0,0,0,,,,,,,0,
52233,CUMBITARA,NARIÑO,355.166976951,114,celdas,4.099999904632568,3.83859658241272,3.700000047683716,2.690000057220459,681.0921020507812,378.6000061035156,0.0,0.0,0.0,0.0,0.0,0.0,0.0,1698.0,4246.0,5944.0,26.29870223999023,42.9112548828125,69.20995712280273,0.0,1.6920995712280271,0.0,0,0,0,0,0,0,667,cumbitara,narino,unico,False,0,0,0,0,,,,,,,0,
23466,MONTELÍBANO,CÓRDOBA,1551.00736615,630,celdas,4.900000095367432,4.307618618011475,3.799999952316284,5.072999954223633,502.8698425292969,234.0,0.0,0.0,0.0,0.0,0.0,0.0,0.0,65945.0,22794.0,88739.0,26.071365356445312,35.901695251464844,61.97306060791016,0.0,1.6197306060791017,0.0,0,0,0,0,0,0,668,montelibano,cordoba,unico,False,0,0,0,0,,,,,,,0,
52256,EL ROSARIO,NARIÑO,520.291550267,435,celdas,4.099999904632568,3.7967817783355713,3.700000047683716,2.7790000438690186,783.0096435546875,433.5,0.0,0.0,0.0,0.0,0.0,0.0,0.0,1943.0,11082.0,13025.0,10.155990600585938,74.37769317626953,84.53368377685547,0.0,1.8453368377685544,0.0,0,0,0,0,0,0,669,el rosario,narino,palabra_riesgosa,True,0,0,0,0,,,,,,,0,
20770,SAN MARTÍN,CESAR,993.291243007,349,celdas,4.5,4.2478508949279785,4.099999904632568,2.7139999866485596,223.18682861328125,181.6999969482422,0.0,0.0,0.0,0.0,0.0,0.0,0.0,18821.0,16176.0,34997.0,20.4011287689209,38.95330429077149,59.35443305969238,0.0,1.5935443305969237,0.0,0,0,0,0,0,0,670,san martin,cesar,nombre_repetido,True,0,0,0,0,,,,,,,0,
52405,LEIVA,NARIÑO,310.420445829,307,celdas,4.599999904632568,3.847231149673462,3.700000047683716,3.9049999713897705,797.1524047851562,292.79998779296875,0.0,0.0,0.0,0.0,0.0,0.0,0.0,3075.0,6665.0,9740.0,13.274335861206056,66.19468688964844,79.46902275085449,0.0,1.794690227508545,0.0,0,0,0,0,0,0,671,leiva,narino,unico,False,0,0,0,0,,,,,,,0,
52418,LOS ANDES,NARIÑO,956.871511869,192,celdas,4.300000190734863,3.918750047683716,3.5999999046325684,2.8980000019073486,557.5374755859375,313.8999938964844,0.0,0.0,0.0,0.0,0.0,0.0,0.0,4519.0,5023.0,9542.0,18.55937767028809,38.77352523803711,57.332902908325195,0.0,1.573329029083252,0.0,0,0,0,0,0,0,672,los andes,narino,unico,False,5,3,3,2,,,,,,,0,
52427,MAGÜÍ,NARIÑO,1808.09579936,1686,celdas,4.699999809265137,4.237900257110596,3.700000047683716,3.611000061035156,350.44287109375,202.5,0.0,0.0,0.0,0.0,0.0,0.0,0.0,8765.0,19973.0,28738.0,81.06060791015625,18.652036666870117,99.71264457702635,0.0,1.9971264457702635,0.0,0,0,0,0,0,0,673,magui,narino,unico,False,0,0,0,0,,,,,,,0,
20710,SAN ALBERTO,CESAR,550.211547753,465,celdas,4.5,4.064301013946533,3.4000000953674316,2.6419999599456787,328.1537780761719,181.8000030517578,0.0,0.0,0.0,0.0,0.0,0.0,0.0,25677.0,6650.0,32327.0,9.72632122039795,33.86101531982422,43.58733654022217,0.0,1.4358733654022218,0.0,0,0,0,0,0,0,674,san alberto,cesar,unico,False,0,0,0,0,,,,,,,0,
19785,SUCRE,CAUCA,135.873296107,135,celdas,4.300000190734863,3.939258813858032,3.799999952316284,3.7730000019073486,781.6237182617188,456.7999877929687,0.0,0.0,0.0,0.0,0.0,0.0,0.0,1575.0,8251.0,9826.0,10.755813598632812,82.26744079589844,93.02325439453124,0.0,1.9302325439453123,0.0,0,0,0,0,0,0,675,sucre,cauca,nombre_repetido,True,0,0,0,0,,,,,,,1,
52520,FRANCISCO PIZARRO,NARIÑO,525.184015876,525,celdas,4.699999809265137,4.13599967956543,3.700000047683716,3.4040000438690186,368.4916076660156,191.1000061035156,0.0,0.0,0.0,0.0,0.0,0.0,0.0,6364.0,9752.0,16116.0,88.61824798583984,10.98317050933838,99.60141849517822,0.0,1.996014184951782,0.0,0,0,0,0,0,0,676,francisco pizarro,narino,unico,False,0,0,0,0,,,,,,,0,
52540,POLICARPA,NARIÑO,434.22789714,179,celdas,4.099999904632568,3.8212289810180664,3.700000047683716,2.6679999828338623,707.1921997070312,396.1000061035156,0.0,0.0,0.0,0.0,0.0,0.0,0.0,2669.0,7201.0,9870.0,18.874834060668945,56.32490158081055,75.19973564147949,0.0,1.7519973564147948,0.0,0,0,0,0,0,0,677,policarpa,narino,unico,False,0,0,0,0,,,,,,,0,
52621,ROBERTO PAYÁN,NARIÑO,1457.71173251,1089,celdas,4.800000190734863,4.331864356994629,4.0,3.615999937057495,266.7757263183594,182.5,0.0,0.0,0.0,0.0,0.0,0.0,0.0,3440.0,9065.0,12505.0,83.59349060058594,13.25141143798828,96.84490203857422,0.0,1.968449020385742,0.0,0,0,0,0,0,0,678,roberto payan,narino,unico,False,0,0,0,0,,,,,,,0,
19760,SOTARÁ PAISPAMBA,CAUCA,515.905701342,516,celdas,4.900000095367432,4.159302234649658,3.900000095367432,5.928999900817871,685.8563842773438,350.6000061035156,0.0,0.0,0.0,0.0,0.0,0.0,0.0,405.0,14401.0,14806.0,24.649431228637695,49.10166549682617,73.75109672546387,0.0,1.7375109672546387,0.0,0,0,0,0,0,0,679,sotara paispamba,cauca,unico,False,0,0,0,0,,,,,,,1,
52835,SAN ANDRÉS DE TUMACO,NARIÑO,3611.04840153,637,celdas,4.699999809265137,4.185713768005371,3.700000047683716,3.430999994277954,322.92730712890625,195.8000030517578,0.0,0.0,0.0,0.0,0.0,0.0,0.0,95897.0,181168.0,277065.0,58.36170196533203,38.67047119140625,97.03217315673828,0.0,1.9703217315673829,0.0,0,0,0,0,0,0,680,san andres de tumaco,narino,unico,False,0,0,0,0,,,,,,,0,
54003,ÁBREGO,NORTE DE SANTANDER,1382.44975629,249,celdas,3.799999952316284,3.4666666984558105,3.4000000953674316,1.340000033378601,783.75830078125,392.5,0.0,0.0,0.0,0.0,0.0,0.0,0.0,18939.0,17683.0,36622.0,3.323477268218994,49.02424621582031,52.34772348403931,0.0,1.523477234840393,0.0,0,0,0,0,0,0,681,abrego,norte de santander,unico,False,0,0,0,0,,,,,,,1,
95015,CALAMAR,GUAVIARE,13069.5857485,1904,celdas,4.300000190734863,3.9621849060058594,3.5,2.367000102996826,324.8737487792969,223.8999938964844,0.0,0.0,0.0,0.0,0.0,0.0,0.0,4449.0,5465.0,9914.0,83.84980010986328,9.588042259216309,93.4378423690796,0.0,1.934378423690796,0.0,0,0,0,0,0,0,682,calamar,guaviare,unico,False,0,0,0,0,,,,,,,0,
