divipola,municipio,departamento,mmi_max,vs30_medio,pob_total,pob_cabecera,pob_rural,def_cualitativo,desliz_max,desliz_media,desliz_km2,desliz_frac,licuef_max,licuef_media,licuef_km2,licuef_frac,pob_rural_desliz,pob_licuef
05001,MEDELLÍN,ANTIOQUIA,5.800000190734863,726.828125,2526795.0,2478217.0,48578.0,12.979388236999512,0.0016,0.0005975990907799404,0.0,0.0,0.0,0.0,0.0,0.0,0.0,0.0
05002,ABEJORRAL,ANTIOQUIA,6.099999904632568,740.2485961914062,21126.0,8520.0,12606.0,49.991703033447266,0.0089,0.0009531660191116245,0.0,0.0,0.0116,8.577441077441079e-05,0.0,0.0,0.0,0.0
05004,ABRIAQUÍ,ANTIOQUIA,5.300000190734863,748.2776489257812,2804.0,914.0,1890.0,43.17010498046875,0.0013,0.0006267215167233052,0.0,0.0,0.0,0.0,0.0,0.0,0.0,0.0
05021,ALEJANDRÍA,ANTIOQUIA,5.800000190734863,540.4641723632812,5347.0,3022.0,2325.0,32.7312126159668,0.0009,0.0005531853678586107,0.0,0.0,0.2635,0.0023090609555189456,0.6391546290039088,0.004942339373970346,0.0,26.0
05030,AMAGÁ,ANTIOQUIA,5.900000095367432,782.4204711914062,33092.0,16361.0,16731.0,42.74456787109375,0.0038,0.0008589420654911838,0.0,0.0,0.0045,2.4181360201511333e-05,0.0,0.0,0.0,0.0
05031,AMALFI,ANTIOQUIA,5.099999904632568,625.3617553710938,29394.0,17045.0,12349.0,24.157716751098633,0.0012,0.0005147310647639956,0.0,0.0,0.0,0.0,0.0,0.0,0.0,0.0
05034,ANDES,ANTIOQUIA,6.5,777.5492553710938,45436.0,22394.0,23042.0,52.54792785644531,0.0271,0.0014520756213643575,0.0,0.0,0.0109,1.827277514481306e-05,0.0,0.0,0.0,0.0
05036,ANGELÓPOLIS,ANTIOQUIA,5.599999904632568,798.428955078125,6214.0,2556.0,3658.0,47.73519134521485,0.0039,0.0008951235370611184,0.0,0.0,0.0,0.0,0.0,0.0,0.0,0.0
05038,ANGOSTURA,ANTIOQUIA,5.300000190734863,563.0183715820312,12558.0,3193.0,9365.0,67.4306411743164,0.001,0.0005551129234629862,0.0,0.0,0.0,0.0,0.0,0.0,0.0,0.0
05040,ANORÍ,ANTIOQUIA,5.0,628.4073486328125,21307.0,9506.0,11801.0,37.15916442871094,0.0021,0.0005391071093603451,0.0,0.0,0.0,0.0,0.0,0.0,0.0,0.0
05042,SANTA FÉ DE ANTIOQUIA,ANTIOQUIA,5.699999809265137,761.666748046875,28673.0,18671.0,10002.0,32.483604431152344,0.0018,0.000658020202020202,0.0,0.0,0.035,0.0001488888888888889,0.0,0.0,0.0,0.0
05044,ANZÁ,ANTIOQUIA,5.599999904632568,783.8640747070312,7737.0,1663.0,6074.0,62.375770568847656,0.0025,0.0007449781659388646,0.0,0.0,0.0066,1.745635910224439e-05,0.0,0.0,0.0,0.0
05045,APARTADÓ,ANTIOQUIA,5.0,404.9443054199219,125881.0,105207.0,20674.0,30.862035751342773,0.0006,0.00023379086147733434,0.0,0.0,0.0,0.0,0.0,0.0,0.0,0.0
05055,ARGELIA,ANTIOQUIA,5.699999809265137,808.839599609375,8242.0,3934.0,4308.0,49.02826690673828,0.0052,0.0008534199134199134,0.0,0.0,0.001,1.4821272885789016e-06,0.0,0.0,0.0,0.0
05059,ARMENIA,ANTIOQUIA,5.800000190734863,771.2395629882812,5292.0,1927.0,3365.0,45.022193908691406,0.006,0.0007992333493052228,0.0,0.0,0.0036,9.961685823754788e-06,0.0,0.0,0.0,0.0
05079,BARBOSA,ANTIOQUIA,5.099999904632568,806.468017578125,64314.0,27477.0,36837.0,45.107887268066406,0.0011,0.0005935550399587522,0.0,0.0,0.0,0.0,0.0,0.0,0.0,0.0
05086,BELMIRA,ANTIOQUIA,5.599999904632568,609.8245239257812,6148.0,1827.0,4321.0,60.07677459716797,0.001,0.0005596195262024407,0.0,0.0,0.0,0.0,0.0,0.0,0.0,0.0
05088,BELLO,ANTIOQUIA,5.699999809265137,698.2686157226562,609168.0,587840.0,21328.0,15.517924308776855,0.0016,0.0005775539568345324,0.0,0.0,0.0009,1.4676258992805754e-05,0.0,0.0,0.0,0.0
05091,BETANIA,ANTIOQUIA,6.300000190734863,758.8971557617188,10743.0,4033.0,6710.0,57.0247917175293,0.0234,0.001341256266588027,0.0,0.0,0.0119,2.5266903914590745e-05,0.0,0.0,0.0,0.0
05093,BETULIA,ANTIOQUIA,5.699999809265137,794.1455078125,17068.0,5204.0,11864.0,66.96823120117188,0.0024,0.0008147225597407858,0.0,0.0,0.0,0.0,0.0,0.0,0.0,0.0
05101,CIUDAD BOLÍVAR,ANTIOQUIA,6.199999809265137,767.5004272460938,27720.0,17192.0,10528.0,44.923858642578125,0.0147,0.0010958030669895075,0.0,0.0,0.0124,1.706924315619968e-05,0.0,0.0,0.0,0.0
05107,BRICEÑO,ANTIOQUIA,4.699999809265137,847.6085205078125,7905.0,2818.0,5087.0,54.03543472290039,0.0013,0.0005664832839610665,0.0,0.0,0.0,0.0,0.0,0.0,0.0,0.0
05113,BURITICÁ,ANTIOQUIA,4.900000095367432,860.31494140625,11168.0,3011.0,8157.0,54.85765838623047,0.0031,0.000678796476034045,0.0,0.0,0.0,0.0,0.0,0.0,0.0,0.0
05120,CÁCERES,ANTIOQUIA,4.900000095367432,369.15484619140625,28944.0,7011.0,21933.0,43.043479919433594,0.0007,0.0002631437255753365,0.0,0.0,0.0,0.0,0.0,0.0,0.0,0.0
05125,CAICEDO,ANTIOQUIA,5.300000190734863,811.3921508789062,9134.0,2131.0,7003.0,69.77352142333984,0.0017,0.0006924774056353004,0.0,0.0,0.0,0.0,0.0,0.0,0.0,0.0
05129,CALDAS,ANTIOQUIA,6.0,701.518798828125,89671.0,70829.0,18842.0,25.84783935546875,0.0039,0.0009240688826591912,0.0,0.0,0.0098,9.131832797427652e-05,0.0,0.0,0.0,0.0
05134,CAMPAMENTO,ANTIOQUIA,4.599999904632568,784.744384765625,10063.0,3087.0,6976.0,64.26956176757812,0.0012,0.0005952228571428571,0.0,0.0,0.0,0.0,0.0,0.0,0.0,0.0
05138,CAÑASGORDAS,ANTIOQUIA,5.0,787.3875732421875,15337.0,5462.0,9875.0,58.07256317138672,0.0011,0.0006032290909090909,0.0,0.0,0.0,0.0,0.0,0.0,0.0,0.0
05142,CARACOLÍ,ANTIOQUIA,5.5,503.6761474609375,4482.0,2771.0,1711.0,52.33333206176758,0.0013,0.0005493438320209972,0.0,0.0,0.0,0.0,0.0,0.0,0.0,0.0
05145,CARAMANTA,ANTIOQUIA,6.0,854.7088623046875,4444.0,2140.0,2304.0,42.16393280029297,0.0179,0.0016463400576368877,0.0,0.0,0.0,0.0,0.0,0.0,0.0,0.0
05147,CAREPA,ANTIOQUIA,5.099999904632568,368.9910888671875,51298.0,37099.0,14199.0,31.53390884399414,0.0006,0.00016270188885847246,0.0,0.0,0.0,0.0,0.0,0.0,0.0,0.0
05148,EL CARMEN DE VIBORAL,ANTIOQUIA,6.0,659.9193115234375,70734.0,42227.0,28507.0,20.311113357543945,0.0054,0.0006438213524024589,0.0,0.0,0.268,0.0055436781609195405,1.7044123440104235,0.00399800099950025,0.0,283.0
05150,CAROLINA,ANTIOQUIA,5.400000095367432,561.3013916015625,3932.0,2993.0,939.0,26.831148147583008,0.0009,0.0005383985765124554,0.0,0.0,0.0,0.0,0.0,0.0,0.0,0.0
05154,CAUCASIA,ANTIOQUIA,4.800000190734863,281.0223388671875,93976.0,84138.0,9838.0,30.227678298950195,0.0006,9.355107135427501e-05,0.0,0.0,0.0,0.0,0.0,0.0,0.0,0.0
05172,CHIGORODÓ,ANTIOQUIA,5.300000190734863,380.0864562988281,56664.0,47673.0,8991.0,27.50135612487793,0.0008,0.0001849529550132314,0.0,0.0,0.0,0.0,0.0,0.0,0.0,0.0
05190,CISNEROS,ANTIOQUIA,5.099999904632568,717.5979614257812,10136.0,8896.0,1240.0,48.98659133911133,0.0007,0.0005707814269535674,0.0,0.0,0.0,0.0,0.0,0.0,0.0,0.0
05197,COCORNÁ,ANTIOQUIA,5.599999904632568,736.0020751953125,16099.0,7397.0,8702.0,47.33646774291992,0.0036,0.0007054441260744984,0.0,0.0,0.0012,1.4045936395759714e-05,0.0,0.0,0.0,0.0
05206,CONCEPCIÓN,ANTIOQUIA,5.699999809265137,564.4088134765625,5136.0,2251.0,2885.0,50.99715042114258,0.001,0.0005540063257775434,0.0,0.0,0.2121,0.0012568109820485745,0.21305154300130294,0.0010559662090813093,0.0,5.0
05209,CONCORDIA,ANTIOQUIA,5.900000095367432,806.5354614257812,22145.0,8173.0,13972.0,51.440406799316406,0.0072,0.0009983690987124465,0.0,0.0,0.0024,5.312767780634105e-06,0.0,0.0,0.0,0.0
05212,COPACABANA,ANTIOQUIA,5.0,821.607177734375,92069.0,73753.0,18316.0,17.34697914123535,0.001,0.0006070422535211267,0.0,0.0,0.0,0.0,0.0,0.0,0.0,0.0
05234,DABEIBA,ANTIOQUIA,5.400000095367432,732.603759765625,24937.0,10272.0,14665.0,33.5804557800293,0.0018,0.0006161799033711524,0.0,0.0,0.0,0.0,0.0,0.0,0.0,0.0
05237,DONMATÍAS,ANTIOQUIA,5.5,612.64404296875,19849.0,13085.0,6764.0,23.903369903564453,0.0008,0.0005649711588883062,0.0,0.0,0.0,0.0,0.0,0.0,0.0,0.0
05240,EBÉJICO,ANTIOQUIA,5.599999904632568,772.3120727539062,12571.0,2762.0,9809.0,50.417972564697266,0.0042,0.0007389287315105334,0.0,0.0,0.0045,1.566696508504924e-05,0.0,0.0,0.0,0.0
05250,EL BAGRE,ANTIOQUIA,4.900000095367432,469.1595153808594,56596.0,38492.0,18104.0,40.36549758911133,0.0006,0.0003543226964947066,0.0,0.0,0.0,0.0,0.0,0.0,0.0,0.0
05264,ENTRERRÍOS,ANTIOQUIA,5.599999904632568,501.0055847167969,12894.0,6834.0,6060.0,31.332618713378903,0.0008,0.0005360822189202575,0.0,0.0,0.0049,4.865938430983118e-06,0.0,0.0,0.0,0.0
05266,ENVIGADO,ANTIOQUIA,6.0,676.9837646484375,268381.0,257546.0,10835.0,6.636229515075684,0.0015,0.0006262064343163539,0.0,0.0,0.0,0.0,0.0,0.0,0.0,0.0
05282,FREDONIA,ANTIOQUIA,6.300000190734863,731.553955078125,26522.0,9322.0,17200.0,38.459232330322266,0.0126,0.0009200334938245762,0.0,0.0,0.0664,0.0005643755238893546,0.0,0.0,0.0,0.0
05284,FRONTINO,ANTIOQUIA,5.800000190734863,677.6080322265625,21808.0,9747.0,12061.0,38.67836380004883,0.0037,0.0006320270218400952,0.0,0.0,0.2638,0.0011350715274573142,1.0652577150065148,0.0007691124442393477,0.0,17.0
05306,GIRALDO,ANTIOQUIA,5.0,820.468017578125,6491.0,2586.0,3905.0,51.27596282958984,0.0011,0.0006571510297482836,0.0,0.0,0.0,0.0,0.0,0.0,0.0,0.0
05308,GIRARDOTA,ANTIOQUIA,5.300000190734863,769.7633666992188,62138.0,34131.0,28007.0,31.32333755493164,0.0009,0.000585576923076923,0.0,0.0,0.0,0.0,0.0,0.0,0.0,0.0
05310,GÓMEZ PLATA,ANTIOQUIA,5.5,635.7532348632812,10420.0,5649.0,4771.0,43.56402587890625,0.0013,0.0005633881526425035,0.0,0.0,0.0,0.0,0.0,0.0,0.0,0.0
05313,GRANADA,ANTIOQUIA,5.699999809265137,648.0521240234375,10502.0,5873.0,4629.0,34.916202545166016,0.0012,0.0006167926112510495,0.0,0.0,0.0077,1.4653243847874718e-05,0.0,0.0,0.0,0.0
05315,GUADALUPE,ANTIOQUIA,4.900000095367432,725.7008056640625,7031.0,2600.0,4431.0,56.89655303955078,0.0028,0.0006459435230838189,0.0,0.0,0.0,0.0,0.0,0.0,0.0,0.0
05318,GUARNE,ANTIOQUIA,5.699999809265137,509.8114929199219,66158.0,23576.0,42582.0,26.34131622314453,0.0008,0.0005338456164862033,0.0,0.0,0.1492,0.0018697771587743732,0.0,0.0,0.0,0.0
05321,GUATAPÉ,ANTIOQUIA,6.0,416.24462890625,9842.0,6533.0,3309.0,17.982988357543945,0.0008,0.00032757517594369796,0.0,0.0,0.4411,0.09940076530612243,20.026845042122478,0.23979591836734693,0.0,2360.0
05347,HELICONIA,ANTIOQUIA,5.5,800.1721801757812,4961.0,2262.0,2699.0,56.646705627441406,0.0025,0.0008591770688858068,0.0,0.0,0.0,0.0,0.0,0.0,0.0,0.0
05353,HISPANIA,ANTIOQUIA,6.199999809265137,707.50927734375,5966.0,3888.0,2078.0,35.25640869140625,0.0061,0.0011632512315270934,0.0,0.0,0.0254,0.000152734375,0.0,0.0,0.0,0.0
05360,ITAGÜÍ,ANTIOQUIA,6.0,583.1578979492188,306397.0,277025.0,29372.0,16.88581085205078,0.0009,0.00047999999999999996,0.0,0.0,0.0,0.0,0.0,0.0,0.0,0.0
05361,ITUANGO,ANTIOQUIA,4.800000190734863,819.0040893554688,29650.0,8614.0,21036.0,48.26912689208984,0.0016,0.0005591626655706466,0.0,0.0,0.0,0.0,0.0,0.0,0.0,0.0
05364,JARDÍN,ANTIOQUIA,6.400000095367432,756.2662353515625,15531.0,8504.0,7027.0,31.57305908203125,0.0284,0.001827215022480825,0.0,0.0,0.0077,1.8644067796610167e-05,0.0,0.0,0.0,0.0
05368,JERICÓ,ANTIOQUIA,6.400000095367432,676.41064453125,14414.0,8403.0,6011.0,27.270360946655273,0.0211,0.001179673744174003,0.0,0.0,0.0193,0.0002181159420289855,0.0,0.0,0.0,0.0
05376,LA CEJA,ANTIOQUIA,6.099999904632568,605.736572265625,74386.0,64591.0,9795.0,16.64093589782715,0.0015,0.0005834869739478958,0.0,0.0,0.0791,0.0024868719611021066,0.0,0.0,0.0,0.0
05380,LA ESTRELLA,ANTIOQUIA,5.800000190734863,770.8804931640625,84068.0,71815.0,12253.0,15.983997344970703,0.0018,0.0008063768115942029,0.0,0.0,0.0,0.0,0.0,0.0,0.0,0.0
05390,LA PINTADA,ANTIOQUIA,6.400000095367432,620.1583251953125,8722.0,7811.0,911.0,41.88834762573242,0.0083,0.0008237681159420289,0.0,0.0,0.0162,0.0007225680933852139,0.0,0.0,0.0,0.0
05400,LA UNIÓN,ANTIOQUIA,6.099999904632568,474.34619140625,24374.0,15128.0,9246.0,31.40096664428711,0.0012,0.0005870212092434315,0.0,0.0,0.0352,0.00142175572519084,0.0,0.0,0.0,0.0
05411,LIBORINA,ANTIOQUIA,5.199999809265137,852.2183227539062,10896.0,2805.0,8091.0,63.90715789794922,0.0017,0.0006713794796269023,0.0,0.0,0.0,0.0,0.0,0.0,0.0,0.0
05425,MACEO,ANTIOQUIA,5.300000190734863,483.39892578125,8902.0,3581.0,5321.0,51.43081283569336,0.0008,0.0005043680838672102,0.0,0.0,0.0,0.0,0.0,0.0,0.0,0.0
05440,MARINILLA,ANTIOQUIA,5.900000095367432,394.0652160644531,75558.0,53581.0,21977.0,13.51497745513916,0.0008,0.0004790913305516921,0.0,0.0,0.1746,0.015383768656716416,0.0,0.0,0.0,0.0
05467,MONTEBELLO,ANTIOQUIA,5.699999809265137,831.2658081054688,6477.0,2064.0,4413.0,49.85380172729492,0.0022,0.0008431454418928323,0.0,0.0,0.0,0.0,0.0,0.0,0.0,0.0
05475,MURINDÓ,ANTIOQUIA,5.900000095367432,443.7346801757813,6023.0,2239.0,3784.0,3.4037559032440186,0.0016,0.00029623892876631824,0.0,0.0,0.4044,0.035554184135502265,82.66399868450554,0.06506791883280227,0.0,392.0
05480,MUTATÁ,ANTIOQUIA,5.400000095367432,562.7149658203125,13717.0,5451.0,8266.0,22.746023178100582,0.0013,0.0003891571619019404,0.0,0.0,0.0,0.0,0.0,0.0,0.0,0.0
05483,NARIÑO,ANTIOQUIA,5.900000095367432,801.7898559570312,11059.0,3757.0,7302.0,62.07137680053711,0.0095,0.0009432459677419355,0.0,0.0,0.0,0.0,0.0,0.0,0.0,0.0
05495,NECHÍ,ANTIOQUIA,4.800000190734863,268.15789794921875,29853.0,16862.0,12991.0,42.90401840209961,0.0006,4.0678958150424344e-05,0.0,0.0,0.0,0.0,0.0,0.0,0.0,0.0
05501,OLAYA,ANTIOQUIA,5.599999904632568,788.8756103515625,3496.0,397.0,3099.0,59.87779998779297,0.0018,0.0006155867970660146,0.0,0.0,0.0116,0.00018161764705882353,0.0,0.0,0.0,0.0
05541,PEÑOL,ANTIOQUIA,5.900000095367432,498.5008544921875,24121.0,13237.0,10884.0,23.69281005859375,0.0008,0.0004685624720107479,0.0,0.0,0.4006,0.034394464285714285,8.309010177050814,0.06964285714285715,0.0,1680.0
05543,PEQUE,ANTIOQUIA,4.800000190734863,856.6370849609375,8835.0,2835.0,6000.0,55.170799255371094,0.0029,0.0006315873210133398,0.0,0.0,0.0,0.0,0.0,0.0,0.0,0.0
05576,PUEBLORRICO,ANTIOQUIA,6.0,756.8200073242188,9073.0,4893.0,4180.0,50.0,0.0082,0.0014787579393083978,0.0,0.0,0.0004,1.129943502824859e-06,0.0,0.0,0.0,0.0
05579,PUERTO BERRÍO,ANTIOQUIA,5.599999904632568,396.40435791015625,39161.0,33521.0,5640.0,27.031719207763672,0.0008,0.00032878286609785826,0.0,0.0,0.0,0.0,0.0,0.0,0.0,0.0
05585,PUERTO NARE,ANTIOQUIA,5.800000190734863,428.54730224609375,15675.0,5410.0,10265.0,55.96184539794922,0.0032,0.00040324711062190413,0.0,0.0,0.3947,0.01831144644828855,28.761958305175895,0.049687154950312847,0.0,779.0
05591,PUERTO TRIUNFO,ANTIOQUIA,5.800000190734863,340.42999267578125,20322.0,3985.0,16337.0,68.21497344970703,0.0012,0.0002431056793673616,0.0,0.0,0.3903,0.052764850917431196,36.2187623102215,0.09747706422018348,0.0,1981.0
05604,REMEDIOS,ANTIOQUIA,5.199999809265137,447.928466796875,33548.0,14710.0,18838.0,40.232269287109375,0.0007,0.00043128596783735816,0.0,0.0,0.0,0.0,0.0,0.0,0.0,0.0
05607,RETIRO,ANTIOQUIA,6.0,605.0925903320312,27622.0,15260.0,12362.0,23.124109268188477,0.0033,0.0006421237384817902,0.0,0.0,0.0688,0.0005829675153643547,0.0,0.0,0.0,0.0
05615,RIONEGRO,ANTIOQUIA,6.0,400.0079956054687,156303.0,98864.0,57439.0,16.546525955200195,0.0009,0.00038346007604562733,0.0,0.0,0.2805,0.03515867678958785,2.982721602018241,0.015184381778741865,0.0,2373.0
05628,SABANALARGA,ANTIOQUIA,4.900000095367432,832.6049194335938,9963.0,3578.0,6385.0,66.70781707763672,0.0031,0.0006457410732096548,0.0,0.0,0.0,0.0,0.0,0.0,0.0,0.0
05631,SABANETA,ANTIOQUIA,5.900000095367432,713.375,109260.0,94532.0,14728.0,12.97178554534912,0.0012,0.0006602040816326531,0.0,0.0,0.0,0.0,0.0,0.0,0.0,0.0
05642,SALGAR,ANTIOQUIA,6.0,776.5916748046875,18910.0,7570.0,11340.0,61.00131607055664,0.0111,0.0010189957541074394,0.0,0.0,0.0014,1.033210332103321e-06,0.0,0.0,0.0,0.0
05647,SAN ANDRÉS DE CUERQUÍA,ANTIOQUIA,5.199999809265137,769.9437866210938,7380.0,3162.0,4218.0,55.57244110107422,0.0012,0.0005672489082969431,0.0,0.0,0.0,0.0,0.0,0.0,0.0,0.0
05649,SAN CARLOS,ANTIOQUIA,5.5,615.158203125,16961.0,7985.0,8976.0,30.82410430908203,0.0024,0.0005800415183867141,0.0,0.0,0.0015,8.323424494649227e-07,0.0,0.0,0.0,0.0
05652,SAN FRANCISCO,ANTIOQUIA,5.800000190734863,677.934326171875,6089.0,2820.0,3269.0,35.8085823059082,0.0027,0.0007071449792038028,0.0,0.0,0.0149,0.00015255344418052256,0.0,0.0,0.0,0.0
05656,SAN JERÓNIMO,ANTIOQUIA,5.400000095367432,808.8536987304688,18757.0,8640.0,10117.0,41.70760345458984,0.0029,0.0006733597098582261,0.0,0.0,0.0,0.0,0.0,0.0,0.0,0.0
05658,SAN JOSÉ DE LA MONTAÑA,ANTIOQUIA,5.400000095367432,567.9567260742188,4070.0,2643.0,1427.0,41.39004135131836,0.0007,0.000537910699241786,0.0,0.0,0.0,0.0,0.0,0.0,0.0,0.0
05660,SAN LUIS,ANTIOQUIA,5.599999904632568,655.3470458984375,14593.0,8836.0,5757.0,36.18172073364258,0.0039,0.0006325950345111775,0.0,0.0,0.0213,0.00010703414232825997,0.0,0.0,0.0,0.0
05664,SAN PEDRO DE LOS MILAGROS,ANTIOQUIA,5.699999809265137,480.15667724609375,22252.0,12692.0,9560.0,27.004379272460938,0.0009,0.0005342320654790562,0.0,0.0,0.0053,4.1040462427745666e-05,0.0,0.0,0.0,0.0
05667,SAN RAFAEL,ANTIOQUIA,5.5,646.6773681640625,17572.0,9133.0,8439.0,45.68516540527344,0.001,0.0005833503575076608,0.0,0.0,0.0816,4.755244755244756e-05,0.0,0.0,0.0,0.0
05670,SAN ROQUE,ANTIOQUIA,5.300000190734863,543.5419311523438,24855.0,8391.0,16464.0,57.082725524902344,0.001,0.000555711072231942,0.0,0.0,0.0,0.0,0.0,0.0,0.0,0.0
05674,SAN VICENTE FERRER,ANTIOQUIA,5.599999904632568,446.0658264160156,24984.0,7188.0,17796.0,38.20301818847656,0.0009,0.0005090867158671586,0.0,0.0,0.0394,0.0004991735537190083,0.0,0.0,0.0,0.0
05679,SANTA BÁRBARA,ANTIOQUIA,6.300000190734863,770.1174926757812,29737.0,14267.0,15470.0,36.33231735229492,0.0128,0.0011721075502444322,0.0,0.0,0.0157,0.00011064060803474484,0.0,0.0,0.0,0.0
05686,SANTA ROSA DE OSOS,ANTIOQUIA,5.599999904632568,477.3485107421875,40697.0,23351.0,17346.0,46.43593215942383,0.001,0.0005139707688528616,0.0,0.0,0.0219,5.382157778323912e-06,0.0,0.0,0.0,0.0
05690,SANTO DOMINGO,ANTIOQUIA,5.400000095367432,638.10986328125,13568.0,3461.0,10107.0,72.04106140136719,0.0008,0.0005706445819197764,0.0,0.0,0.0,0.0,0.0,0.0,0.0,0.0
05697,EL SANTUARIO,ANTIOQUIA,5.800000190734863,477.8860473632813,40538.0,29278.0,11260.0,21.62071228027344,0.0008,0.0005684109763880026,0.0,0.0,0.0578,0.000978005115089514,0.0,0.0,0.0,0.0
05736,SEGOVIA,ANTIOQUIA,5.099999904632568,471.32611083984375,39549.0,32366.0,7183.0,44.60298156738281,0.0007,0.0004193333019888101,0.0,0.0,0.0,0.0,0.0,0.0,0.0,0.0
05756,SONSÓN,ANTIOQUIA,6.0,648.2171630859375,35750.0,17640.0,18110.0,46.34315872192383,0.01,0.0006883782502173397,0.0,0.0,0.3469,0.009125300252844502,21.09210275712899,0.015644753476611883,0.0,559.0
05761,SOPETRÁN,ANTIOQUIA,5.699999809265137,732.5146484375,16647.0,7566.0,9081.0,42.10311126708984,0.0025,0.0006581738919835312,0.0,0.0,0.0328,0.0005248302618816683,0.0,0.0,0.0,0.0
05789,TÁMESIS,ANTIOQUIA,6.300000190734863,769.547119140625,16646.0,7926.0,8720.0,45.93310546875,0.0254,0.0013464232960540199,0.0,0.0,0.028,0.00016,0.0,0.0,0.0,0.0
05790,TARAZÁ,ANTIOQUIA,4.900000095367432,570.5206909179688,29542.0,15566.0,13976.0,36.76103210449219,0.0009,0.000445800857814878,0.0,0.0,0.0,0.0,0.0,0.0,0.0,0.0
05792,TARSO,ANTIOQUIA,6.0,769.6851806640625,6597.0,3736.0,2861.0,47.76445007324219,0.0606,0.0014922261484098941,0.0,0.0,0.0099,4.955908289241622e-05,0.0,0.0,0.0,0.0
05809,TITIRIBÍ,ANTIOQUIA,5.800000190734863,824.1673583984375,11582.0,5420.0,6162.0,36.42083358764648,0.0114,0.0009049242424242423,0.0,0.0,0.0,0.0,0.0,0.0,0.0,0.0
05819,TOLEDO,ANTIOQUIA,4.699999809265137,850.38623046875,4767.0,1752.0,3015.0,56.65209197998047,0.0011,0.0005803310997240835,0.0,0.0,0.0,0.0,0.0,0.0,0.0,0.0
05837,TURBO,ANTIOQUIA,5.300000190734863,213.14273071289065,130286.0,54107.0,76179.0,47.99462127685547,0.0006,6.577741574177781e-06,0.0,0.0,0.0,0.0,0.0,0.0,0.0,0.0
05842,URAMITA,ANTIOQUIA,5.099999904632568,813.80615234375,7527.0,2537.0,4990.0,70.03853607177734,0.001,0.0006,0.0,0.0,0.0,0.0,0.0,0.0,0.0,0.0
05847,URRAO,ANTIOQUIA,6.099999904632568,678.6644287109375,32148.0,17764.0,14384.0,31.35957717895508,0.013,0.0007212825143758692,0.0,0.0,0.104,0.0006142098273572377,0.0,0.0,0.0,0.0
05854,VALDIVIA,ANTIOQUIA,4.900000095367432,761.3410034179688,15105.0,4511.0,10594.0,55.30360412597656,0.0009,0.0005238344389423527,0.0,0.0,0.0,0.0,0.0,0.0,0.0,0.0
05856,VALPARAÍSO,ANTIOQUIA,6.199999809265137,684.3653564453125,6717.0,3946.0,2771.0,25.231719970703125,0.004,0.000810042194092827,0.0,0.0,0.0085,0.00015929054054054055,0.0,0.0,0.0,0.0
05858,VEGACHÍ,ANTIOQUIA,5.099999904632568,458.6268005371094,12183.0,8660.0,3523.0,29.14349365234375,0.0008,0.0004888028996865203,0.0,0.0,0.0,0.0,0.0,0.0,0.0,0.0
05861,VENECIA,ANTIOQUIA,6.0,761.477783203125,12494.0,5819.0,6675.0,44.563720703125,0.0077,0.0009670998886000743,0.0,0.0,0.0027,1.0416666666666668e-05,0.0,0.0,0.0,0.0
05873,VIGÍA DEL FUERTE,ANTIOQUIA,6.400000095367432,388.0022888183594,11686.0,4273.0,7413.0,3.5748331546783447,0.0037,0.0002723073478135697,0.0,0.0,0.4232,0.11542871033776869,492.1490643330098,0.29554759467758446,0.0,3454.0
05885,YALÍ,ANTIOQUIA,5.199999809265137,463.05078125,7724.0,3806.0,3918.0,36.99911117553711,0.0008,0.0005045887028784777,0.0,0.0,0.0,0.0,0.0,0.0,0.0,0.0
05887,YARUMAL,ANTIOQUIA,5.5,653.8197021484375,41853.0,30156.0,11697.0,34.20427703857422,0.0007,0.0005315515575050182,0.0,0.0,0.0,0.0,0.0,0.0,0.0,0.0
05890,YOLOMBÓ,ANTIOQUIA,5.400000095367432,534.1056518554688,25236.0,8119.0,17117.0,66.04312133789062,0.001,0.0005220096770563743,0.0,0.0,0.0,0.0,0.0,0.0,0.0,0.0
05893,YONDÓ,ANTIOQUIA,5.400000095367432,268.08831787109375,22429.0,11856.0,10573.0,24.10763359069824,0.0009,7.950461796809404e-05,0.0,0.0,0.0,0.0,0.0,0.0,0.0,0.0
05895,ZARAGOZA,ANTIOQUIA,5.0,373.8067626953125,26996.0,13801.0,13195.0,28.153059005737305,0.0009,0.0002999364329822012,0.0,0.0,0.0,0.0,0.0,0.0,0.0,0.0
11001,"BOGOTÁ, D.C.","BOGOTÁ, D.C.",5.699999809265137,588.860107421875,7945996.0,7914911.0,31085.0,10.207573890686035,0.0018,0.0004418264180672269,0.0,0.0,0.0,0.0,0.0,0.0,0.0,0.0
13160,CANTAGALLO,BOLÍVAR,4.800000190734863,435.8807678222656,8924.0,4947.0,3977.0,30.77884292602539,0.0007,0.00031887472950228423,0.0,0.0,0.0,0.0,0.0,0.0,0.0,0.0
13458,MONTECRISTO,BOLÍVAR,4.599999904632568,560.6111450195312,16337.0,3771.0,12566.0,22.3416690826416,0.0006,0.0002534699341021417,0.0,0.0,0.0,0.0,0.0,0.0,0.0,0.0
13670,SAN PABLO,BOLÍVAR,4.800000190734863,476.5501708984375,29312.0,23518.0,5794.0,33.94049072265625,0.0007,0.0002612742527530152,0.0,0.0,0.0,0.0,0.0,0.0,0.0,0.0
13688,SANTA ROSA DEL SUR,BOLÍVAR,4.599999904632568,593.3736572265625,33538.0,20402.0,13136.0,26.608427047729492,0.0006,0.00017913910521685295,0.0,0.0,0.0,0.0,0.0,0.0,0.0,0.0
13744,SIMITÍ,BOLÍVAR,4.5,419.7986145019531,18410.0,5995.0,12415.0,62.03870391845703,0.0006,3.5051606849636406e-05,0.0,0.0,0.0,0.0,0.0,0.0,0.0,0.0
15001,TUNJA,BOYACÁ,4.5,560.62841796875,191372.0,183278.0,8094.0,12.492815017700195,0.0006,0.00046806236080178184,0.0,0.0,0.0,0.0,0.0,0.0,0.0,0.0
15022,ALMEIDA,BOYACÁ,4.0,788.47900390625,1764.0,373.0,1391.0,51.30434799194336,0.0007,0.0005071098799630657,0.0,0.0,0.0,0.0,0.0,0.0,0.0,0.0
15051,ARCABUCO,BOYACÁ,4.599999904632568,655.3858642578125,6522.0,2839.0,3683.0,37.19780349731445,0.0007,0.0004532793209876543,0.0,0.0,0.0,0.0,0.0,0.0,0.0,0.0
15090,BERBEO,BOYACÁ,3.900000095367432,769.2600708007812,1636.0,488.0,1148.0,26.43478202819824,0.0005,0.0003272058823529412,0.0,0.0,0.0,0.0,0.0,0.0,0.0,0.0
15104,BOYACÁ,BOYACÁ,4.699999809265137,708.2999877929688,5313.0,971.0,4342.0,41.2188720703125,0.0006,0.000502439024390244,0.0,0.0,0.0,0.0,0.0,0.0,0.0,0.0
15106,BRICEÑO,BOYACÁ,4.300000190734863,832.0514526367188,2257.0,570.0,1687.0,29.078014373779297,0.0011,0.0005396721311475409,0.0,0.0,0.0,0.0,0.0,0.0,0.0,0.0
15109,BUENAVISTA,BOYACÁ,4.400000095367432,815.8136596679688,4519.0,941.0,3578.0,53.576072692871094,0.0009,0.0005489855072463768,0.0,0.0,0.0,0.0,0.0,0.0,0.0,0.0
15131,CALDAS,BOYACÁ,4.900000095367432,537.9234619140625,2797.0,309.0,2488.0,55.1020393371582,0.0007,0.0005620805369127516,0.0,0.0,0.0,0.0,0.0,0.0,0.0,0.0
15135,CAMPOHERMOSO,BOYACÁ,4.0,843.5358276367188,3187.0,906.0,2281.0,52.58449172973633,0.0012,0.00048035215204024603,0.0,0.0,0.0,0.0,0.0,0.0,0.0,0.0
15172,CHINAVITA,BOYACÁ,4.0,822.5279541015625,3049.0,1249.0,1800.0,34.100975036621094,0.0007,0.0005098630136986302,0.0,0.0,0.0,0.0,0.0,0.0,0.0,0.0
15176,CHIQUINQUIRÁ,BOYACÁ,5.199999809265137,580.1736450195312,58330.0,51635.0,6695.0,16.304880142211914,0.001,0.00044484203739522893,0.0,0.0,0.0,0.0,0.0,0.0,0.0,0.0
15185,CHITARAQUE,BOYACÁ,4.300000190734863,691.1980590820312,5969.0,1401.0,4568.0,54.03690719604492,0.0007,0.00036349047141424277,0.0,0.0,0.0,0.0,0.0,0.0,0.0,0.0
15187,CHIVATÁ,BOYACÁ,4.300000190734863,534.4140014648438,2858.0,579.0,2279.0,52.99042892456055,0.0006,0.0004705692803437166,0.0,0.0,0.0,0.0,0.0,0.0,0.0,0.0
15189,CIÉNEGA,BOYACÁ,4.099999904632568,691.4207763671875,4499.0,1341.0,3158.0,58.87417221069336,0.0007,0.0004967423494570584,0.0,0.0,0.0,0.0,0.0,0.0,0.0,0.0
15204,CÓMBITA,BOYACÁ,4.5,598.5842895507812,13539.0,1790.0,11749.0,56.47099304199219,0.0006,0.0004109117539362872,0.0,0.0,0.0,0.0,0.0,0.0,0.0,0.0
15212,COPER,BOYACÁ,4.699999809265137,802.1616821289062,3456.0,961.0,2495.0,57.57575607299805,0.0014,0.0005898190847818375,0.0,0.0,0.0,0.0,0.0,0.0,0.0,0.0
15224,CUCAITA,BOYACÁ,4.5,622.0750122070312,3813.0,1630.0,2183.0,32.22003936767578,0.0006,0.0004422446406052964,0.0,0.0,0.0,0.0,0.0,0.0,0.0,0.0
15232,CHÍQUIZA,BOYACÁ,4.300000190734863,733.7999877929688,4795.0,489.0,4306.0,71.84249877929688,0.0008,0.0005148858447488583,0.0,0.0,0.0,0.0,0.0,0.0,0.0,0.0
15236,CHIVOR,BOYACÁ,4.099999904632568,834.4613037109375,2773.0,820.0,1953.0,41.245792388916016,0.0012,0.0005458904109589042,0.0,0.0,0.0,0.0,0.0,0.0,0.0,0.0
15238,DUITAMA,BOYACÁ,4.0,688.494384765625,137431.0,122443.0,14988.0,14.14397144317627,0.0,0.0,0.0,0.0,0.0,0.0,0.0,0.0,0.0,0.0
15293,GACHANTIVÁ,BOYACÁ,4.599999904632568,594.7011108398438,2715.0,634.0,2081.0,62.0654411315918,0.0008,0.0005101991550995776,0.0,0.0,0.0,0.0,0.0,0.0,0.0,0.0
15299,GARAGOA,BOYACÁ,4.099999904632568,791.0990600585938,19609.0,13996.0,5613.0,22.86485481262207,0.0007,0.0005040704070407042,0.0,0.0,0.0,0.0,0.0,0.0,0.0,0.0
15322,GUATEQUE,BOYACÁ,4.099999904632568,780.7568359375,11471.0,8317.0,3154.0,25.2471981048584,0.0007,0.0005166666666666667,0.0,0.0,0.0,0.0,0.0,0.0,0.0,0.0
15325,GUAYATÁ,BOYACÁ,4.099999904632568,823.4796752929688,3480.0,1257.0,2223.0,46.43962860107422,0.0007,0.000522358591248666,0.0,0.0,0.0,0.0,0.0,0.0,0.0,0.0
15367,JENESANO,BOYACÁ,4.400000095367432,701.751708984375,7403.0,2004.0,5399.0,40.75960922241211,0.0006,0.0004979279279279279,0.0,0.0,0.0,0.0,0.0,0.0,0.0,0.0
15380,LA CAPILLA,BOYACÁ,4.099999904632568,845.9810180664062,2524.0,1043.0,1481.0,38.691795349121094,0.0007,0.0005144059869036483,0.0,0.0,0.0,0.0,0.0,0.0,0.0,0.0
15401,LA VICTORIA,BOYACÁ,4.699999809265137,753.6968994140625,1164.0,461.0,703.0,30.829015731811523,0.0009,0.000628219696969697,0.0,0.0,0.0,0.0,0.0,0.0,0.0,0.0
15407,VILLA DE LEYVA,BOYACÁ,4.900000095367432,612.4534912109375,20103.0,10330.0,9773.0,24.411399841308594,0.0007,0.0004652374947456915,0.0,0.0,0.0,0.0,0.0,0.0,0.0,0.0
15425,MACANAL,BOYACÁ,4.099999904632568,837.3428955078125,5367.0,1403.0,3964.0,34.7414436340332,0.0008,0.0005150506126798083,0.0,0.0,0.0,0.0,0.0,0.0,0.0,0.0
15442,MARIPÍ,BOYACÁ,4.599999904632568,789.2305908203125,5883.0,978.0,4905.0,45.26079559326172,0.001,0.0005824190350297423,0.0,0.0,0.0,0.0,0.0,0.0,0.0,0.0
15455,MIRAFLORES,BOYACÁ,4.0,799.1461181640625,9055.0,5662.0,3393.0,20.822784423828125,0.0009,0.0004866386358327494,0.0,0.0,0.0,0.0,0.0,0.0,0.0,0.0
15469,MONIQUIRÁ,BOYACÁ,4.5,613.623046875,23942.0,12936.0,11006.0,35.36235809326172,0.0008,0.0004973959600876127,0.0,0.0,0.0,0.0,0.0,0.0,0.0,0.0
15476,MOTAVITA,BOYACÁ,4.300000190734863,548.6484375,5175.0,908.0,4267.0,62.19255065917969,0.0006,0.0004674624226348365,0.0,0.0,0.0,0.0,0.0,0.0,0.0,0.0
15480,MUZO,BOYACÁ,4.800000190734863,786.2813110351562,8037.0,5399.0,2638.0,23.17290496826172,0.0011,0.0006195610319599537,0.0,0.0,0.0,0.0,0.0,0.0,0.0,0.0
15494,NUEVO COLÓN,BOYACÁ,4.199999809265137,715.739990234375,5244.0,1196.0,4048.0,52.18711853027344,0.0006,0.0005031925849639548,0.0,0.0,0.0,0.0,0.0,0.0,0.0,0.0
15500,OICATÁ,BOYACÁ,4.5,441.3885498046875,2941.0,509.0,2432.0,29.87152099609375,0.0005,0.00040194346289752645,0.0,0.0,0.0,0.0,0.0,0.0,0.0,0.0
15507,OTANCHE,BOYACÁ,5.099999904632568,702.42724609375,8205.0,3854.0,4351.0,10.760282516479492,0.0019,0.0006071132519323401,0.0,0.0,0.0,0.0,0.0,0.0,0.0,0.0
15511,PACHAVITA,BOYACÁ,4.0,823.2417602539062,2231.0,548.0,1683.0,40.21977996826172,0.0006,0.0005166136724960254,0.0,0.0,0.0,0.0,0.0,0.0,0.0,0.0
15516,PAIPA,BOYACÁ,4.0,737.5477905273438,39148.0,24554.0,14594.0,20.79237174987793,0.0,0.0,0.0,0.0,0.0,0.0,0.0,0.0,0.0,0.0
15531,PAUNA,BOYACÁ,4.800000190734863,788.6575317382812,7346.0,2379.0,4967.0,26.387176513671875,0.0028,0.0005847917543121581,0.0,0.0,0.0,0.0,0.0,0.0,0.0,0.0
15542,PESCA,BOYACÁ,4.099999904632568,748.6475830078125,7019.0,2515.0,4504.0,48.540992736816406,0.0005,0.00015458015267175572,0.0,0.0,0.0,0.0,0.0,0.0,0.0,0.0
15572,PUERTO BOYACÁ,BOYACÁ,6.0,357.69403076171875,47775.0,34705.0,13070.0,26.17431640625,0.0012,0.00018225936720862447,0.0,0.0,0.3916,0.027256948343627175,101.62558601162151,0.06695676586187535,0.0,3199.0
15580,QUÍPAMA,BOYACÁ,5.099999904632568,746.3597412109375,5012.0,1517.0,3495.0,24.466825485229492,0.0011,0.0006218372536554354,0.0,0.0,0.0,0.0,0.0,0.0,0.0,0.0
15599,RAMIRIQUÍ,BOYACÁ,4.099999904632568,715.3800659179688,10126.0,4458.0,5668.0,38.14583969116211,0.0006,0.0004940228910555321,0.0,0.0,0.0,0.0,0.0,0.0,0.0,0.0
15600,RÁQUIRA,BOYACÁ,4.900000095367432,633.9076538085938,8076.0,2755.0,5321.0,52.441951751708984,0.0006,0.0005074547647768396,0.0,0.0,0.0,0.0,0.0,0.0,0.0,0.0
15621,RONDÓN,BOYACÁ,4.099999904632568,824.4632568359375,2455.0,713.0,1742.0,58.597286224365234,0.0008,0.0002601753933453702,0.0,0.0,0.0,0.0,0.0,0.0,0.0,0.0
15632,SABOYÁ,BOYACÁ,5.199999809265137,610.07275390625,14624.0,1545.0,13079.0,50.69056701660156,0.0007,0.00048280949326491346,0.0,0.0,0.0,0.0,0.0,0.0,0.0,0.0
15638,SÁCHICA,BOYACÁ,4.599999904632568,621.331787109375,6444.0,3218.0,3226.0,37.491790771484375,0.0007,0.0004991714995857498,0.0,0.0,0.0,0.0,0.0,0.0,0.0,0.0
15646,SAMACÁ,BOYACÁ,4.800000190734863,616.9434814453125,19525.0,8354.0,11171.0,33.21378707885742,0.0008,0.0004490805326569436,0.0,0.0,0.0,0.0,0.0,0.0,0.0,0.0
15664,SAN JOSÉ DE PARE,BOYACÁ,4.400000095367432,646.2947387695312,4794.0,1116.0,3678.0,59.92823028564453,0.0006,0.0004957887223411851,0.0,0.0,0.0,0.0,0.0,0.0,0.0,0.0
15667,SAN LUIS DE GACENO,BOYACÁ,4.400000095367432,731.5287475585938,5217.0,2444.0,2773.0,43.35981750488281,0.0007,0.0004926899879372741,0.0,0.0,0.0,0.0,0.0,0.0,0.0,0.0
15676,SAN MIGUEL DE SEMA,BOYACÁ,5.400000095367432,419.6788940429687,3081.0,521.0,2560.0,63.407257080078125,0.0007,0.00028703808982376343,0.0,0.0,0.0,0.0,0.0,0.0,0.0,0.0
15681,SAN PABLO DE BORBUR,BOYACÁ,4.800000190734863,762.572021484375,6778.0,990.0,5788.0,24.156478881835938,0.0021,0.000606487513572204,0.0,0.0,0.0,0.0,0.0,0.0,0.0,0.0
15686,SANTANA,BOYACÁ,4.5,636.2657470703125,7765.0,2831.0,4934.0,49.20965194702149,0.0006,0.0004996865203761757,0.0,0.0,0.0,0.0,0.0,0.0,0.0,0.0
15690,SANTA MARÍA,BOYACÁ,4.099999904632568,789.966064453125,3631.0,2218.0,1413.0,39.38356018066406,0.0014,0.0005367561059511525,0.0,0.0,0.0,0.0,0.0,0.0,0.0,0.0
15696,SANTA SOFÍA,BOYACÁ,4.400000095367432,710.9973754882812,3363.0,1181.0,2182.0,43.73177719116211,0.0008,0.0005138356164383562,0.0,0.0,0.0,0.0,0.0,0.0,0.0,0.0
15740,SIACHOQUE,BOYACÁ,4.300000190734863,617.2846069335938,6889.0,1342.0,5547.0,48.42864608764648,0.0006,0.0004430487259722843,0.0,0.0,0.0,0.0,0.0,0.0,0.0,0.0
15761,SOMONDOCO,BOYACÁ,4.099999904632568,807.8883056640625,2984.0,764.0,2220.0,51.73745346069336,0.0006,0.0005143636363636365,0.0,0.0,0.0,0.0,0.0,0.0,0.0,0.0
15762,SORA,BOYACÁ,4.5,617.6265258789062,3177.0,606.0,2571.0,72.27616119384766,0.0006,0.0004949115044247789,0.0,0.0,0.0,0.0,0.0,0.0,0.0,0.0
15763,SOTAQUIRÁ,BOYACÁ,4.300000190734863,674.6879272460938,8051.0,1125.0,6926.0,50.54474639892578,0.0006,9.106676613204028e-05,0.0,0.0,0.0,0.0,0.0,0.0,0.0,0.0
15764,SORACÁ,BOYACÁ,4.400000095367432,561.6981811523438,6209.0,1787.0,4422.0,47.207523345947266,0.0006,0.00044947468958930287,0.0,0.0,0.0,0.0,0.0,0.0,0.0,0.0
15776,SUTAMARCHÁN,BOYACÁ,4.699999809265137,693.5096435546875,6345.0,2478.0,3867.0,58.97172164916992,0.0007,0.00048170606372045235,0.0,0.0,0.0,0.0,0.0,0.0,0.0,0.0
15778,SUTATENZA,BOYACÁ,4.099999904632568,811.2178955078125,4219.0,867.0,3352.0,69.49541473388672,0.0008,0.0005174025974025975,0.0,0.0,0.0,0.0,0.0,0.0,0.0,0.0
15798,TENZA,BOYACÁ,4.099999904632568,769.1553344726562,3573.0,1175.0,2398.0,58.67346954345703,0.0006,0.0005042824074074075,0.0,0.0,0.0,0.0,0.0,0.0,0.0,0.0
15804,TIBANÁ,BOYACÁ,4.400000095367432,735.2173461914062,9056.0,2017.0,7039.0,56.27444076538086,0.0007,0.000507746170678337,0.0,0.0,0.0,0.0,0.0,0.0,0.0,0.0
15808,TINJACÁ,BOYACÁ,4.599999904632568,665.8287353515625,3647.0,950.0,2697.0,57.19661331176758,0.0006,0.0005200666666666667,0.0,0.0,0.0,0.0,0.0,0.0,0.0,0.0
15814,TOCA,BOYACÁ,4.5,576.9555053710938,8969.0,4600.0,4369.0,43.10658264160156,0.0006,0.00028918918918918924,0.0,0.0,0.0,0.0,0.0,0.0,0.0,0.0
15816,TOGÜÍ,BOYACÁ,4.400000095367432,650.9686889648438,4442.0,759.0,3683.0,44.4525032043457,0.0008,0.0004744994731296103,0.0,0.0,0.0,0.0,0.0,0.0,0.0,0.0
15832,TUNUNGUÁ,BOYACÁ,4.400000095367432,748.8814086914062,1559.0,310.0,1249.0,21.48288917541504,0.0008,0.0005517304189435337,0.0,0.0,0.0,0.0,0.0,0.0,0.0,0.0
15835,TURMEQUÉ,BOYACÁ,4.5,745.572998046875,5587.0,2050.0,3537.0,54.83871078491211,0.0006,0.0005200000000000001,0.0,0.0,0.0,0.0,0.0,0.0,0.0,0.0
15837,TUTA,BOYACÁ,4.5,454.8986511230469,8196.0,2620.0,5576.0,38.15739059448242,0.0006,0.0003854343807763402,0.0,0.0,0.0,0.0,0.0,0.0,0.0,0.0
15842,ÚMBITA,BOYACÁ,4.5,762.6163330078125,7727.0,1319.0,6408.0,65.59538269042969,0.0007,0.0005127365356623,0.0,0.0,0.0,0.0,0.0,0.0,0.0,0.0
15861,VENTAQUEMADA,BOYACÁ,4.699999809265137,611.2898559570312,17300.0,3187.0,14113.0,37.98361587524414,0.0006,0.0004975099601593626,0.0,0.0,0.0,0.0,0.0,0.0,0.0,0.0
15879,VIRACACHÁ,BOYACÁ,4.099999904632568,705.9609375,2907.0,523.0,2384.0,44.102020263671875,0.0006,0.0004941475826972012,0.0,0.0,0.0,0.0,0.0,0.0,0.0,0.0
15897,ZETAQUIRA,BOYACÁ,4.0,822.1343994140625,4754.0,1367.0,3387.0,44.943111419677734,0.0006,0.000372424061941632,0.0,0.0,0.0,0.0,0.0,0.0,0.0,0.0
17001,MANIZALES,CALDAS,8.0,666.5375366210938,475690.0,449879.0,25811.0,12.506049156188965,0.0903,0.0027613304358324276,0.0,0.0,0.0739,0.000727092404450895,0.0,0.0,0.0,0.0
17013,AGUADAS,CALDAS,6.300000190734863,737.9527587890625,22301.0,12048.0,10253.0,39.09980010986328,0.0123,0.0010339225777578876,0.0,0.0,0.0047,9.188704616763783e-06,0.0,0.0,0.0,0.0
17042,ANSERMA,CALDAS,7.300000190734863,674.8342895507812,37352.0,22190.0,15162.0,34.072635650634766,0.0423,0.0018404840764331212,0.0,0.0,0.1199,0.0014282807731434385,0.0,0.0,0.0,0.0
17050,ARANZAZU,CALDAS,6.800000190734863,727.3857421875,10781.0,7349.0,3432.0,30.19596290588379,0.0615,0.002625106837606838,0.0,0.0,0.0003,8.498583569405098e-07,0.0,0.0,0.0,0.0
17088,BELALCÁZAR,CALDAS,7.300000190734863,722.5628662109375,10327.0,4897.0,5430.0,37.77629089355469,0.0128,0.0018452448210922786,0.0,0.0,0.1378,0.0016304924242424245,0.0,0.0,0.0,0.0
17174,CHINCHINÁ,CALDAS,7.599999904632568,525.7962036132812,50452.0,44899.0,5553.0,15.891033172607422,0.021,0.0017880662445202145,0.0,0.0,0.076,0.0020429400386847195,0.0,0.0,0.0,0.0
17272,FILADELFIA,CALDAS,7.099999904632568,673.0380249023438,10931.0,4180.0,6751.0,46.46345138549805,0.0539,0.0024217523493642898,0.0,0.0,0.0552,0.00028121546961325965,0.0,0.0,0.0,0.0
17380,LA DORADA,CALDAS,6.099999904632568,313.14581298828125,71480.0,63028.0,8452.0,21.824329376220703,0.0022,0.000271633265562978,0.0,0.0,0.4055,0.06815223300970874,67.11123604541042,0.12233009708737864,0.0,8744.0
17388,LA MERCED,CALDAS,6.5,775.2652587890625,5679.0,2318.0,3361.0,41.58780288696289,0.0178,0.002068203592814371,0.0,0.0,0.0,0.0,0.0,0.0,0.0,0.0
17433,MANZANARES,CALDAS,6.099999904632568,776.5574340820312,18310.0,11208.0,7102.0,35.935882568359375,0.005,0.0009194302606826122,0.0,0.0,0.0,0.0,0.0,0.0,0.0,0.0
17442,MARMATO,CALDAS,6.199999809265137,837.743896484375,9363.0,1446.0,7917.0,77.78194427490234,0.0173,0.002417391304347826,0.0,0.0,0.0,0.0,0.0,0.0,0.0,0.0
17444,MARQUETALIA,CALDAS,6.0,726.7921752929688,13558.0,7081.0,6477.0,38.81215286254883,0.0065,0.0008380389840519787,0.0,0.0,0.0006,2.122641509433962e-06,0.0,0.0,0.0,0.0
17446,MARULANDA,CALDAS,6.900000095367432,760.699462890625,2676.0,934.0,1742.0,32.43967819213867,0.1073,0.0032412673660334565,0.053262885750325735,0.0001417635384179189,0.0005,5.164585698070375e-06,0.0,0.0,0.0,0.0
17486,NEIRA,CALDAS,7.199999809265137,676.39599609375,21492.0,12752.0,8740.0,29.05184555053711,0.0445,0.0027283285302593654,0.0,0.0,0.052,0.0005043804034582133,0.0,0.0,0.0,0.0
17495,NORCASIA,CALDAS,5.900000095367432,515.7342529296875,6140.0,4282.0,1858.0,24.51776695251465,0.0034,0.0006066402609506057,0.0,0.0,0.2366,0.006600185873605947,0.8522061720052118,0.0037174721189591076,0.0,23.0
17513,PÁCORA,CALDAS,6.199999809265137,814.1437377929688,15657.0,8180.0,7477.0,41.8256721496582,0.0204,0.0017971245345469592,0.0,0.0,0.0,0.0,0.0,0.0,0.0,0.0
17524,PALESTINA,CALDAS,7.400000095367432,561.7098388671875,15966.0,5828.0,10138.0,49.468318939208984,0.0342,0.0017614726840855105,0.0,0.0,0.0876,0.0014595057034220533,0.0,0.0,0.0,0.0
17541,PENSILVANIA,CALDAS,6.199999809265137,812.539306640625,20404.0,8917.0,11487.0,26.451078414916992,0.0053,0.000900724174653887,0.0,0.0,0.0077,5.119453924914675e-06,0.0,0.0,0.0,0.0
17614,RIOSUCIO,CALDAS,6.699999809265137,706.964111328125,52118.0,20610.0,31508.0,41.91313934326172,0.0314,0.0018558472222222223,0.0,0.0,0.0019,1.9532554257095158e-05,0.0,0.0,0.0,0.0
17616,RISARALDA,CALDAS,7.199999809265137,674.2715454101562,11079.0,4944.0,6135.0,46.286231994628906,0.0149,0.001805906674542233,0.0,0.0,0.0318,0.0008401408450704226,0.0,0.0,0.0,0.0
17653,SALAMINA,CALDAS,6.599999904632568,744.4130249023438,19254.0,11918.0,7336.0,34.852638244628906,0.0231,0.0016632328767123288,0.0,0.0,0.0006,2.353585112205802e-06,0.0,0.0,0.0,0.0
17662,SAMANÁ,CALDAS,6.0,708.1838989257812,21004.0,7287.0,13717.0,47.34758377075195,0.0043,0.0008065721106586154,0.0,0.0,0.0039,1.2685938815604827e-05,0.0,0.0,0.0,0.0
17665,SAN JOSÉ,CALDAS,7.300000190734863,678.9550170898438,4960.0,1533.0,3427.0,51.387054443359375,0.006,0.0014730297723292468,0.0,0.0,0.0753,0.004517957746478873,0.0,0.0,0.0,0.0
17777,SUPÍA,CALDAS,6.5,779.7666625976562,31774.0,16130.0,15644.0,41.7744255065918,0.0265,0.0019488596491228072,0.0,0.0,0.0669,0.0008273204903677759,0.0,0.0,0.0,0.0
17867,VICTORIA,CALDAS,6.099999904632568,464.9387817382813,11015.0,5095.0,5920.0,33.71510314941406,0.005,0.0005774783353966288,0.0,0.0,0.3553,0.015518969465648853,9.587319435058632,0.01717557251908397,0.0,189.0
17873,VILLAMARÍA,CALDAS,7.699999809265137,763.1185302734375,74463.0,66008.0,8455.0,18.449657440185547,0.109,0.0028190961245755765,0.053262885750325735,0.00011708230886313078,0.0126,2.9864041256446316e-05,0.0,0.0,1.0,0.0
17877,VITERBO,CALDAS,7.5,484.62017822265625,12613.0,10818.0,1795.0,19.051130294799805,0.0059,0.0010818138875767597,0.0,0.0,0.3085,0.05595814393939393,11.291731779069055,0.10037878787878787,0.0,1266.0
18001,FLORENCIA,CAQUETÁ,4.300000190734863,772.5642700195312,188620.0,165420.0,23200.0,20.694887161254883,0.0006,0.00048787919105907414,0.0,0.0,0.0,0.0,0.0,0.0,0.0,0.0
18247,EL DONCELLO,CAQUETÁ,4.400000095367432,777.0637817382812,19861.0,13738.0,6123.0,26.983348846435547,0.0006,0.00046056916324508013,0.0,0.0,0.0,0.0,0.0,0.0,0.0,0.0
18256,EL PAUJÍL,CAQUETÁ,4.099999904632568,786.97216796875,18972.0,9267.0,9705.0,18.449426651000977,0.0006,0.00048460837887067407,0.0,0.0,0.0,0.0,0.0,0.0,0.0,0.0
18592,PUERTO RICO,CAQUETÁ,4.800000190734863,647.573974609375,27477.0,15164.0,12313.0,22.764652252197266,0.0009,0.0003781948109419305,0.0,0.0,0.0,0.0,0.0,0.0,0.0,0.0
18753,SAN VICENTE DEL CAGUÁN,CAQUETÁ,5.099999904632568,548.4133911132812,52805.0,24703.0,28102.0,19.684202194213867,0.0016,0.00029981966683447674,0.0,0.0,0.0,0.0,0.0,0.0,0.0,0.0
19001,POPAYÁN,CAUCA,5.300000190734863,489.4201354980469,355347.0,291391.0,63956.0,17.981311798095703,0.0012,0.00047708843840498996,0.0,0.0,0.0,0.0,0.0,0.0,0.0,0.0
19022,ALMAGUER,CAUCA,4.300000190734863,818.4827270507812,18376.0,1000.0,17376.0,84.45282745361328,0.0008,0.0005033710407239819,0.0,0.0,0.0,0.0,0.0,0.0,0.0,0.0
19050,ARGELIA,CAUCA,4.5,837.5751342773438,27853.0,2511.0,25342.0,47.8792610168457,0.0016,0.0005391631568045295,0.0,0.0,0.0,0.0,0.0,0.0,0.0,0.0
19075,BALBOA,CAUCA,4.900000095367432,795.5713500976562,22556.0,5506.0,17050.0,76.44808959960938,0.0015,0.0004968754051601194,0.0,0.0,0.0,0.0,0.0,0.0,0.0,0.0
19100,BOLÍVAR,CAUCA,4.599999904632568,700.5968627929688,37932.0,4331.0,33601.0,84.55526733398438,0.0007,0.00046569414703783027,0.0,0.0,0.0,0.0,0.0,0.0,0.0,0.0
19110,BUENOS AIRES,CAUCA,6.099999904632568,612.1421508789062,33342.0,828.0,32514.0,66.30855560302734,0.0016,0.0005842046992249969,0.0,0.0,0.3614,0.007428102010789603,5.965443204036482,0.01373222167729279,0.0,458.0
19130,CAJIBÍO,CAUCA,5.5,534.7293090820312,46986.0,1830.0,45156.0,67.57845306396484,0.0014,0.0005256273616897587,0.0,0.0,0.0,0.0,0.0,0.0,0.0,0.0
19137,CALDONO,CAUCA,5.400000095367432,612.1747436523438,45131.0,1751.0,43380.0,51.009708404541016,0.0014,0.0006034207353827607,0.0,0.0,0.0,0.0,0.0,0.0,0.0,0.0
19142,CALOTO,CAUCA,6.199999809265137,614.872802734375,31197.0,5118.0,26079.0,46.780616760253906,0.0016,0.00047120967741935487,0.0,0.0,0.2647,0.013757835218093702,2.5566185160156354,0.009693053311793215,0.0,302.0
19212,CORINTO,CAUCA,6.099999904632568,706.675048828125,27500.0,13340.0,14160.0,42.11590194702149,0.0018,0.0005695409836065574,0.0,0.0,0.18,0.007546758349705303,0.0,0.0,0.0,0.0
19256,EL TAMBO,CAUCA,5.300000190734863,730.8097534179688,58555.0,2546.0,56009.0,42.873023986816406,0.0022,0.0005526996405688388,0.0,0.0,0.0,0.0,0.0,0.0,0.0,0.0
19300,GUACHENÉ,CAUCA,6.199999809265137,260.02081298828125,20437.0,6520.0,13917.0,63.113006591796875,0.0008,2.3898035050451406e-05,0.0,0.0,0.2847,0.1146,16.618020354101628,0.16631130063965885,0.0,3399.0
19318,GUAPI,CAUCA,5.199999809265137,445.573974609375,29766.0,14854.0,14912.0,26.183929443359375,0.0016,0.00039287651796519635,0.0,0.0,0.0,0.0,0.0,0.0,0.0,0.0
19355,INZÁ,CAUCA,5.099999904632568,706.2660522460938,29058.0,894.0,28164.0,63.68758392333984,0.0024,0.000608820987654321,0.0,0.0,0.0,0.0,0.0,0.0,0.0,0.0
19364,JAMBALÓ,CAUCA,5.099999904632568,786.0665283203125,19492.0,1803.0,17689.0,44.5776252746582,0.0031,0.0006286883382586951,0.0,0.0,0.0,0.0,0.0,0.0,0.0,0.0
19392,LA SIERRA,CAUCA,4.5,651.4285278320312,11466.0,1773.0,9693.0,70.265869140625,0.001,0.0005143666323377961,0.0,0.0,0.0,0.0,0.0,0.0,0.0,0.0
19397,LA VEGA,CAUCA,4.5,753.294921875,24376.0,689.0,23687.0,75.14019012451172,0.0009,0.0005303482587064676,0.0,0.0,0.0,0.0,0.0,0.0,0.0,0.0
19418,LÓPEZ DE MICAY,CAUCA,5.699999809265137,545.4224853515625,19757.0,1718.0,18039.0,14.46753215789795,0.0063,0.0004864574062301334,0.0,0.0,0.3736,0.00025598372122599515,1.4913608010091206,0.0004451227266946458,0.0,9.0
19450,MERCADERES,CAUCA,4.800000190734863,566.8267822265625,26766.0,6570.0,20196.0,72.65705108642578,0.0006,0.0004282367447595562,0.0,0.0,0.0,0.0,0.0,0.0,0.0,0.0
19455,MIRANDA,CAUCA,6.199999809265137,587.9846801757812,32700.0,18447.0,14253.0,33.37406921386719,0.0044,0.0004269425675675676,0.0,0.0,0.2192,0.03419025755879059,2.3435669730143323,0.012318029115341545,0.0,403.0
19473,MORALES,CAUCA,5.5,669.7968139648438,46001.0,2249.0,43752.0,44.373416900634766,0.0016,0.0005963628762541806,0.0,0.0,0.0,0.0,0.0,0.0,0.0,0.0
19513,PADILLA,CAUCA,6.199999809265137,247.7971038818359,10622.0,4655.0,5967.0,43.77750015258789,0.0,0.0,0.0,0.0,0.2826,0.1411164133738602,14.061401838085994,0.2006079027355623,0.0,2131.0
19517,PÁEZ,CAUCA,5.300000190734863,780.2778930664062,54283.0,2463.0,51820.0,64.5396499633789,0.0254,0.0006375096766509855,0.0,0.0,0.0,0.0,0.0,0.0,0.0,0.0
19532,PATÍA,CAUCA,5.0,563.424072265625,39457.0,14070.0,25387.0,59.478153228759766,0.0012,0.0004301793181657098,0.0,0.0,0.0,0.0,0.0,0.0,0.0,0.0
19548,PIENDAMÓ - TUNÍA,CAUCA,5.5,491.87652587890625,42986.0,14339.0,28647.0,37.22857666015625,0.0013,0.0005644352698319079,0.0,0.0,0.0,0.0,0.0,0.0,0.0,0.0
19573,PUERTO TEJADA,CAUCA,6.5,225.65687561035156,43709.0,37405.0,6304.0,25.69535446166992,0.0,0.0,0.0,0.0,0.3429,0.1580854616895874,42.18420551425798,0.3889980353634578,0.0,17003.0
19585,PURACÉ,CAUCA,5.0,654.39794921875,18221.0,1535.0,16686.0,33.91527557373047,0.0015,0.0005468683049779457,0.0,0.0,0.0,0.0,0.0,0.0,0.0,0.0
19622,ROSAS,CAUCA,4.699999809265137,702.8248291015625,12211.0,1014.0,11197.0,55.20803451538086,0.0009,0.0005301482182276886,0.0,0.0,0.0,0.0,0.0,0.0,0.0,0.0
19693,SAN SEBASTIÁN,CAUCA,4.599999904632568,670.2128295898438,10784.0,498.0,10286.0,78.23741149902344,0.0012,0.00048585372559802043,0.0,0.0,0.0,0.0,0.0,0.0,0.0,0.0
19698,SANTANDER DE QUILICHAO,CAUCA,6.199999809265137,507.1765747070313,130768.0,60193.0,70575.0,34.027896881103516,0.0012,0.00039653250773993804,0.0,0.0,0.3864,0.031782156133828995,24.074824359147232,0.04667492771581991,0.0,6104.0
19701,SANTA ROSA,CAUCA,4.5,757.9047241210938,5310.0,593.0,4717.0,28.87029266357422,0.0011,0.0005504764231614953,0.0,0.0,0.0,0.0,0.0,0.0,0.0,0.0
19743,SILVIA,CAUCA,5.199999809265137,637.8643798828125,40504.0,4076.0,36428.0,48.73855209350586,0.0023,0.0006088339222614841,0.0,0.0,0.0,0.0,0.0,0.0,0.0,0.0
19760,SOTARÁ PAISPAMBA,CAUCA,4.900000095367432,685.8563842773438,14806.0,405.0,14401.0,49.10166549682617,0.001,0.0005548169656745826,0.0,0.0,0.0,0.0,0.0,0.0,0.0,0.0
19780,SUÁREZ,CAUCA,5.400000095367432,724.7693481445312,38524.0,6828.0,31696.0,53.040802001953125,0.0018,0.0006074649230350088,0.0,0.0,0.0,0.0,0.0,0.0,0.0,0.0
19785,SUCRE,CAUCA,4.300000190734863,781.6237182617188,9826.0,1575.0,8251.0,82.26744079589844,0.0008,0.0004975235849056605,0.0,0.0,0.0,0.0,0.0,0.0,0.0,0.0
19807,TIMBÍO,CAUCA,5.300000190734863,460.3218994140625,39534.0,15712.0,23822.0,26.524444580078125,0.0009,0.0004977405635300372,0.0,0.0,0.0,0.0,0.0,0.0,0.0,0.0
19809,TIMBIQUÍ,CAUCA,5.400000095367432,455.1220703125,29935.0,6800.0,23135.0,15.870378494262695,0.0016,0.0004152210131722809,0.0,0.0,0.0,0.0,0.0,0.0,0.0,0.0
19821,TORIBÍO,CAUCA,5.300000190734863,797.8221435546875,40488.0,2185.0,38303.0,51.24140167236328,0.0018,0.000631952147906471,0.0,0.0,0.0,0.0,0.0,0.0,0.0,0.0
19824,TOTORÓ,CAUCA,5.199999809265137,585.2897338867188,27710.0,1089.0,26621.0,53.80731964111328,0.0012,0.0005920819563780568,0.0,0.0,0.0,0.0,0.0,0.0,0.0,0.0
19845,VILLA RICA,CAUCA,6.300000190734863,224.8333282470703,23909.0,16186.0,7723.0,57.548789978027344,0.0,0.0,0.0,0.0,0.3446,0.21388394736842106,48.788803347298376,0.6026315789473684,0.0,14408.0
20710,SAN ALBERTO,CESAR,4.5,328.1537780761719,32327.0,25677.0,6650.0,33.86101531982422,0.0,0.0,0.0,0.0,0.0,0.0,0.0,0.0,0.0,0.0
20770,SAN MARTÍN,CESAR,4.5,223.18682861328125,34997.0,18821.0,16176.0,38.95330429077149,0.0,0.0,0.0,0.0,0.0,0.0,0.0,0.0,0.0,0.0
23466,MONTELÍBANO,CÓRDOBA,4.900000095367432,502.8698425292969,88739.0,65945.0,22794.0,35.901695251464844,0.0008,0.00035471583514099783,0.0,0.0,0.0,0.0,0.0,0.0,0.0,0.0
23580,PUERTO LIBERTADOR,CÓRDOBA,5.099999904632568,562.7845458984375,46580.0,14280.0,32300.0,34.215450286865234,0.0009,0.0003723173994648777,0.0,0.0,0.0,0.0,0.0,0.0,0.0,0.0
23682,SAN JOSÉ DE URÉ,CÓRDOBA,4.900000095367432,446.8203125,15711.0,5907.0,9804.0,33.497840881347656,0.0006,0.0003072657545605307,0.0,0.0,0.0,0.0,0.0,0.0,0.0,0.0
23807,TIERRALTA,CÓRDOBA,5.199999809265137,544.4349975585938,102387.0,46621.0,55766.0,40.57875061035156,0.0009,0.0004942684637225053,0.0,0.0,0.0,0.0,0.0,0.0,0.0,0.0
25001,AGUA DE DIOS,CUNDINAMARCA,6.0,455.64886474609375,11818.0,9529.0,2289.0,19.80198097229004,0.001,0.0003798886138613861,0.0,0.0,0.0421,0.0022378712871287125,0.0,0.0,0.0,0.0
25019,ALBÁN,CUNDINAMARCA,4.900000095367432,823.3480224609375,7048.0,2378.0,4670.0,42.208702087402344,0.0018,0.0006442708333333332,0.0,0.0,0.0,0.0,0.0,0.0,0.0,0.0
25035,ANAPOIMA,CUNDINAMARCA,5.5,608.56884765625,17306.0,8148.0,9158.0,39.41971969604492,0.0017,0.0006231896551724137,0.0,0.0,0.002,5.129982668977469e-05,0.0,0.0,0.0,0.0
25040,ANOLAIMA,CUNDINAMARCA,5.099999904632568,754.9732055664062,14735.0,5510.0,9225.0,39.7703971862793,0.0013,0.0006425231583590648,0.0,0.0,0.0,0.0,0.0,0.0,0.0,0.0
25053,ARBELÁEZ,CUNDINAMARCA,5.099999904632568,730.6792602539062,10653.0,5135.0,5518.0,25.755813598632812,0.0015,0.0006001124859392576,0.0,0.0,0.0,0.0,0.0,0.0,0.0,0.0
25086,BELTRÁN,CUNDINAMARCA,6.199999809265137,586.4170532226562,1769.0,478.0,1291.0,79.66361236572266,0.0014,0.00045598071708345884,0.0,0.0,0.2329,0.011416906474820143,0.21305154300130294,0.001199040767386091,0.0,2.0
25095,BITUIMA,CUNDINAMARCA,5.300000190734863,730.8355712890625,2461.0,621.0,1840.0,42.35033416748047,0.0025,0.000743614248479583,0.0,0.0,0.0,0.0,0.0,0.0,0.0,0.0
25099,BOJACÁ,CUNDINAMARCA,5.599999904632568,585.0951538085938,11019.0,9176.0,1843.0,19.259992599487305,0.0013,0.000491441908713693,0.0,0.0,0.0,0.0,0.0,0.0,0.0,0.0
25120,CABRERA,CUNDINAMARCA,5.199999809265137,730.3648071289062,4931.0,1464.0,3467.0,41.05409240722656,0.0022,0.000572984584281021,0.0,0.0,0.0,0.0,0.0,0.0,0.0,0.0
25123,CACHIPAY,CUNDINAMARCA,5.300000190734863,696.5352172851562,10366.0,4356.0,6010.0,27.57847595214844,0.0013,0.0006356573705179282,0.0,0.0,0.0,0.0,0.0,0.0,0.0,0.0
25126,CAJICÁ,CUNDINAMARCA,4.800000190734863,437.601806640625,126436.0,79761.0,46675.0,26.452882766723633,0.0008,0.0001969601677148847,0.0,0.0,0.0,0.0,0.0,0.0,0.0,0.0
25148,CAPARRAPÍ,CUNDINAMARCA,5.400000095367432,763.1543579101562,11089.0,3561.0,7528.0,45.73849868774414,0.0024,0.000681580310880829,0.0,0.0,0.0017,5.872193436960276e-07,0.0,0.0,0.0,0.0
25151,CÁQUEZA,CUNDINAMARCA,4.400000095367432,818.0955810546875,18247.0,9468.0,8779.0,46.30067443847656,0.0011,0.0005888198757763974,0.0,0.0,0.0,0.0,0.0,0.0,0.0,0.0
25154,CARMEN DE CARUPA,CUNDINAMARCA,4.900000095367432,671.1326293945312,7778.0,2866.0,4912.0,38.30927658081055,0.0011,0.0005582396000714157,0.0,0.0,0.0,0.0,0.0,0.0,0.0,0.0
25168,CHAGUANÍ,CUNDINAMARCA,6.0,755.3889770507812,4402.0,1304.0,3098.0,61.36882019042969,0.0013,0.0006033457249070631,0.0,0.0,0.0587,0.0006284119106699751,0.0,0.0,0.0,0.0
25175,CHÍA,CUNDINAMARCA,5.199999809265137,501.9812622070313,177550.0,139448.0,38102.0,19.873939514160156,0.0008,0.000262623599208965,0.0,0.0,0.0,0.0,0.0,0.0,0.0,0.0
25178,CHIPAQUE,CUNDINAMARCA,4.900000095367432,771.4401245117188,10254.0,3699.0,6555.0,54.13854217529297,0.0008,0.0005664770707429789,0.0,0.0,0.0,0.0,0.0,0.0,0.0,0.0
25181,CHOACHÍ,CUNDINAMARCA,5.099999904632568,804.2383422851562,11302.0,5164.0,6138.0,28.84777069091797,0.0014,0.0005560290799699173,0.0,0.0,0.0,0.0,0.0,0.0,0.0,0.0
25183,CHOCONTÁ,CUNDINAMARCA,4.800000190734863,598.4549560546875,22093.0,13229.0,8864.0,32.867366790771484,0.0007,0.0004968222971773478,0.0,0.0,0.0,0.0,0.0,0.0,0.0,0.0
25200,COGUA,CUNDINAMARCA,5.099999904632568,631.3917846679688,25806.0,11039.0,14767.0,34.57802200317383,0.0008,0.0004790716286514606,0.0,0.0,0.0,0.0,0.0,0.0,0.0,0.0
25214,COTA,CUNDINAMARCA,5.5,429.4268798828125,48798.0,29333.0,19465.0,17.82630729675293,0.0009,0.00020954274353876737,0.0,0.0,0.0,0.0,0.0,0.0,0.0,0.0
25224,CUCUNUBÁ,CUNDINAMARCA,5.099999904632568,590.904541015625,8367.0,1868.0,6499.0,38.646183013916016,0.0007,0.0004818753020782987,0.0,0.0,0.0,0.0,0.0,0.0,0.0,0.0
25245,EL COLEGIO,CUNDINAMARCA,5.099999904632568,793.479248046875,27387.0,13688.0,13699.0,21.31816291809082,0.0021,0.0006189810640216411,0.0,0.0,0.0,0.0,0.0,0.0,0.0,0.0
25258,EL PEÑÓN,CUNDINAMARCA,5.400000095367432,679.7149658203125,4719.0,970.0,3749.0,67.74647521972656,0.0025,0.0006797935688765383,0.0,0.0,0.0,0.0,0.0,0.0,0.0,0.0
25260,EL ROSAL,CUNDINAMARCA,5.400000095367432,480.82470703125,27654.0,25305.0,2349.0,20.254880905151367,0.0008,0.00031043319097010365,0.0,0.0,0.0,0.0,0.0,0.0,0.0,0.0
25269,FACATATIVÁ,CUNDINAMARCA,5.599999904632568,517.6222534179688,168471.0,157606.0,10865.0,14.356435775756836,0.0011,0.00041433366901644843,0.0,0.0,0.0,0.0,0.0,0.0,0.0,0.0
25279,FÓMEQUE,CUNDINAMARCA,4.599999904632568,747.998046875,12363.0,6380.0,5983.0,30.149015426635746,0.005,0.0005529459428174557,0.0,0.0,0.0,0.0,0.0,0.0,0.0,0.0
25281,FOSCA,CUNDINAMARCA,4.599999904632568,842.4823608398438,5534.0,1744.0,3790.0,71.45196533203125,0.0011,0.0005991866028708133,0.0,0.0,0.0,0.0,0.0,0.0,0.0,0.0
25286,FUNZA,CUNDINAMARCA,5.599999904632568,223.04852294921875,125880.0,121598.0,4282.0,10.637444496154783,0.0006,4.73186119873817e-07,0.0,0.0,0.0,0.0,0.0,0.0,0.0,0.0
25288,FÚQUENE,CUNDINAMARCA,5.199999809265137,554.1369018554688,4926.0,516.0,4410.0,44.75287628173828,0.0007,0.000301304945054945,0.0,0.0,0.0,0.0,0.0,0.0,0.0,0.0
25290,FUSAGASUGÁ,CUNDINAMARCA,5.199999809265137,693.1350708007812,162844.0,141800.0,21044.0,15.538233757019045,0.0015,0.0005945269526952694,0.0,0.0,0.0,0.0,0.0,0.0,0.0,0.0
25293,GACHALÁ,CUNDINAMARCA,4.400000095367432,789.1761474609375,4538.0,1880.0,2658.0,53.75,0.0013,0.0005504361068807975,0.0,0.0,0.0,0.0,0.0,0.0,0.0,0.0
25295,GACHANCIPÁ,CUNDINAMARCA,5.300000190734863,555.29541015625,21830.0,15981.0,5849.0,20.736900329589844,0.0007,0.00028694581280788175,0.0,0.0,0.0,0.0,0.0,0.0,0.0,0.0
25297,GACHETÁ,CUNDINAMARCA,4.599999904632568,782.5326538085938,8615.0,4152.0,4463.0,52.3232307434082,0.0009,0.000531732948691531,0.0,0.0,0.0,0.0,0.0,0.0,0.0,0.0
25299,GAMA,CUNDINAMARCA,4.199999809265137,833.6522827148438,3206.0,1019.0,2187.0,68.4257583618164,0.0008,0.0005428853754940713,0.0,0.0,0.0,0.0,0.0,0.0,0.0,0.0
25307,GIRARDOT,CUNDINAMARCA,6.099999904632568,504.8666687011719,104326.0,100704.0,3622.0,16.480606079101562,0.0022,0.0004765887658876588,0.0,0.0,0.1729,0.015000995024875622,0.0,0.0,0.0,0.0
25312,GRANADA,CUNDINAMARCA,5.0,683.7423706054688,7689.0,2595.0,5094.0,43.141693115234375,0.0017,0.0005983304042179262,0.0,0.0,0.0,0.0,0.0,0.0,0.0,0.0
25317,GUACHETÁ,CUNDINAMARCA,5.300000190734863,547.3017578125,15106.0,7757.0,7349.0,33.75148010253906,0.0007,0.0004179799874921826,0.0,0.0,0.0,0.0,0.0,0.0,0.0,0.0
25320,GUADUAS,CUNDINAMARCA,6.099999904632568,647.0240478515625,30669.0,16016.0,14653.0,48.67084503173828,0.0033,0.0005843354210160054,0.0,0.0,0.2772,0.0031917689732142854,2.1305154300130296,0.0027901785714285715,0.0,86.0
25322,GUASCA,CUNDINAMARCA,5.199999809265137,650.5906982421875,18176.0,8752.0,9424.0,24.399261474609375,0.0008,0.0004904902539870054,0.0,0.0,0.0,0.0,0.0,0.0,0.0,0.0
25324,GUATAQUÍ,CUNDINAMARCA,5.900000095367432,617.39208984375,3195.0,1612.0,1583.0,59.13043594360352,0.0015,0.0006654161781946071,0.0,0.0,0.0616,0.0006769767441860465,0.0,0.0,0.0,0.0
25326,GUATAVITA,CUNDINAMARCA,5.0,648.0660400390625,6357.0,2726.0,3631.0,37.92415237426758,0.0007,0.00047869785082174453,0.0,0.0,0.0,0.0,0.0,0.0,0.0,0.0
25328,GUAYABAL DE SÍQUIMA,CUNDINAMARCA,5.300000190734863,713.1200561523438,5227.0,1600.0,3627.0,33.16474151611328,0.0015,0.0006686257562662056,0.0,0.0,0.0,0.0,0.0,0.0,0.0,0.0
25335,GUAYABETAL,CUNDINAMARCA,4.5,867.076416015625,7142.0,2799.0,4343.0,59.56696701049805,0.0009,0.0005756161761186887,0.0,0.0,0.0,0.0,0.0,0.0,0.0,0.0
25339,GUTIÉRREZ,CUNDINAMARCA,4.800000190734863,825.74462890625,3517.0,1288.0,2229.0,57.238494873046875,0.0034,0.0006301986599271188,0.0,0.0,0.0,0.0,0.0,0.0,0.0,0.0
25368,JERUSALÉN,CUNDINAMARCA,5.699999809265137,695.7513427734375,2115.0,886.0,1229.0,67.9918441772461,0.0015,0.0006119510439164867,0.0,0.0,0.0101,0.00016986564299424184,0.0,0.0,0.0,0.0
25372,JUNÍN,CUNDINAMARCA,4.599999904632568,792.4000854492188,4854.0,1086.0,3768.0,60.51091003417969,0.0012,0.0005393831370117794,0.0,0.0,0.0,0.0,0.0,0.0,0.0,0.0
25377,LA CALERA,CUNDINAMARCA,5.300000190734863,700.7086791992188,44374.0,18940.0,25434.0,26.8399658203125,0.0008,0.0005360345670960378,0.0,0.0,0.0,0.0,0.0,0.0,0.0,0.0
25386,LA MESA,CUNDINAMARCA,5.400000095367432,688.8421020507812,38076.0,22548.0,15528.0,26.20775032043457,0.0012,0.0006200929567393636,0.0,0.0,0.0017,2.4320457796852644e-06,0.0,0.0,0.0,0.0
25394,LA PALMA,CUNDINAMARCA,5.300000190734863,679.70361328125,9725.0,4899.0,4826.0,43.01911163330078,0.002,0.0007116220735785952,0.0,0.0,0.0,0.0,0.0,0.0,0.0,0.0
25398,LA PEÑA,CUNDINAMARCA,5.300000190734863,727.8220825195312,6060.0,1511.0,4549.0,65.0596694946289,0.0017,0.0006784736623807548,0.0,0.0,0.0,0.0,0.0,0.0,0.0,0.0
25402,LA VEGA,CUNDINAMARCA,5.199999809265137,738.1973876953125,19326.0,8596.0,10730.0,35.0692138671875,0.0011,0.0006374487004103966,0.0,0.0,0.0,0.0,0.0,0.0,0.0,0.0
25407,LENGUAZAQUE,CUNDINAMARCA,4.800000190734863,615.7301025390625,10704.0,3792.0,6912.0,45.75619888305664,0.0007,0.0004813483915126626,0.0,0.0,0.0,0.0,0.0,0.0,0.0,0.0
25426,MACHETÁ,CUNDINAMARCA,4.699999809265137,793.0379638671875,6285.0,2198.0,4087.0,56.36604690551758,0.0009,0.0005245467224546722,0.0,0.0,0.0,0.0,0.0,0.0,0.0,0.0
25430,MADRID,CUNDINAMARCA,5.599999904632568,298.3733215332031,146635.0,139712.0,6923.0,15.924946784973145,0.001,0.00011850200624164065,0.0,0.0,0.0654,0.0007722419928825624,0.0,0.0,0.0,0.0
25436,MANTA,CUNDINAMARCA,4.099999904632568,828.6934814453125,3420.0,1185.0,2235.0,44.73877716064453,0.0007,0.0005331203931203932,0.0,0.0,0.0,0.0,0.0,0.0,0.0,0.0
25438,MEDINA,CUNDINAMARCA,4.800000190734863,719.1273193359375,8581.0,5254.0,3327.0,33.870967864990234,0.0101,0.0004756843370276405,0.0,0.0,0.0,0.0,0.0,0.0,0.0,0.0
25473,MOSQUERA,CUNDINAMARCA,5.599999904632568,331.6695251464844,185735.0,182389.0,3346.0,10.666922569274902,0.0009,0.00016329813976872798,0.0,0.0,0.0,0.0,0.0,0.0,0.0,0.0
25483,NARIÑO,CUNDINAMARCA,5.900000095367432,652.6303100585938,2492.0,1846.0,646.0,40.69767379760742,0.0015,0.0006704130643611911,0.0,0.0,0.0136,0.0004405405405405405,0.0,0.0,0.0,0.0
25486,NEMOCÓN,CUNDINAMARCA,5.199999809265137,510.7887878417969,15058.0,8253.0,6805.0,37.37648391723633,0.0007,0.0003081533477321814,0.0,0.0,0.0,0.0,0.0,0.0,0.0,0.0
25488,NILO,CUNDINAMARCA,5.699999809265137,611.0171508789062,11069.0,3742.0,7327.0,45.08283233642578,0.0021,0.0005530583214793741,0.0,0.0,0.0683,0.0007754770992366412,0.0,0.0,0.0,0.0
25489,NIMAIMA,CUNDINAMARCA,5.099999904632568,765.2152709960938,3669.0,1034.0,2635.0,50.30211639404297,0.0017,0.0006837354781054512,0.0,0.0,0.0,0.0,0.0,0.0,0.0,0.0
25491,NOCAIMA,CUNDINAMARCA,5.199999809265137,712.2691040039062,5499.0,2119.0,3380.0,47.3945426940918,0.0012,0.0006414086687306502,0.0,0.0,0.0,0.0,0.0,0.0,0.0,0.0
25506,VENECIA,CUNDINAMARCA,5.199999809265137,763.8147583007812,4565.0,1602.0,2963.0,35.23997497558594,0.0015,0.0005857142857142858,0.0,0.0,0.0,0.0,0.0,0.0,0.0,0.0
25513,PACHO,CUNDINAMARCA,4.800000190734863,765.7952270507812,25012.0,14881.0,10131.0,37.0934944152832,0.0015,0.0006125214861827316,0.0,0.0,0.0,0.0,0.0,0.0,0.0,0.0
25518,PAIME,CUNDINAMARCA,4.800000190734863,754.1519775390625,3718.0,719.0,2999.0,45.63380432128906,0.0021,0.0006322007958371593,0.0,0.0,0.0,0.0,0.0,0.0,0.0,0.0
25524,PANDI,CUNDINAMARCA,5.099999904632568,768.364013671875,4883.0,1402.0,3481.0,44.553314208984375,0.0019,0.0006193164933135215,0.0,0.0,0.0,0.0,0.0,0.0,0.0,0.0
25530,PARATEBUENO,CUNDINAMARCA,4.800000190734863,507.9359130859375,8909.0,4402.0,4507.0,50.341426849365234,0.0007,0.00022249829040346482,0.0,0.0,0.0,0.0,0.0,0.0,0.0,0.0
25535,PASCA,CUNDINAMARCA,5.0,765.55859375,9417.0,3532.0,5885.0,41.39372634887695,0.0012,0.0006049559255631732,0.0,0.0,0.0,0.0,0.0,0.0,0.0,0.0
25572,PUERTO SALGAR,CUNDINAMARCA,6.0,393.1512451171875,15796.0,12046.0,3750.0,23.18053817749023,0.001,0.000253381517811048,0.0,0.0,0.3975,0.08063370324702014,110.14764773167362,0.21249486230990547,0.0,3357.0
25580,PULÍ,CUNDINAMARCA,5.599999904632568,731.3798828125,3731.0,1043.0,2688.0,67.78455352783203,0.001,0.000611236863379143,0.0,0.0,0.0017,1.2242686890574216e-05,0.0,0.0,0.0,0.0
25592,QUEBRADANEGRA,CUNDINAMARCA,5.099999904632568,785.1234741210938,4957.0,838.0,4119.0,58.81642532348633,0.0018,0.0006737192282102461,0.0,0.0,0.0,0.0,0.0,0.0,0.0,0.0
25594,QUETAME,CUNDINAMARCA,4.400000095367432,866.2671508789062,5191.0,1824.0,3367.0,70.71256256103516,0.001,0.0005873021999228097,0.0,0.0,0.0,0.0,0.0,0.0,0.0,0.0
25596,QUIPILE,CUNDINAMARCA,5.400000095367432,745.555419921875,5561.0,987.0,4574.0,61.753807067871094,0.0016,0.0006807419758232596,0.0,0.0,0.0004,1.3289036544850498e-06,0.0,0.0,0.0,0.0
25599,APULO,CUNDINAMARCA,5.599999904632568,643.558349609375,8689.0,4215.0,4474.0,40.19505310058594,0.0024,0.0006901218450826806,0.0,0.0,0.0077,7.922535211267605e-05,0.0,0.0,0.0,0.0
25612,RICAURTE,CUNDINAMARCA,6.099999904632568,413.11627197265625,15834.0,9623.0,6211.0,28.200172424316406,0.0014,0.0003136156081361561,0.0,0.0,0.1916,0.02067213930348259,0.0,0.0,0.0,0.0
25645,SAN ANTONIO DEL TEQUENDAMA,CUNDINAMARCA,4.800000190734863,848.8900146484375,12209.0,1878.0,10331.0,45.2801628112793,0.0026,0.000636867469879518,0.0,0.0,0.0,0.0,0.0,0.0,0.0,0.0
25649,SAN BERNARDO,CUNDINAMARCA,5.099999904632568,736.4588623046875,8732.0,4182.0,4550.0,33.046085357666016,0.0009,0.0005712127751402676,0.0,0.0,0.0,0.0,0.0,0.0,0.0,0.0
25653,SAN CAYETANO,CUNDINAMARCA,4.599999904632568,794.435302734375,4790.0,1023.0,3767.0,55.63093566894531,0.0016,0.000597450581932385,0.0,0.0,0.0,0.0,0.0,0.0,0.0,0.0
25658,SAN FRANCISCO,CUNDINAMARCA,4.800000190734863,787.6371459960938,13130.0,6280.0,6850.0,29.071754455566406,0.0012,0.0006188535602328706,0.0,0.0,0.0,0.0,0.0,0.0,0.0,0.0
25662,SAN JUAN DE RIOSECO,CUNDINAMARCA,6.099999904632568,728.626708984375,8443.0,3587.0,4856.0,55.2031364440918,0.0014,0.0005824287652645861,0.0,0.0,0.0948,0.001471215207060421,0.0,0.0,0.0,0.0
25718,SASAIMA,CUNDINAMARCA,5.099999904632568,713.0088500976562,11493.0,3635.0,7858.0,41.34093475341797,0.0018,0.000651935021500239,0.0,0.0,0.0,0.0,0.0,0.0,0.0,0.0
25736,SESQUILÉ,CUNDINAMARCA,5.199999809265137,600.860595703125,13074.0,4986.0,8088.0,42.83638381958008,0.0007,0.00044207340143776006,0.0,0.0,0.0,0.0,0.0,0.0,0.0,0.0
25740,SIBATÉ,CUNDINAMARCA,5.199999809265137,619.4749755859375,40496.0,27027.0,13469.0,24.882152557373047,0.001,0.0005246849196001739,0.0,0.0,0.0,0.0,0.0,0.0,0.0,0.0
25743,SILVANIA,CUNDINAMARCA,5.0,748.0200805664062,22561.0,8797.0,13764.0,40.15875244140625,0.0016,0.0006006559527714005,0.0,0.0,0.0,0.0,0.0,0.0,0.0,0.0
25745,SIMIJACA,CUNDINAMARCA,5.400000095367432,512.9452514648438,14680.0,9597.0,5083.0,24.57843589782715,0.001,0.000348323254535459,0.0,0.0,0.0,0.0,0.0,0.0,0.0,0.0
25754,SOACHA,CUNDINAMARCA,5.5,547.73193359375,895878.0,888398.0,7480.0,17.772232055664062,0.0013,0.00044491766042021577,0.0,0.0,0.0,0.0,0.0,0.0,0.0,0.0
25758,SOPÓ,CUNDINAMARCA,5.0,573.5855712890625,34015.0,22576.0,11439.0,16.76027488708496,0.0008,0.0003280230326295585,0.0,0.0,0.0,0.0,0.0,0.0,0.0,0.0
25769,SUBACHOQUE,CUNDINAMARCA,5.0,644.4217529296875,18259.0,10193.0,8066.0,25.480470657348633,0.0008,0.0005233044365119837,0.0,0.0,0.0,0.0,0.0,0.0,0.0,0.0
25772,SUESCA,CUNDINAMARCA,5.199999809265137,567.1888427734375,19762.0,10339.0,9423.0,29.41586685180664,0.0008,0.000480110497237569,0.0,0.0,0.0,0.0,0.0,0.0,0.0,0.0
25777,SUPATÁ,CUNDINAMARCA,4.800000190734863,777.1554565429688,5592.0,2152.0,3440.0,31.366119384765625,0.0017,0.0006185761047463174,0.0,0.0,0.0,0.0,0.0,0.0,0.0,0.0
25779,SUSA,CUNDINAMARCA,5.300000190734863,622.450927734375,6601.0,2778.0,3823.0,34.72931671142578,0.0007,0.00043735368956743,0.0,0.0,0.0,0.0,0.0,0.0,0.0,0.0
25781,SUTATAUSA,CUNDINAMARCA,4.900000095367432,650.1890869140625,7004.0,2821.0,4183.0,30.64320373535156,0.0007,0.0005376847290640393,0.0,0.0,0.0,0.0,0.0,0.0,0.0,0.0
25785,TABIO,CUNDINAMARCA,4.699999809265137,624.019775390625,23125.0,8558.0,14567.0,33.016700744628906,0.0007,0.00044272533711852373,0.0,0.0,0.0,0.0,0.0,0.0,0.0,0.0
25793,TAUSA,CUNDINAMARCA,5.0,638.4147338867188,8658.0,2225.0,6433.0,38.97732925415039,0.0007,0.0005305460300712212,0.0,0.0,0.0,0.0,0.0,0.0,0.0,0.0
25797,TENA,CUNDINAMARCA,5.099999904632568,785.6692504882812,11534.0,1623.0,9911.0,34.16775131225586,0.0015,0.0006262773722627736,0.0,0.0,0.0,0.0,0.0,0.0,0.0,0.0
25799,TENJO,CUNDINAMARCA,5.5,412.1899108886719,25385.0,12387.0,12998.0,22.963895797729492,0.001,0.00015312934631432547,0.0,0.0,0.0,0.0,0.0,0.0,0.0,0.0
25805,TIBACUY,CUNDINAMARCA,5.199999809265137,805.4117431640625,4222.0,815.0,3407.0,46.294185638427734,0.0016,0.000639937106918239,0.0,0.0,0.0,0.0,0.0,0.0,0.0,0.0
25807,TIBIRITA,CUNDINAMARCA,4.599999904632568,804.4776000976562,3384.0,792.0,2592.0,58.09334564208984,0.0007,0.0005130639097744361,0.0,0.0,0.0,0.0,0.0,0.0,0.0,0.0
25815,TOCAIMA,CUNDINAMARCA,6.0,572.044921875,16083.0,10691.0,5392.0,39.59677505493164,0.0031,0.000516243213897937,0.0,0.0,0.0864,0.003290086206896552,0.0,0.0,0.0,0.0
25817,TOCANCIPÁ,CUNDINAMARCA,5.099999904632568,482.8319091796875,50587.0,23617.0,26970.0,50.68651580810547,0.0008,0.00024213197969543145,0.0,0.0,0.0,0.0,0.0,0.0,0.0,0.0
25823,TOPAIPÍ,CUNDINAMARCA,5.300000190734863,591.3903198242188,3935.0,980.0,2955.0,55.22184371948242,0.0018,0.0006624029574861367,0.0,0.0,0.0,0.0,0.0,0.0,0.0,0.0
25839,UBALÁ,CUNDINAMARCA,4.400000095367432,773.0148315429688,7908.0,2083.0,5825.0,77.718505859375,0.0019,0.000529969481180061,0.0,0.0,0.0,0.0,0.0,0.0,0.0,0.0
25841,UBAQUE,CUNDINAMARCA,4.400000095367432,790.3720092773438,6923.0,1684.0,5239.0,50.08749008178711,0.0009,0.0005756689791873141,0.0,0.0,0.0,0.0,0.0,0.0,0.0,0.0
25843,VILLA DE SAN DIEGO DE UBATÉ,CUNDINAMARCA,5.199999809265137,537.3085327148438,48587.0,38660.0,9927.0,22.105262756347656,0.0008,0.00035420560747663547,0.0,0.0,0.0,0.0,0.0,0.0,0.0,0.0
25845,UNE,CUNDINAMARCA,4.800000190734863,735.9352416992188,6630.0,3954.0,2676.0,41.015625,0.0015,0.0005778653113087674,0.0,0.0,0.0,0.0,0.0,0.0,0.0,0.0
25851,ÚTICA,CUNDINAMARCA,5.400000095367432,644.2084350585938,4344.0,2706.0,1638.0,48.36165237426758,0.0022,0.0007193883439122906,0.0,0.0,0.0,0.0,0.0,0.0,0.0,0.0
25862,VERGARA,CUNDINAMARCA,5.099999904632568,723.5859375,6648.0,1674.0,4974.0,66.27348327636719,0.0013,0.0006490246595509752,0.0,0.0,0.0,0.0,0.0,0.0,0.0,0.0
25867,VIANÍ,CUNDINAMARCA,5.199999809265137,756.0476684570312,4676.0,1916.0,2760.0,44.72602844238281,0.0013,0.0006903739061256962,0.0,0.0,0.0,0.0,0.0,0.0,0.0,0.0
25871,VILLAGÓMEZ,CUNDINAMARCA,4.900000095367432,715.5808715820312,1605.0,680.0,925.0,45.85987091064453,0.0011,0.0006220168067226891,0.0,0.0,0.0,0.0,0.0,0.0,0.0,0.0
25873,VILLAPINZÓN,CUNDINAMARCA,4.599999904632568,616.3156127929688,18305.0,8220.0,10085.0,39.365352630615234,0.0007,0.0005039312617702448,0.0,0.0,0.0,0.0,0.0,0.0,0.0,0.0
25875,VILLETA,CUNDINAMARCA,5.300000190734863,711.1626586914062,29687.0,21584.0,8103.0,26.094831466674805,0.0021,0.0006489401968205904,0.0,0.0,0.004,1.2048192771084337e-05,0.0,0.0,0.0,0.0
25878,VIOTÁ,CUNDINAMARCA,5.400000095367432,742.0950927734375,13496.0,5292.0,8204.0,34.90245819091797,0.0027,0.0006437119406936721,0.0,0.0,0.0043,1.82010582010582e-05,0.0,0.0,0.0,0.0
25885,YACOPÍ,CUNDINAMARCA,5.699999809265137,674.736328125,10779.0,3433.0,7346.0,27.229339599609375,0.0024,0.0006135378459486495,0.0,0.0,0.2061,0.0008075881961393389,0.21305154300130294,0.00022187708009762592,0.0,2.0
25898,ZIPACÓN,CUNDINAMARCA,5.0,752.5726318359375,4649.0,1591.0,3058.0,39.67948532104492,0.0014,0.0006375494071146245,0.0,0.0,0.0,0.0,0.0,0.0,0.0,0.0
25899,ZIPAQUIRÁ,CUNDINAMARCA,5.0,615.3253784179688,169869.0,134116.0,35753.0,22.261510848999023,0.0008,0.00045664660831509844,0.0,0.0,0.0,0.0,0.0,0.0,0.0,0.0
27001,QUIBDÓ,CHOCÓ,7.800000190734863,464.4021606445313,143332.0,122692.0,20640.0,63.23115921020508,0.1184,0.0008789074124684946,0.1597886572509772,4.55497859160062e-05,0.4392,0.04907583004552352,358.35269532819154,0.10209408194233688,1.0,14633.0
27025,ALTO BAUDÓ,CHOCÓ,6.900000095367432,474.02093505859375,29358.0,3149.0,26209.0,2.9959895610809326,0.016,0.0010948203647337341,0.0,0.0,0.4157,0.016772720649458783,56.45865889534528,0.0275811823480433,0.0,810.0
27050,ATRATO,CHOCÓ,7.5,293.64764404296875,6532.0,2987.0,3545.0,61.899314880371094,0.0041,0.0003785181438867113,0.0,0.0,0.4174,0.09316659919028339,78.61601936748079,0.1867408906882591,0.0,1220.0
27073,BAGADÓ,CHOCÓ,7.0,673.5552368164062,12936.0,2513.0,10423.0,30.591054916381836,0.1285,0.002197255936675462,0.4793659717529316,0.0005936675461741425,0.2885,0.0035643781357274887,4.261030860026059,0.0052812252442566675,6.0,68.0
27075,BAHÍA SOLANO,CHOCÓ,6.099999904632568,591.0133666992188,10943.0,6573.0,4370.0,26.514240264892575,0.0081,0.000619418632356445,0.0,0.0,0.3853,0.012149714149595045,25.140082074153746,0.0281086231538828,0.0,308.0
27077,BAJO BAUDÓ,CHOCÓ,6.900000095367432,386.8679809570313,35053.0,7317.0,27736.0,19.827587127685547,0.0147,0.0008311285300118114,0.0,0.0,0.4292,0.05665552009818963,419.7115397125668,0.12089598036207426,0.0,4238.0
27099,BOJAYÁ,CHOCÓ,6.199999809265137,427.9884338378906,13290.0,1000.0,12290.0,10.12569808959961,0.017,0.0005450269073419651,0.0,0.0,0.4056,0.029438621296567907,224.34327478037198,0.06177764740393077,0.0,821.0
27135,EL CANTÓN DEL SAN PABLO,CHOCÓ,7.0,320.6253356933594,6585.0,2956.0,3629.0,59.48126983642578,0.004,0.0005378662554324969,0.0,0.0,0.3903,0.07073153456998313,43.03641168626319,0.1135469364811692,0.0,748.0
27150,CARMEN DEL DARIÉN,CHOCÓ,5.699999809265137,339.5155334472656,21673.0,2204.0,19469.0,4.305008411407471,0.0017,0.0002151493872364615,0.0,0.0,0.0943,1.0674157303370785e-05,0.0,0.0,0.0,0.0
27160,CÉRTEGUI,CHOCÓ,7.099999904632568,317.1054382324219,6063.0,3455.0,2608.0,39.306358337402344,0.0059,0.0009168303121852971,0.0,0.0,0.3916,0.08130351229302558,42.823360143261894,0.10085298544907174,0.0,611.0
27205,CONDOTO,CHOCÓ,7.0,465.525390625,12620.0,9710.0,2910.0,64.79312896728516,0.1731,0.0022474128105767037,0.2663144287516287,0.0005698655117392296,0.4023,0.043337670609645135,34.08824688020847,0.07279344858962693,2.0,919.0
27245,EL CARMEN DE ATRATO,CHOCÓ,6.699999809265137,731.6802978515625,8768.0,2543.0,6225.0,43.030033111572266,0.1371,0.0015684855091048988,0.6391546290039088,0.0007694280584765325,0.0921,0.00033480379584508845,0.0,0.0,5.0,0.0
27250,EL LITORAL DEL SAN JUAN,CHOCÓ,6.900000095367432,406.0204772949219,27635.0,1741.0,25894.0,8.002481460571289,0.0652,0.0006690398078065665,0.0,0.0,0.4424,0.078549894018508,672.1776181691108,0.16310810112185287,0.0,4507.0
27361,ISTMINA,CHOCÓ,7.0,312.5339660644531,36717.0,26467.0,10250.0,66.87265014648438,0.0106,0.0005703819395144114,0.0,0.0,0.4262,0.06151204997160703,177.25888377708404,0.09449176604202159,0.0,3469.0
27372,JURADÓ,CHOCÓ,5.199999809265137,512.1989135742188,8761.0,3021.0,5740.0,14.17244815826416,0.0009,0.0004797746119498192,0.0,0.0,0.0,0.0,0.0,0.0,0.0,0.0
27413,LLORÓ,CHOCÓ,7.099999904632568,484.8683166503906,10485.0,3428.0,7057.0,41.47982025146485,0.067,0.001493649289099526,0.0,0.0,0.3859,0.044509426333080616,60.71968975537134,0.07202426080363912,0.0,755.0
27425,MEDIO ATRATO,CHOCÓ,6.900000095367432,372.2623901367187,11341.0,794.0,10547.0,9.19377613067627,0.0073,0.00045257080738042067,0.0,0.0,0.4399,0.10107761316872428,424.18562211559413,0.2340975896531452,0.0,2655.0
27430,MEDIO BAUDÓ,CHOCÓ,6.900000095367432,338.6468200683594,17617.0,2307.0,15310.0,13.290938377380373,0.0226,0.0010742040816326532,0.0,0.0,0.4203,0.06457471604169908,184.92873932513095,0.13505523572428815,0.0,2379.0
27450,MEDIO SAN JUAN,CHOCÓ,7.0,299.28204345703125,11296.0,2632.0,8664.0,40.41339874267578,0.0059,0.00032664198325820995,0.0,0.0,0.4269,0.1241781310211946,177.68498686308666,0.2678227360308285,0.0,3025.0
27491,NÓVITA,CHOCÓ,7.0,486.6629333496094,10016.0,3721.0,6295.0,37.76041793823242,0.0486,0.0012457465424781258,0.0,0.0,0.4202,0.06268680524175327,132.30500820380914,0.140307275192047,0.0,1405.0
27495,NUQUÍ,CHOCÓ,6.300000190734863,532.592529296875,18970.0,1332.0,17638.0,36.5217399597168,0.0103,0.0008495452478399272,0.0,0.0,0.4042,0.013626529376135675,18.10938115511075,0.0257419745608722,0.0,488.0
27580,RÍO IRÓ,CHOCÓ,7.0,530.3368530273438,5848.0,1548.0,4300.0,39.230201721191406,0.1461,0.002427785983915969,0.5326288575032574,0.0016412276382734286,0.385,0.025777667984189723,13.635298752083388,0.04216073781291173,7.0,247.0
27600,RÍO QUITO,CHOCÓ,7.699999809265137,330.4596252441406,8477.0,2190.0,6287.0,31.615461349487305,0.0068,0.0006794326241134752,0.0,0.0,0.4299,0.0989782834453268,159.3625541649746,0.22846670739156993,0.0,1937.0
27615,RIOSUCIO,CHOCÓ,5.400000095367432,368.4631042480469,30386.0,14861.0,15525.0,10.769230842590332,0.0013,0.00025221484254073673,0.0,0.0,0.0,0.0,0.0,0.0,0.0,0.0
27660,SAN JOSÉ DEL PALMAR,CHOCÓ,6.900000095367432,791.0453491210938,5136.0,1163.0,3973.0,27.183191299438477,0.2164,0.003997465965763581,10.812365807316125,0.00684054454778272,0.0307,4.56029134070677e-05,0.0,0.0,27.0,0.0
27745,SIPÍ,CHOCÓ,7.0,622.0708618164062,3378.0,712.0,2666.0,40.65244674682617,0.0411,0.0015267171956418757,0.0,0.0,0.4306,0.032429662738724094,131.8789051178065,0.08384125694162264,0.0,283.0
27787,TADÓ,CHOCÓ,7.0,610.12109375,19486.0,11436.0,8050.0,61.4310302734375,0.1731,0.002744625576894447,1.438097915258795,0.002009825815096025,0.329,0.014609001490312966,9.800370978059934,0.013710879284649776,16.0,267.0
27800,UNGUÍA,CHOCÓ,5.0,202.88438415527344,12481.0,3422.0,9059.0,30.309795379638672,0.0006,1.3780918727915193e-05,0.0,0.0,0.0,0.0,0.0,0.0,0.0,0.0
27810,UNIÓN PANAMERICANA,CHOCÓ,7.0,284.37872314453125,7322.0,3033.0,4289.0,69.52191162109375,0.0036,0.00037039139527935463,0.0,0.0,0.3803,0.06647358943577432,7.2437524620443,0.04081632653061224,0.0,299.0
41001,NEIVA,HUILA,5.699999809265137,644.3615112304688,408218.0,382081.0,26137.0,16.615304946899414,0.0038,0.0005667955290360535,0.0,0.0,0.0785,9.686868686868685e-05,0.0,0.0,0.0,0.0
41006,ACEVEDO,HUILA,4.300000190734863,669.6006469726562,26282.0,4824.0,21458.0,66.88213348388672,0.0006,0.0005330250481695568,0.0,0.0,0.0,0.0,0.0,0.0,0.0,0.0
41013,AGRADO,HUILA,5.0,545.904052734375,9401.0,6077.0,3324.0,47.65655899047851,0.0008,0.00045375463233859957,0.0,0.0,0.0,0.0,0.0,0.0,0.0,0.0
41016,AIPE,HUILA,5.900000095367432,574.5233154296875,17510.0,11500.0,6010.0,39.539432525634766,0.0027,0.0005532269955096843,0.0,0.0,0.1525,0.0035488490364025695,0.0,0.0,0.0,0.0
41020,ALGECIRAS,HUILA,4.699999809265137,817.0773315429688,22750.0,11063.0,11687.0,46.29049301147461,0.0007,0.000530109670987039,0.0,0.0,0.0,0.0,0.0,0.0,0.0,0.0
41026,ALTAMIRA,HUILA,4.599999904632568,592.1470336914062,4825.0,2698.0,2127.0,35.349853515625,0.0006,0.00039997051886792457,0.0,0.0,0.0,0.0,0.0,0.0,0.0,0.0
41078,BARAYA,HUILA,5.5,697.116455078125,8137.0,3849.0,4288.0,47.008548736572266,0.0012,0.0005629845882273066,0.0,0.0,0.0,0.0,0.0,0.0,0.0,0.0
41132,CAMPOALEGRE,HUILA,5.5,588.21142578125,31970.0,24372.0,7598.0,36.7369384765625,0.0009,0.0003807035755478661,0.0,0.0,0.0,0.0,0.0,0.0,0.0,0.0
41206,COLOMBIA,HUILA,5.099999904632568,796.6426391601562,7761.0,2256.0,5505.0,59.454627990722656,0.0055,0.00058791652642208,0.0,0.0,0.0,0.0,0.0,0.0,0.0,0.0
41244,ELÍAS,HUILA,4.300000190734863,723.973388671875,4821.0,1628.0,3193.0,46.45161437988281,0.0008,0.0005374253483742535,0.0,0.0,0.0,0.0,0.0,0.0,0.0,0.0
41298,GARZÓN,HUILA,4.900000095367432,713.5408935546875,76970.0,41201.0,35769.0,35.24250030517578,0.0007,0.0004940165667959112,0.0,0.0,0.0,0.0,0.0,0.0,0.0,0.0
41306,GIGANTE,HUILA,5.0,698.8021850585938,23353.0,9334.0,14019.0,46.166622161865234,0.0007,0.0005103129973474801,0.0,0.0,0.0,0.0,0.0,0.0,0.0,0.0
41319,GUADALUPE,HUILA,4.5,726.3784790039062,18602.0,5587.0,13015.0,52.72459411621094,0.0007,0.0004880581072420423,0.0,0.0,0.0,0.0,0.0,0.0,0.0,0.0
41349,HOBO,HUILA,5.300000190734863,608.71728515625,8175.0,6302.0,1873.0,42.1444206237793,0.0008,0.0004650868007715624,0.0,0.0,0.0,0.0,0.0,0.0,0.0,0.0
41357,ÍQUIRA,HUILA,5.0,760.6527709960938,9857.0,2771.0,7086.0,57.609500885009766,0.0019,0.0005997604073075772,0.0,0.0,0.0,0.0,0.0,0.0,0.0,0.0
41359,ISNOS,HUILA,4.800000190734863,593.4386596679688,26820.0,6520.0,20300.0,37.28108978271485,0.0009,0.00047991909852643753,0.0,0.0,0.0,0.0,0.0,0.0,0.0,0.0
41378,LA ARGENTINA,HUILA,4.699999809265137,688.2462158203125,14169.0,5331.0,8838.0,43.891170501708984,0.0012,0.0005334783913565426,0.0,0.0,0.0,0.0,0.0,0.0,0.0,0.0
41396,LA PLATA,HUILA,4.900000095367432,685.5167236328125,69514.0,29206.0,40308.0,44.83430862426758,0.001,0.000527910330361825,0.0,0.0,0.0,0.0,0.0,0.0,0.0,0.0
41483,NÁTAGA,HUILA,4.699999809265137,773.3269653320312,7143.0,2922.0,4221.0,53.16520690917969,0.0008,0.0005615384615384615,0.0,0.0,0.0,0.0,0.0,0.0,0.0,0.0
41503,OPORAPA,HUILA,4.5,701.3448486328125,12490.0,2452.0,10038.0,68.16846466064453,0.0007,0.0005353264604810997,0.0,0.0,0.0,0.0,0.0,0.0,0.0,0.0
41518,PAICOL,HUILA,4.900000095367432,661.3541870117188,7856.0,3306.0,4550.0,45.48192596435547,0.0008,0.0005291442824251727,0.0,0.0,0.0,0.0,0.0,0.0,0.0,0.0
41524,PALERMO,HUILA,5.599999904632568,580.7654418945312,26662.0,12650.0,14012.0,47.93085861206055,0.0023,0.0004954043118545805,0.0,0.0,0.0,0.0,0.0,0.0,0.0,0.0
41530,PALESTINA,HUILA,4.0,762.022216796875,12014.0,1809.0,10205.0,56.39651870727539,0.0006,0.0005285714285714287,0.0,0.0,0.0,0.0,0.0,0.0,0.0,0.0
41548,PITAL,HUILA,4.699999809265137,692.8656005859375,14869.0,5285.0,9584.0,50.730125427246094,0.0007,0.0005333609729132117,0.0,0.0,0.0,0.0,0.0,0.0,0.0,0.0
41551,PITALITO,HUILA,5.0,627.1033325195312,145949.0,85877.0,60072.0,32.497718811035156,0.0006,0.00041000443655723155,0.0,0.0,0.0,0.0,0.0,0.0,0.0,0.0
41615,RIVERA,HUILA,5.400000095367432,646.4282836914062,29544.0,14137.0,15407.0,44.830657958984375,0.001,0.0004332341691457714,0.0,0.0,0.0,0.0,0.0,0.0,0.0,0.0
41660,SALADOBLANCO,HUILA,4.800000190734863,664.611083984375,10813.0,1875.0,8938.0,54.44900894165039,0.0009,0.0005129080288626732,0.0,0.0,0.0,0.0,0.0,0.0,0.0,0.0
41668,SAN AGUSTÍN,HUILA,4.800000190734863,698.3140258789062,36348.0,12167.0,24181.0,38.688087463378906,0.001,0.0005186137366099559,0.0,0.0,0.0,0.0,0.0,0.0,0.0,0.0
41676,SANTA MARÍA,HUILA,5.099999904632568,778.533447265625,10798.0,2574.0,8224.0,66.31511688232422,0.0023,0.0006662836455218007,0.0,0.0,0.0,0.0,0.0,0.0,0.0,0.0
41770,SUAZA,HUILA,4.400000095367432,718.57666015625,26697.0,5300.0,21397.0,59.82084655761719,0.0006,0.0005032324006643671,0.0,0.0,0.0,0.0,0.0,0.0,0.0,0.0
41791,TARQUI,HUILA,4.699999809265137,665.2033081054688,19002.0,5952.0,13050.0,58.39167785644531,0.0008,0.0005141278727165587,0.0,0.0,0.0,0.0,0.0,0.0,0.0,0.0
41797,TESALIA,HUILA,5.199999809265137,604.396484375,12440.0,6171.0,6269.0,46.45140838623047,0.001,0.0004961931155192532,0.0,0.0,0.0,0.0,0.0,0.0,0.0,0.0
41799,TELLO,HUILA,5.599999904632568,607.3135375976562,12653.0,5621.0,7032.0,52.66904067993164,0.0009,0.0004945406929895245,0.0,0.0,0.0261,4.407392527119325e-05,0.0,0.0,0.0,0.0
41801,TERUEL,HUILA,5.400000095367432,738.0220947265625,8277.0,4408.0,3869.0,46.47108840942383,0.0032,0.0006248725790010193,0.0,0.0,0.0,0.0,0.0,0.0,0.0,0.0
41807,TIMANÁ,HUILA,4.400000095367432,727.3099975585938,23619.0,8361.0,15258.0,53.52745056152344,0.0007,0.0005080941446613089,0.0,0.0,0.0,0.0,0.0,0.0,0.0,0.0
41872,VILLAVIEJA,HUILA,5.900000095367432,427.1130676269531,7464.0,2459.0,5005.0,71.46892547607422,0.0013,0.00033444858712715857,0.0,0.0,0.1408,0.005463244514106583,0.0,0.0,0.0,0.0
41885,YAGUARÁ,HUILA,5.400000095367432,517.8296508789062,8074.0,6736.0,1338.0,23.549488067626953,0.0009,0.0004502402306213964,0.0,0.0,0.0,0.0,0.0,0.0,0.0,0.0
50001,VILLAVICENCIO,META,5.0,410.35931396484375,588645.0,541221.0,47424.0,20.02655601501465,0.0015,0.00013046058091286305,0.0,0.0,0.0,0.0,0.0,0.0,0.0,0.0
50006,ACACÍAS,META,5.0,573.2974243164062,105704.0,79834.0,25870.0,19.74573516845703,0.0023,0.0002844639468690702,0.0,0.0,0.0,0.0,0.0,0.0,0.0,0.0
50150,CASTILLA LA NUEVA,META,5.0,288.4381408691406,17986.0,7211.0,10775.0,39.4276237487793,0.0006,8.28500414250207e-07,0.0,0.0,0.0,0.0,0.0,0.0,0.0,0.0
50223,CUBARRAL,META,5.099999904632568,758.3308715820312,7467.0,4892.0,2575.0,22.695615768432617,0.0062,0.0005606579250057511,0.0,0.0,0.0,0.0,0.0,0.0,0.0,0.0
50226,CUMARAL,META,5.099999904632568,331.4803771972656,24830.0,16131.0,8699.0,31.01422882080078,0.0012,3.6493432324386066e-05,0.0,0.0,0.0,0.0,0.0,0.0,0.0,0.0
50245,EL CALVARIO,META,4.5,869.2723388671875,1924.0,686.0,1238.0,48.60335159301758,0.0023,0.0005848885381732095,0.0,0.0,0.0,0.0,0.0,0.0,0.0,0.0
50251,EL CASTILLO,META,4.900000095367432,646.7017822265625,8542.0,3204.0,5338.0,36.968955993652344,0.002,0.00037092564776567777,0.0,0.0,0.0,0.0,0.0,0.0,0.0,0.0
50270,EL DORADO,META,4.800000190734863,626.356201171875,4163.0,1481.0,2682.0,35.67073059082031,0.0007,0.0003031278331822303,0.0,0.0,0.0,0.0,0.0,0.0,0.0,0.0
50287,FUENTE DE ORO,META,4.900000095367432,288.4081726074219,12962.0,7352.0,5610.0,34.375816345214844,0.0006,2.590136372127779e-05,0.0,0.0,0.0,0.0,0.0,0.0,0.0,0.0
50313,GRANADA,META,5.0,330.4927978515625,74614.0,62410.0,12204.0,48.13377380371094,0.0006,6.770833333333334e-06,0.0,0.0,0.0,0.0,0.0,0.0,0.0,0.0
50318,GUAMAL,META,4.800000190734863,723.7413940429688,16747.0,11215.0,5532.0,21.655628204345703,0.0018,0.0004785714285714285,0.0,0.0,0.0,0.0,0.0,0.0,0.0,0.0
50330,MESETAS,META,5.099999904632568,645.4923095703125,11939.0,4805.0,7134.0,19.337017059326172,0.0049,0.00042254631362275455,0.0,0.0,0.0,0.0,0.0,0.0,0.0,0.0
50350,LA MACARENA,META,4.900000095367432,410.0496215820313,30255.0,4758.0,25497.0,13.650221824645996,0.0008,8.791851444955051e-05,0.0,0.0,0.0,0.0,0.0,0.0,0.0,0.0
50370,URIBE,META,5.199999809265137,650.7120971679688,9770.0,2085.0,7685.0,10.627647399902344,0.0053,0.0004239359286628411,0.0,0.0,0.0,0.0,0.0,0.0,0.0,0.0
50400,LEJANÍAS,META,4.699999809265137,792.39013671875,12281.0,5079.0,7202.0,29.337366104125977,0.0551,0.0006373716229476026,0.0,0.0,0.0,0.0,0.0,0.0,0.0,0.0
50573,PUERTO LÓPEZ,META,4.800000190734863,282.6469421386719,32474.0,19547.0,12927.0,36.65456771850586,0.0005,2.1643109540636042e-05,0.0,0.0,0.0,0.0,0.0,0.0,0.0,0.0
50577,PUERTO LLERAS,META,4.800000190734863,316.79913330078125,10715.0,3983.0,6732.0,38.03125,0.0007,2.8130756410631268e-05,0.0,0.0,0.0,0.0,0.0,0.0,0.0,0.0
50590,PUERTO RICO,META,4.599999904632568,336.62518310546875,13574.0,6654.0,6920.0,29.381568908691406,0.0006,3.381925961771111e-05,0.0,0.0,0.0,0.0,0.0,0.0,0.0,0.0
50606,RESTREPO,META,4.800000190734863,507.4525146484375,21850.0,14416.0,7434.0,19.703832626342773,0.0029,0.00021780120040989606,0.0,0.0,0.0,0.0,0.0,0.0,0.0,0.0
50680,SAN CARLOS DE GUAROA,META,4.900000095367432,276.2037048339844,14929.0,7504.0,7425.0,53.39454650878906,0.0006,3.183456907693354e-06,0.0,0.0,0.0,0.0,0.0,0.0,0.0,0.0
50683,SAN JUAN DE ARAMA,META,4.800000190734863,458.0035095214844,9514.0,4575.0,4939.0,33.821136474609375,0.0008,0.00015927686611509804,0.0,0.0,0.0,0.0,0.0,0.0,0.0,0.0
50686,SAN JUANITO,META,4.199999809265137,860.8076171875,1399.0,754.0,645.0,52.48618698120117,0.0047,0.000568914509462693,0.0,0.0,0.0,0.0,0.0,0.0,0.0,0.0
50689,SAN MARTÍN,META,5.0,333.1062316894531,28531.0,20504.0,8027.0,18.617088317871097,0.0006,4.287795077850327e-05,0.0,0.0,0.0,0.0,0.0,0.0,0.0,0.0
50711,VISTAHERMOSA,META,4.900000095367432,462.61468505859375,18538.0,7826.0,10712.0,29.453765869140625,0.0014,0.00012898718148090553,0.0,0.0,0.0,0.0,0.0,0.0,0.0,0.0
52079,BARBACOAS,NARIÑO,4.199999809265137,446.25,65144.0,14633.0,50511.0,31.4830265045166,0.0006,0.0004451562500000001,0.0,0.0,0.0,0.0,0.0,0.0,0.0,0.0
52233,CUMBITARA,NARIÑO,4.099999904632568,681.0921020507812,5944.0,1698.0,4246.0,42.9112548828125,0.0006,0.0002088249876053545,0.0,0.0,0.0,0.0,0.0,0.0,0.0,0.0
52250,EL CHARCO,NARIÑO,5.199999809265137,509.2968444824219,22503.0,7530.0,14973.0,13.12937068939209,0.0011,0.0002731111254656245,0.0,0.0,0.0,0.0,0.0,0.0,0.0,0.0
52256,EL ROSARIO,NARIÑO,4.099999904632568,783.0096435546875,13025.0,1943.0,11082.0,74.37769317626953,0.0006,0.00020674937965260546,0.0,0.0,0.0,0.0,0.0,0.0,0.0,0.0
52390,LA TOLA,NARIÑO,5.199999809265137,263.05975341796875,7963.0,3181.0,4782.0,35.15111541748047,0.0006,3.742418376564717e-07,0.0,0.0,0.0,0.0,0.0,0.0,0.0,0.0
52405,LEIVA,NARIÑO,4.599999904632568,797.1524047851562,9740.0,3075.0,6665.0,66.19468688964844,0.0009,0.00040784652609747674,0.0,0.0,0.0,0.0,0.0,0.0,0.0,0.0
52418,LOS ANDES,NARIÑO,4.300000190734863,557.5374755859375,9542.0,4519.0,5023.0,38.77352523803711,0.0007,0.00031732121922626027,0.0,0.0,0.0,0.0,0.0,0.0,0.0,0.0
52427,MAGÜÍ,NARIÑO,4.699999809265137,350.44287109375,28738.0,8765.0,19973.0,18.652036666870117,0.0008,0.00022480756332045096,0.0,0.0,0.0,0.0,0.0,0.0,0.0,0.0
52473,MOSQUERA,NARIÑO,5.099999904632568,295.6088562011719,12092.0,5740.0,6352.0,7.460545063018799,0.0008,5.462484281123376e-05,0.0,0.0,0.0,0.0,0.0,0.0,0.0,0.0
52490,OLAYA HERRERA,NARIÑO,5.099999904632568,252.3582305908203,27248.0,11983.0,15265.0,8.687737464904785,0.0009,1.2352941176470587e-05,0.0,0.0,0.0,0.0,0.0,0.0,0.0,0.0
52520,FRANCISCO PIZARRO,NARIÑO,4.699999809265137,368.4916076660156,16116.0,6364.0,9752.0,10.98317050933838,0.0007,0.00011237482117310443,0.0,0.0,0.0,0.0,0.0,0.0,0.0,0.0
52540,POLICARPA,NARIÑO,4.099999904632568,707.1921997070312,9870.0,2669.0,7201.0,56.32490158081055,0.0006,0.0001997804954531201,0.0,0.0,0.0,0.0,0.0,0.0,0.0,0.0
52621,ROBERTO PAYÁN,NARIÑO,4.800000190734863,266.7757263183594,12505.0,3440.0,9065.0,13.25141143798828,0.0009,0.00011815967389142971,0.0,0.0,0.0,0.0,0.0,0.0,0.0,0.0
52696,SANTA BÁRBARA,NARIÑO,5.199999809265137,396.6343994140625,14357.0,3964.0,10393.0,14.35897445678711,0.0008,0.0002537646646821923,0.0,0.0,0.0,0.0,0.0,0.0,0.0,0.0
52835,SAN ANDRÉS DE TUMACO,NARIÑO,4.699999809265137,322.92730712890625,277065.0,95897.0,181168.0,38.67047119140625,0.0008,6.632231404958677e-05,0.0,0.0,0.0,0.0,0.0,0.0,0.0,0.0
54003,ÁBREGO,NORTE DE SANTANDER,3.799999952316284,783.75830078125,36622.0,18939.0,17683.0,49.02424621582031,0.0,0.0,0.0,0.0,0.0,0.0,0.0,0.0,0.0,0.0
54128,CÁCHIRA,NORTE DE SANTANDER,4.099999904632568,766.7667846679688,12216.0,2121.0,10095.0,74.02648162841797,0.0005,1.8138944313440957e-07,0.0,0.0,0.0,0.0,0.0,0.0,0.0,0.0
54385,LA ESPERANZA,NORTE DE SANTANDER,4.400000095367432,504.8875122070313,12632.0,1961.0,10671.0,65.92735290527344,0.0005,8.708043065231158e-07,0.0,0.0,0.0,0.0,0.0,0.0,0.0,0.0
63001,ARMENIA,QUINDIO,7.599999904632568,383.9783325195313,307103.0,298815.0,8288.0,9.811139106750488,0.0093,0.0008904133685136323,0.0,0.0,0.3143,0.02659947460595447,3.408824688020847,0.028021015761821366,0.0,8605.0
63111,BUENAVISTA,QUINDIO,6.900000095367432,654.5804443359375,3165.0,1213.0,1952.0,31.942920684814453,0.0064,0.0015204419889502763,0.0,0.0,0.0077,0.0004801104972375691,0.0,0.0,0.0,0.0
63130,CALARCÁ,QUINDIO,7.5,654.3228149414062,74399.0,57323.0,17076.0,24.357587814331055,0.0505,0.0023478365965675613,0.0,0.0,0.1572,0.00493062015503876,0.0,0.0,0.0,0.0
63190,CIRCASIA,QUINDIO,7.5,463.5189208984375,28971.0,21536.0,7435.0,20.88460350036621,0.0097,0.0020623222748815165,0.0,0.0,0.0446,0.002868257756563245,0.0,0.0,0.0,0.0
63212,CÓRDOBA,QUINDIO,6.900000095367432,789.078369140625,5863.0,3470.0,2393.0,24.765869140625,0.0713,0.0026786978869217594,0.0,0.0,0.0068,1.5349887133182844e-05,0.0,0.0,0.0,0.0
63272,FILANDIA,QUINDIO,7.400000095367432,493.7814636230469,12345.0,6795.0,5550.0,14.947683334350586,0.0218,0.0025474499999999997,0.0,0.0,0.0066,0.000572289156626506,0.0,0.0,0.0,0.0
63302,GÉNOVA,QUINDIO,6.5,820.108154296875,7694.0,4318.0,3376.0,35.19207000732422,0.083,0.0022650506512301013,0.0,0.0,0.0,0.0,0.0,0.0,0.0,0.0
63401,LA TEBAIDA,QUINDIO,7.400000095367432,393.0321960449219,33758.0,30338.0,3420.0,16.572542190551758,0.006,0.0007821109123434704,0.0,0.0,0.2268,0.022125000000000002,0.6391546290039088,0.007211538461538462,0.0,243.0
63470,MONTENEGRO,QUINDIO,7.400000095367432,403.90130615234375,37483.0,30669.0,6814.0,18.503971099853516,0.0076,0.0008650339649624598,0.0,0.0,0.0741,0.006470354609929079,0.0,0.0,0.0,0.0
63548,PIJAO,QUINDIO,6.800000190734863,813.6895141601562,5347.0,3006.0,2341.0,36.16625213623047,0.0449,0.0022355903149775015,0.0,0.0,0.0167,8.936535162950257e-05,0.0,0.0,0.0,0.0
63594,QUIMBAYA,QUINDIO,7.599999904632568,417.4744262695313,31350.0,25378.0,5972.0,17.2448673248291,0.0146,0.0013055422647527911,0.0,0.0,0.0533,0.006709825673534072,0.0,0.0,0.0,0.0
63690,SALENTO,QUINDIO,7.199999809265137,747.88916015625,10372.0,4257.0,6115.0,27.77202033996582,0.0671,0.002839022521832388,0.0,0.0,0.0183,4.53931203931204e-05,0.0,0.0,0.0,0.0
66001,PEREIRA,RISARALDA,7.900000095367432,513.77587890625,487820.0,409683.0,78137.0,17.280351638793945,0.0425,0.002230668770269086,0.0,0.0,0.3721,0.012962456263121064,7.030700919042997,0.011546536039188244,0.0,5633.0
66045,APÍA,RISARALDA,6.900000095367432,775.2216796875,12698.0,5919.0,6779.0,35.900306701660156,0.0282,0.001767434443656981,0.0,0.0,0.0,0.0,0.0,0.0,0.0,0.0
66075,BALBOA,RISARALDA,7.599999904632568,612.9403076171875,6601.0,1738.0,4863.0,40.10056686401367,0.0084,0.001231487271103171,0.0,0.0,0.413,0.035560573476702516,9.800370978059934,0.08243727598566308,0.0,544.0
66088,BELÉN DE UMBRÍA,RISARALDA,7.099999904632568,709.2296752929688,25277.0,13413.0,11864.0,35.767791748046875,0.036,0.0027174271415955254,0.0,0.0,0.1432,0.0013577830188679246,0.0,0.0,0.0,0.0
66170,DOSQUEBRADAS,RISARALDA,7.900000095367432,631.1452026367188,246388.0,234946.0,11442.0,11.071704864501951,0.0087,0.0018268996960486322,0.0,0.0,0.2409,0.009374923547400613,0.6391546290039088,0.009174311926605505,0.0,2260.0
66318,GUÁTICA,RISARALDA,6.900000095367432,718.8019409179688,12461.0,4058.0,8403.0,54.048683166503906,0.0096,0.0019947145877378435,0.0,0.0,0.0025,2.241014799154334e-05,0.0,0.0,0.0,0.0
66383,LA CELIA,RISARALDA,7.0,730.0479125976562,7700.0,3145.0,4555.0,40.35832214355469,0.1523,0.002895046082949309,0.1597886572509772,0.0017281105990783411,0.0,0.0,0.0,0.0,8.0,0.0
66400,LA VIRGINIA,RISARALDA,7.599999904632568,457.6343994140625,28386.0,27764.0,622.0,13.46460247039795,0.0139,0.0022164781906300482,0.0,0.0,0.396,0.0400516339869281,3.195773145019544,0.09803921568627451,0.0,2783.0
66440,MARSELLA,RISARALDA,7.5,689.0489501953125,17320.0,9332.0,7988.0,33.42723083496094,0.0109,0.0020118317890235205,0.0,0.0,0.0412,0.00036033994334277623,0.0,0.0,0.0,0.0
66456,MISTRATÓ,RISARALDA,6.599999904632568,806.8658447265625,18515.0,4715.0,13800.0,30.417625427246097,0.178,0.003008905013192612,2.396829858764658,0.004240482472672447,0.0,0.0,0.0,0.0,59.0,0.0
66572,PUEBLO RICO,RISARALDA,6.800000190734863,788.5924682617188,18544.0,3657.0,14887.0,33.84763717651367,0.1551,0.0022609986973512806,0.1597886572509772,0.00026052974381241857,0.0221,1.1470281543274244e-05,0.0,0.0,4.0,0.0
66594,QUINCHÍA,RISARALDA,6.699999809265137,758.4513549804688,28053.0,8208.0,19845.0,46.893550872802734,0.0374,0.0022018581721653394,0.0,0.0,0.0007,3.0303030303030305e-06,0.0,0.0,0.0,0.0
66682,SANTA ROSA DE CABAL,RISARALDA,7.5,721.5147705078125,84054.0,70752.0,13302.0,18.274133682250977,0.0952,0.003195322153574581,0.0,0.0,0.044,0.00028373186985495885,0.0,0.0,0.0,0.0
66687,SANTUARIO,RISARALDA,7.5,728.2142333984375,12968.0,6836.0,6132.0,40.39345932006836,0.0575,0.0019898631667132085,0.0,0.0,0.347,0.009230555555555556,3.408824688020847,0.017777777777777778,0.0,231.0
68001,BUCARAMANGA,SANTANDER,4.300000190734863,567.4373168945312,618548.0,607951.0,10597.0,14.499425888061523,0.0006,4.757383966244726e-05,0.0,0.0,0.0,0.0,0.0,0.0,0.0,0.0
68013,AGUADA,SANTANDER,4.400000095367432,751.4591064453125,1912.0,410.0,1502.0,35.11187744140625,0.0009,0.0004984496124031008,0.0,0.0,0.0,0.0,0.0,0.0,0.0,0.0
68020,ALBANIA,SANTANDER,4.599999904632568,748.673095703125,4245.0,770.0,3475.0,33.98373794555664,0.0007,0.0005206598334401026,0.0,0.0,0.0,0.0,0.0,0.0,0.0,0.0
68077,BARBOSA,SANTANDER,4.400000095367432,574.2086181640625,34242.0,26273.0,7969.0,23.430747985839844,0.0006,0.0004906605922551254,0.0,0.0,0.0,0.0,0.0,0.0,0.0,0.0
68079,BARICHARA,SANTANDER,4.199999809265137,689.918212890625,13156.0,4345.0,8811.0,40.46966552734375,0.0005,2.8079008520526725e-05,0.0,0.0,0.0,0.0,0.0,0.0,0.0,0.0
68081,BARRANCABERMEJA,SANTANDER,5.099999904632568,267.2530212402344,230559.0,202927.0,27632.0,27.761545181274418,0.0006,6.415124505375915e-05,0.0,0.0,0.0,0.0,0.0,0.0,0.0,0.0
68092,BETULIA,SANTANDER,4.5,689.7393188476562,6886.0,1779.0,5107.0,49.12386703491211,0.0005,5.980331899200983e-05,0.0,0.0,0.0,0.0,0.0,0.0,0.0,0.0
68101,BOLÍVAR,SANTANDER,5.599999904632568,522.9226684570312,11573.0,2008.0,9565.0,33.41748046875,0.0012,0.0003771437595409801,0.0,0.0,0.0,0.0,0.0,0.0,0.0,0.0
68121,CABRERA,SANTANDER,4.0,717.3970336914062,2116.0,510.0,1606.0,46.10894775390625,0.0005,3.7530266343825665e-05,0.0,0.0,0.0,0.0,0.0,0.0,0.0,0.0
68167,CHARALÁ,SANTANDER,4.199999809265137,684.1395874023438,13922.0,8743.0,5179.0,27.91255760192871,0.0006,2.8899005226774575e-05,0.0,0.0,0.0,0.0,0.0,0.0,0.0,0.0
68176,CHIMA,SANTANDER,4.099999904632568,787.2437744140625,3319.0,1090.0,2229.0,45.13481903076172,0.0006,0.00012555282555282553,0.0,0.0,0.0,0.0,0.0,0.0,0.0,0.0
68179,CHIPATÁ,SANTANDER,4.5,708.7838745117188,5248.0,847.0,4401.0,41.26275634765625,0.0006,0.0005118701007838747,0.0,0.0,0.0,0.0,0.0,0.0,0.0,0.0
68190,CIMITARRA,SANTANDER,5.599999904632568,313.7279052734375,33807.0,16109.0,17698.0,28.985857009887695,0.0012,0.00018146983558848615,0.0,0.0,0.0,0.0,0.0,0.0,0.0,0.0
68209,CONFINES,SANTANDER,4.099999904632568,568.5112915039062,3712.0,958.0,2754.0,50.5760383605957,0.0006,0.00022182628062360804,0.0,0.0,0.0,0.0,0.0,0.0,0.0,0.0
68211,CONTRATACIÓN,SANTANDER,4.099999904632568,793.4624633789062,4247.0,3312.0,935.0,28.715953826904297,0.0007,0.0003506187161639597,0.0,0.0,0.0,0.0,0.0,0.0,0.0,0.0
68217,COROMORO,SANTANDER,3.799999952316284,658.2666625976562,5796.0,1086.0,4710.0,64.1025619506836,0.0,0.0,0.0,0.0,0.0,0.0,0.0,0.0,0.0,0.0
68235,EL CARMEN DE CHUCURÍ,SANTANDER,4.800000190734863,640.4544067382812,24855.0,4598.0,20257.0,30.765596389770508,0.0007,0.0002555415183185942,0.0,0.0,0.0,0.0,0.0,0.0,0.0,0.0
68245,EL GUACAMAYO,SANTANDER,4.300000190734863,749.4646606445312,2216.0,826.0,1390.0,54.86725616455078,0.0008,0.0004359312320916906,0.0,0.0,0.0,0.0,0.0,0.0,0.0,0.0
68250,EL PEÑÓN,SANTANDER,5.099999904632568,718.6493530273438,5321.0,918.0,4403.0,44.3708610534668,0.0022,0.0005179791777896423,0.0,0.0,0.0,0.0,0.0,0.0,0.0,0.0
68255,EL PLAYÓN,SANTANDER,3.900000095367432,732.102783203125,15294.0,8476.0,6818.0,45.64036178588867,0.0,0.0,0.0,0.0,0.0,0.0,0.0,0.0,0.0,0.0
68264,ENCINO,SANTANDER,4.0,745.1262817382812,2926.0,732.0,2194.0,46.49934005737305,0.0,0.0,0.0,0.0,0.0,0.0,0.0,0.0,0.0,0.0
68271,FLORIÁN,SANTANDER,4.699999809265137,728.381591796875,5699.0,1500.0,4199.0,30.211673736572266,0.0015,0.0005737808549066827,0.0,0.0,0.0,0.0,0.0,0.0,0.0,0.0
68276,FLORIDABLANCA,SANTANDER,4.199999809265137,477.8999938964844,315194.0,302462.0,12732.0,12.30751132965088,0.0005,3.125e-05,0.0,0.0,0.0,0.0,0.0,0.0,0.0,0.0
68296,GALÁN,SANTANDER,3.900000095367432,840.9507446289062,3065.0,988.0,2077.0,55.65610885620117,0.0005,2.637826431020839e-07,0.0,0.0,0.0,0.0,0.0,0.0,0.0,0.0
68298,GÁMBITA,SANTANDER,4.300000190734863,687.698486328125,4123.0,834.0,3289.0,57.58962631225586,0.0011,0.00019671386121307462,0.0,0.0,0.0,0.0,0.0,0.0,0.0,0.0
68307,GIRÓN,SANTANDER,4.5,644.734619140625,177523.0,157308.0,20215.0,25.507007598876953,0.0005,4.4797358834244075e-05,0.0,0.0,0.0,0.0,0.0,0.0,0.0,0.0
68320,GUADALUPE,SANTANDER,4.300000190734863,630.3952026367188,4625.0,1900.0,2725.0,53.03141021728515,0.0006,0.0004215843023255814,0.0,0.0,0.0,0.0,0.0,0.0,0.0,0.0
68322,GUAPOTÁ,SANTANDER,4.099999904632568,642.23095703125,2666.0,864.0,1802.0,34.414669036865234,0.0006,0.00027264150943396225,0.0,0.0,0.0,0.0,0.0,0.0,0.0,0.0
68324,GUAVATÁ,SANTANDER,4.599999904632568,497.2450256347656,4316.0,1230.0,3086.0,54.972373962402344,0.0016,0.0005302857142857143,0.0,0.0,0.0,0.0,0.0,0.0,0.0,0.0
68327,GÜEPSA,SANTANDER,4.300000190734863,587.7066650390625,5657.0,3579.0,2078.0,29.513063430786133,0.0006,0.0005012433392539965,0.0,0.0,0.0,0.0,0.0,0.0,0.0,0.0
68344,HATO,SANTANDER,3.900000095367432,830.2888793945312,2686.0,877.0,1809.0,46.66666793823242,0.0005,5.6461731493099126e-06,0.0,0.0,0.0,0.0,0.0,0.0,0.0,0.0
68368,JESÚS MARÍA,SANTANDER,4.699999809265137,566.4821166992188,3426.0,860.0,2566.0,40.75342559814453,0.001,0.0005447212336892052,0.0,0.0,0.0,0.0,0.0,0.0,0.0,0.0
68370,JORDÁN,SANTANDER,3.900000095367432,826.9099731445312,1559.0,193.0,1366.0,74.54545593261719,0.0,0.0,0.0,0.0,0.0,0.0,0.0,0.0,0.0,0.0
68377,LA BELLEZA,SANTANDER,5.0,728.0712890625,6342.0,2035.0,4307.0,30.371566772460938,0.0011,0.0005489378566899176,0.0,0.0,0.0,0.0,0.0,0.0,0.0,0.0
68385,LANDÁZURI,SANTANDER,5.099999904632568,697.22509765625,10632.0,3730.0,6902.0,42.96411895751953,0.0008,0.0004866690653953405,0.0,0.0,0.0,0.0,0.0,0.0,0.0,0.0
68397,LA PAZ,SANTANDER,4.400000095367432,673.28564453125,5077.0,966.0,4111.0,31.79310417175293,0.0008,0.0005046030562802832,0.0,0.0,0.0,0.0,0.0,0.0,0.0,0.0
68406,LEBRIJA,SANTANDER,4.400000095367432,581.4955444335938,52119.0,30497.0,21622.0,29.617143630981445,0.0005,5.427140518154677e-05,0.0,0.0,0.0,0.0,0.0,0.0,0.0,0.0
68418,LOS SANTOS,SANTANDER,4.099999904632568,690.315673828125,17263.0,2648.0,14615.0,69.71076965332031,0.0005,1.5564202334630352e-05,0.0,0.0,0.0,0.0,0.0,0.0,0.0,0.0
68498,OCAMONTE,SANTANDER,4.0,662.4243774414062,6631.0,1214.0,5417.0,39.33649444580078,0.0005,1.1261261261261261e-05,0.0,0.0,0.0,0.0,0.0,0.0,0.0,0.0
68500,OIBA,SANTANDER,4.5,580.4913330078125,11617.0,5592.0,6025.0,38.1497802734375,0.0006,0.00025117353539087046,0.0,0.0,0.0,0.0,0.0,0.0,0.0,0.0
68522,PALMAR,SANTANDER,3.900000095367432,782.8666381835938,1548.0,592.0,956.0,32.28915786743164,0.0005,1.7379679144385028e-05,0.0,0.0,0.0,0.0,0.0,0.0,0.0,0.0
68524,PALMAS DEL SOCORRO,SANTANDER,4.099999904632568,619.0966186523438,2814.0,974.0,1840.0,36.72456741333008,0.0006,0.00015917808219178083,0.0,0.0,0.0,0.0,0.0,0.0,0.0,0.0
68533,PÁRAMO,SANTANDER,4.0,709.5794677734375,5666.0,1785.0,3881.0,41.005496978759766,0.0006,3.216155572176514e-05,0.0,0.0,0.0,0.0,0.0,0.0,0.0,0.0
68549,PINCHOTE,SANTANDER,4.0,691.8722534179688,6171.0,1548.0,4623.0,40.498443603515625,0.0005,2.6641294005708852e-05,0.0,0.0,0.0,0.0,0.0,0.0,0.0,0.0
68572,PUENTE NACIONAL,SANTANDER,4.599999904632568,620.4925537109375,15349.0,6290.0,9059.0,35.03536605834961,0.0006,0.0005041411366997677,0.0,0.0,0.0,0.0,0.0,0.0,0.0,0.0
68573,PUERTO PARRA,SANTANDER,5.099999904632568,289.1685791015625,9155.0,3493.0,5662.0,37.68374252319336,0.0009,0.00011887265135699371,0.0,0.0,0.0,0.0,0.0,0.0,0.0,0.0
68575,PUERTO WILCHES,SANTANDER,4.800000190734863,242.2279815673828,36524.0,19221.0,17303.0,42.579227447509766,0.0006,2.1244436201780417e-05,0.0,0.0,0.0,0.0,0.0,0.0,0.0,0.0
68615,RIONEGRO,SANTANDER,4.5,454.6142883300781,26899.0,7502.0,19397.0,53.536102294921875,0.0005,7.136961693450503e-06,0.0,0.0,0.0,0.0,0.0,0.0,0.0,0.0
68655,SABANA DE TORRES,SANTANDER,4.699999809265137,273.32061767578125,38400.0,27134.0,11266.0,28.75283432006836,0.0006,8.348535409714497e-05,0.0,0.0,0.0,0.0,0.0,0.0,0.0,0.0
68673,SAN BENITO,SANTANDER,4.099999904632568,612.3049926757812,3031.0,408.0,2623.0,77.78958892822266,0.0006,0.000507899461400359,0.0,0.0,0.0,0.0,0.0,0.0,0.0,0.0
68679,SAN GIL,SANTANDER,4.099999904632568,697.8779296875,71064.0,62486.0,8578.0,15.21245574951172,0.0005,3.7912578055307755e-05,0.0,0.0,0.0,0.0,0.0,0.0,0.0,0.0
68689,SAN VICENTE DE CHUCURÍ,SANTANDER,4.800000190734863,547.7054443359375,35911.0,14657.0,21254.0,33.34294128417969,0.0006,0.0001115072009125909,0.0,0.0,0.0,0.0,0.0,0.0,0.0,0.0
68720,SANTA HELENA DEL OPÓN,SANTANDER,4.300000190734863,740.9222412109375,3477.0,954.0,2523.0,45.9165153503418,0.0007,0.0003924182076813656,0.0,0.0,0.0,0.0,0.0,0.0,0.0,0.0
68745,SIMACOTA,SANTANDER,5.0,498.7551574707031,11756.0,3061.0,8695.0,32.77108383178711,0.0006,0.00017440004694009272,0.0,0.0,0.0,0.0,0.0,0.0,0.0,0.0
68755,SOCORRO,SANTANDER,4.199999809265137,642.8306274414062,37153.0,31030.0,6123.0,16.242618560791016,0.0006,0.00016958333333333335,0.0,0.0,0.0,0.0,0.0,0.0,0.0,0.0
68770,SUAITA,SANTANDER,4.5,623.0297241210938,10287.0,2568.0,7719.0,60.17000579833984,0.0006,0.00036241560390097533,0.0,0.0,0.0,0.0,0.0,0.0,0.0,0.0
68773,SUCRE,SANTANDER,5.199999809265137,674.1370239257812,7374.0,835.0,6539.0,56.35635757446289,0.0012,0.0005167259424855199,0.0,0.0,0.0,0.0,0.0,0.0,0.0,0.0
68855,VALLE DE SAN JOSÉ,SANTANDER,4.0,614.7384643554688,7184.0,3104.0,4080.0,46.39463424682617,0.0005,3.147699757869249e-05,0.0,0.0,0.0,0.0,0.0,0.0,0.0,0.0
68861,VÉLEZ,SANTANDER,4.699999809265137,677.22998046875,27269.0,15502.0,11767.0,30.916030883789062,0.0007,0.0005071665875652588,0.0,0.0,0.0,0.0,0.0,0.0,0.0,0.0
68872,VILLANUEVA,SANTANDER,4.099999904632568,584.45361328125,9216.0,5762.0,3454.0,31.635513305664062,0.0006,0.00012363530778164924,0.0,0.0,0.0,0.0,0.0,0.0,0.0,0.0
68895,ZAPATOCA,SANTANDER,4.099999904632568,773.0410766601562,10301.0,7039.0,3262.0,33.40256118774414,0.0006,4.392727272727273e-06,0.0,0.0,0.0,0.0,0.0,0.0,0.0,0.0
73001,IBAGUÉ,TOLIMA,6.599999904632568,707.2962036132812,557317.0,516862.0,40455.0,15.269622802734377,0.0421,0.001055161739668782,0.0,0.0,0.1058,0.0009305055831265509,0.0,0.0,0.0,0.0
73024,ALPUJARRA,TOLIMA,5.400000095367432,727.1250610351562,4892.0,2309.0,2583.0,45.47787094116211,0.0018,0.0006296075720514728,0.0,0.0,0.0,0.0,0.0,0.0,0.0,0.0
73026,ALVARADO,TOLIMA,6.199999809265137,549.0127563476562,8842.0,3375.0,5467.0,49.7595100402832,0.0022,0.0005868885448916409,0.0,0.0,0.1127,0.005419368811881188,0.0,0.0,0.0,0.0
73030,AMBALEMA,TOLIMA,6.300000190734863,314.42041015625,6763.0,5358.0,1405.0,32.41690444946289,0.0017,0.0002560572194903889,0.0,0.0,0.249,0.03394847396768402,6.178494747037785,0.026032315978456014,0.0,176.0
73043,ANZOÁTEGUI,TOLIMA,6.400000095367432,777.42578125,10643.0,1623.0,9020.0,51.60590362548828,0.0128,0.0011774892265819913,0.0,0.0,0.0011,2.6757369614512477e-06,0.0,0.0,0.0,0.0
73055,ARMERO,TOLIMA,6.300000190734863,432.8764953613281,12795.0,8081.0,4714.0,28.48514175415039,0.0039,0.0005209597485797171,0.0,0.0,0.19,0.01574095513748191,0.0,0.0,0.0,0.0
73067,ATACO,TOLIMA,6.0,714.4854736328125,20589.0,5668.0,14921.0,71.41590118408203,0.0039,0.0007163432287842233,0.0,0.0,0.2017,0.0008009233997901366,0.21305154300130294,0.0002098635886673662,0.0,4.0
73124,CAJAMARCA,TOLIMA,6.699999809265137,793.1143798828125,18927.0,9878.0,9049.0,43.95743179321289,0.0229,0.0012187427851820757,0.0,0.0,0.0005,1.7617449664429532e-06,0.0,0.0,0.0,0.0
73148,CARMEN DE APICALÁ,TOLIMA,6.0,553.0579833984375,11091.0,8351.0,2740.0,22.590791702270508,0.0013,0.000444602510460251,0.0,0.0,0.1804,0.010593882091212458,0.0,0.0,0.0,0.0
73152,CASABIANCA,TOLIMA,6.400000095367432,803.3577880859375,6615.0,1784.0,4831.0,27.26801490783691,0.0335,0.0019756781469064313,0.0,0.0,0.0021,6.577344701583435e-06,0.0,0.0,0.0,0.0
73168,CHAPARRAL,TOLIMA,6.400000095367432,699.957275390625,53336.0,30467.0,22869.0,41.451053619384766,0.0681,0.0008958711871288636,0.0,0.0,0.1475,0.0008218362786918545,0.0,0.0,0.0,0.0
73200,COELLO,TOLIMA,6.099999904632568,573.7037353515625,8593.0,1623.0,6970.0,58.01671600341797,0.0048,0.0007837934243176178,0.0,0.0,0.0718,0.0012585758513931889,0.0,0.0,0.0,0.0
73217,COYAIMA,TOLIMA,6.199999809265137,381.7395629882813,23765.0,4300.0,19465.0,78.94330596923828,0.0021,0.0002699816864400031,0.0,0.0,0.3307,0.03076435391470401,28.122803676171987,0.042011457670273714,0.0,998.0
73226,CUNDAY,TOLIMA,5.699999809265137,667.76171875,9076.0,2608.0,6468.0,58.27015686035156,0.0015,0.0005925816959125775,0.0,0.0,0.0464,0.00045724485510289793,0.0,0.0,0.0,0.0
73236,DOLORES,TOLIMA,5.400000095367432,719.1463012695312,8635.0,3590.0,5045.0,47.65848922729492,0.0017,0.0006194742445336172,0.0,0.0,0.0,0.0,0.0,0.0,0.0,0.0
73268,ESPINAL,TOLIMA,6.099999904632568,273.2055358886719,71952.0,51793.0,20159.0,27.45669937133789,0.0023,5.217069560927478e-05,0.0,0.0,0.1148,0.017881360946745563,0.0,0.0,0.0,0.0
73270,FALAN,TOLIMA,6.199999809265137,623.8643188476562,7994.0,1958.0,6036.0,26.68161392211914,0.0022,0.0006673307940228538,0.0,0.0,0.1741,0.003061475409836066,0.0,0.0,0.0,0.0
73275,FLANDES,TOLIMA,6.199999809265137,259.4459228515625,29156.0,25209.0,3947.0,22.12543487548828,0.0012,7.339197361187466e-05,0.0,0.0,0.2347,0.05733252747252748,1.9174638870117264,0.01978021978021978,0.0,577.0
73283,FRESNO,TOLIMA,6.300000190734863,669.2340087890625,31883.0,16246.0,15637.0,27.56208038330078,0.0024,0.0007634424242424241,0.0,0.0,0.0075,6.14936954413191e-05,0.0,0.0,0.0,0.0
73319,GUAMO,TOLIMA,6.199999809265137,284.87371826171875,33934.0,17284.0,16650.0,42.82065200805664,0.0028,8.282370307886969e-05,0.0,0.0,0.2781,0.055055546183045125,16.831071897102934,0.03331927456769296,0.0,1131.0
73347,HERVEO,TOLIMA,6.800000190734863,783.5772705078125,7565.0,2348.0,5217.0,45.44614028930664,0.0377,0.0016741510056050115,0.0,0.0,0.0005,2.7759418374091207e-06,0.0,0.0,0.0,0.0
73349,HONDA,TOLIMA,6.0,512.0531005859375,24973.0,23683.0,1290.0,20.19916343688965,0.0036,0.0007742896984486666,0.0,0.0,0.0981,0.0024114206128133704,0.0,0.0,0.0,0.0
73352,ICONONZO,TOLIMA,5.699999809265137,755.2981567382812,12523.0,3867.0,8656.0,42.23064422607422,0.0022,0.0006220984904726552,0.0,0.0,0.0026,1.8892185954500494e-05,0.0,0.0,0.0,0.0
73408,LÉRIDA,TOLIMA,6.300000190734863,523.5298461914062,18411.0,13719.0,4692.0,28.25298118591309,0.0023,0.0004917386185243327,0.0,0.0,0.2041,0.00884701726844584,0.21305154300130294,0.0007849293563579278,0.0,14.0
73411,LÍBANO,TOLIMA,6.099999904632568,740.6276245117188,37626.0,24178.0,13448.0,21.9780216217041,0.0512,0.0011507159005275055,0.0,0.0,0.0045,2.8679245283018873e-05,0.0,0.0,0.0,0.0
73443,SAN SEBASTIÁN DE MARIQUITA,TOLIMA,6.199999809265137,507.2236328125,40644.0,29925.0,10719.0,22.294832229614254,0.0099,0.0006581864437579501,0.0,0.0,0.1753,0.005372760378732701,0.0,0.0,0.0,0.0
73449,MELGAR,TOLIMA,6.0,614.46044921875,39791.0,32393.0,7398.0,27.708677291870117,0.0018,0.0005211609498680738,0.0,0.0,0.1719,0.0039736564805057965,0.0,0.0,0.0,0.0
73461,MURILLO,TOLIMA,6.5,754.7173461914062,4222.0,1836.0,2386.0,29.43294334411621,0.0502,0.0016064889336016097,0.0,0.0,0.0024,1.8985434455047715e-05,0.0,0.0,0.0,0.0
73483,NATAGAIMA,TOLIMA,6.099999904632568,551.2314453125,15989.0,8981.0,7008.0,52.500518798828125,0.0025,0.0005054186580597107,0.0,0.0,0.3241,0.017732514880952385,14.4875049240886,0.016865079365079364,0.0,270.0
73504,ORTEGA,TOLIMA,6.199999809265137,574.7561645507812,36604.0,7756.0,28848.0,57.75350189208984,0.0046,0.0006076725198523654,0.0,0.0,0.2181,0.010580710773357175,0.8522061720052118,0.000894054537326777,0.0,33.0
73520,PALOCABILDO,TOLIMA,6.099999904632568,608.9769287109375,10212.0,3242.0,6970.0,27.54511451721191,0.0019,0.00073005733005733,0.0,0.0,0.0016,0.0001462295081967213,0.0,0.0,0.0,0.0
73547,PIEDRAS,TOLIMA,6.199999809265137,417.1810607910156,7565.0,2621.0,4944.0,42.13483047485352,0.0033,0.00046068311766476073,0.0,0.0,0.087,0.007027851140456183,0.0,0.0,0.0,0.0
73555,PLANADAS,TOLIMA,5.599999904632568,763.8629760742188,27457.0,7888.0,19569.0,43.07862854003906,0.0097,0.0006774348672997321,0.0,0.0,0.0012,5.355404089581305e-07,0.0,0.0,0.0,0.0
73563,PRADO,TOLIMA,6.099999904632568,586.6813354492188,8625.0,3875.0,4750.0,40.38461685180664,0.0018,0.0004781336696090794,0.0,0.0,0.3472,0.024101467611336032,21.305154300130294,0.05060728744939271,0.0,436.0
73585,PURIFICACIÓN,TOLIMA,6.199999809265137,449.8125,24149.0,13726.0,10423.0,39.544429779052734,0.0016,0.00029775951213045207,0.0,0.0,0.3431,0.05932560975609756,32.59688607919935,0.08112407211028633,0.0,1959.0
73616,RIOBLANCO,TOLIMA,6.099999904632568,795.1766967773438,24152.0,4520.0,19632.0,60.39167404174805,0.1277,0.0010934667466798863,0.1597886572509772,7.827380175855141e-05,0.002,4.175365344467641e-07,0.0,0.0,2.0,0.0
73622,RONCESVALLES,TOLIMA,6.599999904632568,711.5752563476562,5652.0,1959.0,3693.0,18.8255615234375,0.0226,0.0010638858321870702,0.0,0.0,0.0022,8.24600110314396e-06,0.0,0.0,0.0,0.0
73624,ROVIRA,TOLIMA,6.5,762.4622802734375,22391.0,10656.0,11735.0,48.758567810058594,0.0071,0.0009985666954768079,0.0,0.0,0.0094,6.965775093471383e-05,0.0,0.0,0.0,0.0
73671,SALDAÑA,TOLIMA,6.199999809265137,250.8783416748047,14826.0,8751.0,6075.0,51.413429260253906,0.0012,1.3344361731458506e-05,0.0,0.0,0.2907,0.07033355335533553,8.095958634049511,0.041804180418041806,0.0,620.0
73675,SAN ANTONIO,TOLIMA,6.0,807.993896484375,13351.0,4583.0,8768.0,52.402488708496094,0.0048,0.0010511138958507378,0.0,0.0,0.0106,1.253481894150418e-05,0.0,0.0,0.0,0.0
73678,SAN LUIS,TOLIMA,6.300000190734863,471.4024963378906,14054.0,4012.0,10042.0,62.81068420410156,0.0071,0.0005430082559339526,0.0,0.0,0.2251,0.00858160741885626,1.0652577150065148,0.002575991756826378,0.0,36.0
73686,SANTA ISABEL,TOLIMA,6.699999809265137,749.1978149414062,5976.0,2270.0,3706.0,29.603315353393555,0.024,0.0015257086614173228,0.0,0.0,0.0005,1.2658227848101265e-06,0.0,0.0,0.0,0.0
73770,SUÁREZ,TOLIMA,6.099999904632568,548.3978881835938,3926.0,1628.0,2298.0,37.70491790771485,0.0021,0.00042126050420168064,0.0,0.0,0.2278,0.013806292134831461,1.0652577150065148,0.0056179775280898875,0.0,22.0
73854,VALLE DE SAN JUAN,TOLIMA,6.199999809265137,634.4319458007812,5515.0,2212.0,3303.0,58.79452133178711,0.0037,0.0006990280777537797,0.0,0.0,0.082,0.0016523809523809525,0.0,0.0,0.0,0.0
73861,VENADILLO,TOLIMA,6.199999809265137,501.886962890625,13092.0,8943.0,4149.0,32.56857681274414,0.002,0.00047978994271164865,0.0,0.0,0.2091,0.005887635436583811,0.21305154300130294,0.0006373486297004461,0.0,8.0
73870,VILLAHERMOSA,TOLIMA,6.300000190734863,808.0283203125,9603.0,3547.0,6056.0,29.850746154785156,0.0546,0.001380956919557758,0.0,0.0,0.0041,8.771929824561403e-06,0.0,0.0,0.0,0.0
73873,VILLARRICA,TOLIMA,5.699999809265137,737.6769409179688,5290.0,2049.0,3241.0,42.305686950683594,0.0019,0.0005948613174839029,0.0,0.0,0.0516,0.00032043650793650796,0.0,0.0,0.0,0.0
76001,CALI,VALLE DEL CAUCA,6.699999809265137,580.4318237304688,2269983.0,2217353.0,52630.0,12.133184432983398,0.0088,0.0005651860288534549,0.0,0.0,0.3025,0.027330859969558603,25.56618516015635,0.045662100456621,0.0,103652.0
76020,ALCALÁ,VALLE DEL CAUCA,7.699999809265137,451.7692260742187,14335.0,10752.0,3583.0,18.656892776489254,0.0148,0.0015273657289002556,0.0,0.0,0.0885,0.006914137931034483,0.0,0.0,0.0,0.0
76036,ANDALUCÍA,VALLE DEL CAUCA,6.900000095367432,408.28662109375,25109.0,20021.0,5088.0,19.632869720458984,0.0022,0.0004367198838896951,0.0,0.0,0.2798,0.03591926782273604,3.62187623102215,0.03275529865125241,0.0,822.0
76041,ANSERMANUEVO,VALLE DEL CAUCA,7.699999809265137,636.5770874023438,17825.0,11006.0,6819.0,40.27309799194336,0.0323,0.0017670855148342061,0.0,0.0,0.3808,0.022855843247025893,12.783092580078176,0.04198740377886634,0.0,748.0
76054,ARGELIA,VALLE DEL CAUCA,7.0,655.6888427734375,5538.0,3065.0,2473.0,41.33949279785156,0.0419,0.0021529688418577306,0.0,0.0,0.0,0.0,0.0,0.0,0.0,0.0
76100,BOLÍVAR,VALLE DEL CAUCA,7.099999904632568,755.9143676757812,15958.0,5013.0,10945.0,52.36824417114258,0.0859,0.00194100136288645,0.0,0.0,0.3138,0.002561492109038738,4.6871339460286645,0.006312769010043041,0.0,101.0
76109,BUENAVENTURA,VALLE DEL CAUCA,7.699999809265137,470.0626831054687,335217.0,262320.0,72897.0,28.883188247680664,0.0133,0.0005050154688243693,0.0,0.0,0.4367,0.05911936701115039,785.9471421318066,0.12540794125645907,0.0,42039.0
76111,GUADALAJARA DE BUGA,VALLE DEL CAUCA,6.800000190734863,686.2796630859375,132250.0,114352.0,17898.0,16.782825469970703,0.027,0.0010267450119455024,0.0,0.0,0.2504,0.009848710675605983,4.0479793170247556,0.004899432697266632,0.0,648.0
76113,BUGALAGRANDE,VALLE DEL CAUCA,7.0,465.5190734863281,25527.0,13894.0,11633.0,38.08734130859375,0.0055,0.0006743072370191015,0.0,0.0,0.3411,0.033831179321486264,24.927030531152443,0.0630048465266559,0.0,1608.0
76122,CAICEDONIA,VALLE DEL CAUCA,7.099999904632568,603.6964721679688,30248.0,25425.0,4823.0,20.62187957763672,0.0087,0.0013290404845393688,0.0,0.0,0.1283,0.00428048469387755,0.0,0.0,0.0,0.0
76126,CALIMA,VALLE DEL CAUCA,6.900000095367432,706.3878784179688,19402.0,12804.0,6598.0,20.61380195617676,0.1681,0.001300154777927322,0.2663144287516287,0.00033647375504710633,0.2822,0.005563020693361999,1.7044123440104235,0.002149959688255845,2.0,42.0
76130,CANDELARIA,VALLE DEL CAUCA,6.699999809265137,231.9129638671875,115933.0,29309.0,86624.0,69.04724884033203,0.0,0.0,0.0,0.0,0.3347,0.11621212996389892,36.431813853222806,0.12346570397111914,0.0,14314.0
76147,CARTAGO,VALLE DEL CAUCA,8.0,405.6048278808594,144206.0,139614.0,4592.0,10.594124794006348,0.0174,0.0009196555435952637,0.0,0.0,0.3949,0.09073245089666952,54.328143465332246,0.21776259607173357,0.0,31403.0
76233,DAGUA,VALLE DEL CAUCA,6.300000190734863,761.2608642578125,60038.0,13529.0,46509.0,42.50650405883789,0.0089,0.0009131922583653958,0.0,0.0,0.0054,2.5554259043173864e-05,0.0,0.0,0.0,0.0
76243,EL ÁGUILA,VALLE DEL CAUCA,7.0,814.3978271484375,9164.0,2732.0,6432.0,54.24757385253906,0.0467,0.0025191109852774635,0.0,0.0,0.0,0.0,0.0,0.0,0.0,0.0
76246,EL CAIRO,VALLE DEL CAUCA,6.800000190734863,793.2568359375,7010.0,3477.0,3533.0,41.90520858764648,0.1402,0.002668135424446104,0.21305154300130294,0.0009957679860592482,0.0,0.0,0.0,0.0,4.0,0.0
76248,EL CERRITO,VALLE DEL CAUCA,6.699999809265137,567.5990600585938,56397.0,37017.0,19380.0,36.97007369995117,0.0067,0.0005800313706563707,0.0,0.0,0.21,0.011189695210449928,0.21305154300130294,0.0004837929366231253,0.0,27.0
76250,EL DOVIO,VALLE DEL CAUCA,6.900000095367432,741.6787719726562,9312.0,6041.0,3271.0,26.22601318359375,0.0394,0.0020734909909909905,0.0,0.0,0.0033,1.4658273381294965e-05,0.0,0.0,0.0,0.0
76275,FLORIDA,VALLE DEL CAUCA,6.300000190734863,669.1435546875,57017.0,40906.0,16111.0,30.45788955688477,0.0115,0.0006376395534290272,0.0,0.0,0.151,0.013445018646776774,0.0,0.0,0.0,0.0
76306,GINEBRA,VALLE DEL CAUCA,6.599999904632568,713.3270263671875,24545.0,11874.0,12671.0,36.56307220458984,0.0095,0.000972931583134447,0.0,0.0,0.1168,0.005283720930232557,0.0,0.0,0.0,0.0
76318,GUACARÍ,VALLE DEL CAUCA,6.699999809265137,476.1689758300781,34739.0,22272.0,12467.0,38.848289489746094,0.0168,0.000384865397242285,0.0,0.0,0.2196,0.026456062581486313,1.9174638870117264,0.011734028683181226,0.0,408.0
76364,JAMUNDÍ,VALLE DEL CAUCA,6.400000095367432,560.4592895507812,196875.0,150381.0,46494.0,23.49498748779297,0.016,0.0005039683888511217,0.0,0.0,0.3819,0.05224023769100171,73.50278233544951,0.11714770797962648,0.0,23063.0
76377,LA CUMBRE,VALLE DEL CAUCA,6.400000095367432,624.4995727539062,18765.0,3928.0,14837.0,43.452632904052734,0.0073,0.000920766974015088,0.0,0.0,0.0033,7.104602510460252e-05,0.0,0.0,0.0,0.0
76400,LA UNIÓN,VALLE DEL CAUCA,7.300000190734863,530.3780517578125,34699.0,28254.0,6445.0,22.726398468017575,0.0158,0.0011604785112981834,0.0,0.0,0.3655,0.06657748226950355,23.435669730143324,0.1950354609929078,0.0,6768.0
76403,LA VICTORIA,VALLE DEL CAUCA,7.300000190734863,409.8849182128906,12765.0,9883.0,2882.0,30.455455780029297,0.0038,0.0007906048387096774,0.0,0.0,0.294,0.02032807723250201,6.817649376041694,0.02574416733708769,0.0,329.0
76497,OBANDO,VALLE DEL CAUCA,7.599999904632568,451.8805236816406,12558.0,9626.0,2932.0,33.79007339477539,0.018,0.0006729006688134753,0.0,0.0,0.3789,0.04187930693069307,20.87905121412769,0.09702970297029703,0.0,1218.0
76520,PALMIRA,VALLE DEL CAUCA,6.699999809265137,521.0703735351562,382703.0,296852.0,85851.0,24.469266891479492,0.0075,0.0004464834405401095,0.0,0.0,0.294,0.0374400551899809,37.71012311123062,0.03757164084058586,0.0,14379.0
76563,PRADERA,VALLE DEL CAUCA,6.400000095367432,641.4358520507812,50067.0,44163.0,5904.0,22.23756980895996,0.0187,0.0006043087971274686,0.0,0.0,0.1461,0.008345263788968825,0.0,0.0,0.0,0.0
76606,RESTREPO,VALLE DEL CAUCA,6.5,558.6427612304688,16021.0,11017.0,5004.0,20.980615615844727,0.0042,0.0009796511627906978,0.0,0.0,0.017,0.00035054095826893354,0.0,0.0,0.0,0.0
76616,RIOFRÍO,VALLE DEL CAUCA,6.900000095367432,678.40673828125,16207.0,8159.0,8048.0,45.27468490600586,0.0051,0.0010049757281553398,0.0,0.0,0.3146,0.01247627939142462,7.669855548046906,0.024896265560165973,0.0,403.0
76622,ROLDANILLO,VALLE DEL CAUCA,7.199999809265137,578.2433471679688,38639.0,30066.0,8573.0,25.11884307861328,0.0094,0.0012157584014532246,0.0,0.0,0.329,0.040944868301544056,30.040267563183715,0.12806539509536785,0.0,4948.0
76670,SAN PEDRO,VALLE DEL CAUCA,6.800000190734863,522.957275390625,17244.0,8466.0,8778.0,45.78362655639648,0.0072,0.001041073790002645,0.0,0.0,0.3222,0.029324261603375527,8.735113263053421,0.043248945147679324,0.0,746.0
76736,SEVILLA,VALLE DEL CAUCA,7.099999904632568,662.1011352539062,44172.0,34327.0,9845.0,22.64179801940918,0.1329,0.00155251812853879,0.1597886572509772,0.0002980033773716102,0.096,0.0005405007949125597,0.0,0.0,3.0,0.0
76823,TORO,VALLE DEL CAUCA,7.5,618.098876953125,14922.0,10513.0,4409.0,34.02927780151367,0.0163,0.0013732526475037823,0.0,0.0,0.3758,0.035883922046285016,15.339711096093811,0.0876979293544458,0.0,1309.0
76828,TRUJILLO,VALLE DEL CAUCA,6.900000095367432,732.1151733398438,20058.0,10051.0,10007.0,43.18393325805664,0.0057,0.0012576703068122726,0.0,0.0,0.2811,0.001148125,0.6391546290039088,0.0020833333333333333,0.0,42.0
76834,TULUÁ,VALLE DEL CAUCA,6.900000095367432,699.46630859375,225868.0,187083.0,38785.0,17.630916595458984,0.0181,0.001085270135507714,0.0,0.0,0.3239,0.01111763738844528,14.061401838085994,0.015500234852043212,0.0,3501.0
76845,ULLOA,VALLE DEL CAUCA,7.800000190734863,415.0499572753906,5601.0,2697.0,2904.0,26.084300994873047,0.0164,0.002141273885350318,0.0,0.0,0.2386,0.027080710659898474,0.4261030860026059,0.01015228426395939,0.0,57.0
76863,VERSALLES,VALLE DEL CAUCA,6.900000095367432,723.6678466796875,7441.0,4471.0,2970.0,36.41644287109375,0.0265,0.0021197175592859046,0.0,0.0,0.0009,9.646302250803859e-07,0.0,0.0,0.0,0.0
76869,VIJES,VALLE DEL CAUCA,6.599999904632568,638.9886474609375,14126.0,9264.0,4862.0,26.67044258117676,0.002,0.0008687973484848485,0.0,0.0,0.061,0.0006402277039848198,0.0,0.0,0.0,0.0
76890,YOTOCO,VALLE DEL CAUCA,6.800000190734863,622.1775512695312,16843.0,9223.0,7620.0,37.6275749206543,0.0029,0.0008426028739386022,0.0,0.0,0.3356,0.011001245085190039,5.75239166103518,0.017693315858453473,0.0,298.0
76892,YUMBO,VALLE DEL CAUCA,6.699999809265137,645.8758544921875,115667.0,98767.0,16900.0,19.36482810974121,0.0026,0.0007018535681186283,0.0,0.0,0.2841,0.00796577243293247,1.7044123440104235,0.0074005550416281225,0.0,856.0
76895,ZARZAL,VALLE DEL CAUCA,7.199999809265137,349.07525634765625,43993.0,34159.0,9834.0,28.400362014770508,0.004,0.00047950166594234393,0.0,0.0,0.3447,0.05862582704585026,45.16692711627622,0.12304120719674985,0.0,5413.0
95001,SAN JOSÉ DEL GUAVIARE,GUAVIARE,4.400000095367432,351.73028564453125,54519.0,37259.0,17260.0,36.77151107788086,0.0007,9.583942576099962e-06,0.0,0.0,0.0,0.0,0.0,0.0,0.0,0.0
95015,CALAMAR,GUAVIARE,4.300000190734863,324.8737487792969,9914.0,4449.0,5465.0,9.588042259216309,0.0006,3.444251515755317e-07,0.0,0.0,0.0,0.0,0.0,0.0,0.0,0.0
